"completion_timestamp","previous_assignee","due_date","description","title","responsible_role","overridden_by","acknowledged_timestamp","event_id","override_flag","assigned_user","override_timestamp","category","progress_notes","status","order","id","created_date","updated_date","created_by_id","created_by","is_sample"
"","","","","Has Operation Support confirmed when they are planning on meeting the location and time they are meeting (This can be done preferably by SMS or Email)","Admin","","","6a71f9c3e83e07ce06efc05e","false","","","Checklist","","Not Acknowledged","16","6a71f9c5fb810ea1b30263e9","2026-08-04T14:40:05.187000","2026-08-04T14:40:05.187000","service_bdf5b7dc-5664-42ca-ab1f-67b3db250555","service+bdf5b7dc-5664-42ca-ab1f-67b3db250555@no-reply.base44.com","false"
"","","","","Did we schedule an Internal BEO discussion with the instructor and Event Team Lead?","Admin","","","6a71f9c3e83e07ce06efc05e","false","","","Checklist","","Not Acknowledged","15","6a71f9c557807cf29ff8edd9","2026-08-04T14:40:05.120000","2026-08-04T14:40:05.120000","service_bdf5b7dc-5664-42ca-ab1f-67b3db250555","service+bdf5b7dc-5664-42ca-ab1f-67b3db250555@no-reply.base44.com","false"
"","","","","CC form","Admin","","","6a71f9c3e83e07ce06efc05e","false","","","Checklist","","Not Acknowledged","14","6a71f9c5055b63b46aaa3afa","2026-08-04T14:40:05.033000","2026-08-04T14:40:05.033000","service_bdf5b7dc-5664-42ca-ab1f-67b3db250555","service+bdf5b7dc-5664-42ca-ab1f-67b3db250555@no-reply.base44.com","false"
"","","","","Remaining Balance and Headcount DUE","Admin","","","6a71f9c3e83e07ce06efc05e","false","","","Checklist","","Not Acknowledged","13","6a71f9c4cf45c237bf7faba7","2026-08-04T14:40:04.968000","2026-08-04T14:40:04.968000","service_bdf5b7dc-5664-42ca-ab1f-67b3db250555","service+bdf5b7dc-5664-42ca-ab1f-67b3db250555@no-reply.base44.com","false"
"","","","","Remaining Balance Invoice Number","Admin","","","6a71f9c3e83e07ce06efc05e","false","","","Checklist","","Not Acknowledged","12","6a71f9c4677faaf56f9f45e6","2026-08-04T14:40:04.876000","2026-08-04T14:40:04.876000","service_bdf5b7dc-5664-42ca-ab1f-67b3db250555","service+bdf5b7dc-5664-42ca-ab1f-67b3db250555@no-reply.base44.com","false"
"","","","","Did we send an event flow reminder email?","Admin","","","6a71f9c3e83e07ce06efc05e","false","","","Checklist","","Not Acknowledged","11","6a71f9c4cfef7a922d22d6a7","2026-08-04T14:40:04.673000","2026-08-04T14:40:04.673000","service_bdf5b7dc-5664-42ca-ab1f-67b3db250555","service+bdf5b7dc-5664-42ca-ab1f-67b3db250555@no-reply.base44.com","false"
"","","","","Final HC","Admin","","","6a71f9c3e83e07ce06efc05e","false","","","Checklist","","Not Acknowledged","10","6a71f9c4fc48b104dc8b1fcb","2026-08-04T14:40:04.609000","2026-08-04T14:40:04.609000","service_bdf5b7dc-5664-42ca-ab1f-67b3db250555","service+bdf5b7dc-5664-42ca-ab1f-67b3db250555@no-reply.base44.com","false"
"","","","","BEO?","Admin","","","6a71f9c3e83e07ce06efc05e","false","","","Checklist","","Not Acknowledged","9","6a71f9c4cd5da0c71b4a6043","2026-08-04T14:40:04.533000","2026-08-04T14:40:04.533000","service_bdf5b7dc-5664-42ca-ab1f-67b3db250555","service+bdf5b7dc-5664-42ca-ab1f-67b3db250555@no-reply.base44.com","false"
"","","","","If Yes, How many drink tickets / beverages per person?","Admin","","","6a71f9c3e83e07ce06efc05e","false","","","Checklist","","Not Acknowledged","8","6a71f9c4ffd0fd256159f7a1","2026-08-04T14:40:04.411000","2026-08-04T14:40:04.411000","service_bdf5b7dc-5664-42ca-ab1f-67b3db250555","service+bdf5b7dc-5664-42ca-ab1f-67b3db250555@no-reply.base44.com","false"
"","","","","Interest in consumption on-site Y or N (Includes: drink tickets)","Admin","","","6a71f9c3e83e07ce06efc05e","false","","","Checklist","","Not Acknowledged","7","6a71f9c49780d673f11b96c8","2026-08-04T14:40:04.338000","2026-08-04T14:40:04.338000","service_bdf5b7dc-5664-42ca-ab1f-67b3db250555","service+bdf5b7dc-5664-42ca-ab1f-67b3db250555@no-reply.base44.com","false"
"","","","","Did we send it to supplier?","Admin","","","6a71f9c3e83e07ce06efc05e","false","","","Checklist","","Not Acknowledged","6","6a71f9c4a17c407e2ee3889f","2026-08-04T14:40:04.247000","2026-08-04T14:40:04.247000","service_bdf5b7dc-5664-42ca-ab1f-67b3db250555","service+bdf5b7dc-5664-42ca-ab1f-67b3db250555@no-reply.base44.com","false"
"","","","","Add Ons: Logo'd aprons, glassware and Cheese board","Admin","","","6a71f9c3e83e07ce06efc05e","false","","","Checklist","","Not Acknowledged","5","6a71f9c4717b5f398be419c9","2026-08-04T14:40:04.173000","2026-08-04T14:40:04.173000","service_bdf5b7dc-5664-42ca-ab1f-67b3db250555","service+bdf5b7dc-5664-42ca-ab1f-67b3db250555@no-reply.base44.com","false"
"","","","","Participation List - Link","Admin","","","6a71f9c3e83e07ce06efc05e","false","","","Checklist","","Not Acknowledged","4","6a71f9c45ec3946a4a110e95","2026-08-04T14:40:04.092000","2026-08-04T14:40:04.092000","service_bdf5b7dc-5664-42ca-ab1f-67b3db250555","service+bdf5b7dc-5664-42ca-ab1f-67b3db250555@no-reply.base44.com","false"
"","","","","Workflow document","Admin","","","6a71f9c3e83e07ce06efc05e","false","","","Checklist","","Not Acknowledged","3","6a71f9c3b224eb219a477bd1","2026-08-04T14:40:03.998000","2026-08-04T14:40:03.998000","service_bdf5b7dc-5664-42ca-ab1f-67b3db250555","service+bdf5b7dc-5664-42ca-ab1f-67b3db250555@no-reply.base44.com","false"
"","","","","Is it documented in Fareharbor?","Admin","","","6a71f9c3e83e07ce06efc05e","false","","","Checklist","","Not Acknowledged","2","6a71f9c3c7aaacd1df13e48a","2026-08-04T14:40:03.911000","2026-08-04T14:40:03.911000","service_bdf5b7dc-5664-42ca-ab1f-67b3db250555","service+bdf5b7dc-5664-42ca-ab1f-67b3db250555@no-reply.base44.com","false"
"","","","","Did we update in Sales Alert of Slack?","Admin","","","6a71f9c3e83e07ce06efc05e","false","","","Checklist","","Not Acknowledged","1","6a71f9c3ad21a1604469facd","2026-08-04T14:40:03.830000","2026-08-04T14:40:03.830000","service_bdf5b7dc-5664-42ca-ab1f-67b3db250555","service+bdf5b7dc-5664-42ca-ab1f-67b3db250555@no-reply.base44.com","false"
"","","","","Has Operation Support confirmed when they are planning on meeting the location and time they are meeting (This can be done preferably by SMS or Email)","Admin","","","6a70bbf618dd7f79c7933ae6","false","","","Checklist","","Not Acknowledged","16","6a70bbfba840543780106e88","2026-08-03T16:04:11.470000","2026-08-03T16:04:11.470000","service_bdf5b7dc-5664-42ca-ab1f-67b3db250555","service+bdf5b7dc-5664-42ca-ab1f-67b3db250555@no-reply.base44.com","false"
"","","","","Did we schedule an Internal BEO discussion with the instructor and Event Team Lead?","Admin","","","6a70bbf618dd7f79c7933ae6","false","","","Checklist","","Not Acknowledged","15","6a70bbfba93e20405d76b202","2026-08-03T16:04:11.406000","2026-08-03T16:04:11.406000","service_bdf5b7dc-5664-42ca-ab1f-67b3db250555","service+bdf5b7dc-5664-42ca-ab1f-67b3db250555@no-reply.base44.com","false"
"","","","","CC form","Admin","","","6a70bbf618dd7f79c7933ae6","false","","","Checklist","","Not Acknowledged","14","6a70bbfbd31f59d018ca9e0a","2026-08-03T16:04:11.330000","2026-08-03T16:04:11.330000","service_bdf5b7dc-5664-42ca-ab1f-67b3db250555","service+bdf5b7dc-5664-42ca-ab1f-67b3db250555@no-reply.base44.com","false"
"","","","","Remaining Balance and Headcount DUE","Admin","","","6a70bbf618dd7f79c7933ae6","false","","","Checklist","","Not Acknowledged","13","6a70bbfbaee275f54f080c46","2026-08-03T16:04:11.255000","2026-08-03T16:04:11.255000","service_bdf5b7dc-5664-42ca-ab1f-67b3db250555","service+bdf5b7dc-5664-42ca-ab1f-67b3db250555@no-reply.base44.com","false"
"","","","","Remaining Balance Invoice Number","Admin","","","6a70bbf618dd7f79c7933ae6","false","","","Checklist","","Not Acknowledged","12","6a70bbf9d0998f5f647a6b54","2026-08-03T16:04:09.255000","2026-08-03T16:04:09.255000","service_bdf5b7dc-5664-42ca-ab1f-67b3db250555","service+bdf5b7dc-5664-42ca-ab1f-67b3db250555@no-reply.base44.com","false"
"","","","","Did we send an event flow reminder email?","Admin","","","6a70bbf618dd7f79c7933ae6","false","","","Checklist","","Not Acknowledged","11","6a70bbf919581691f6ad123c","2026-08-03T16:04:09.121000","2026-08-03T16:04:09.121000","service_bdf5b7dc-5664-42ca-ab1f-67b3db250555","service+bdf5b7dc-5664-42ca-ab1f-67b3db250555@no-reply.base44.com","false"
"","","","","Final HC","Admin","","","6a70bbf618dd7f79c7933ae6","false","","","Checklist","","Not Acknowledged","10","6a70bbf9c9da2e189acbcf1e","2026-08-03T16:04:09.061000","2026-08-03T16:04:09.061000","service_bdf5b7dc-5664-42ca-ab1f-67b3db250555","service+bdf5b7dc-5664-42ca-ab1f-67b3db250555@no-reply.base44.com","false"
"","","","","BEO?","Admin","","","6a70bbf618dd7f79c7933ae6","false","","","Checklist","","Not Acknowledged","9","6a70bbf9ef6f9ff687e8f89e","2026-08-03T16:04:09.004000","2026-08-03T16:04:09.004000","service_bdf5b7dc-5664-42ca-ab1f-67b3db250555","service+bdf5b7dc-5664-42ca-ab1f-67b3db250555@no-reply.base44.com","false"
"","","","","If Yes, How many drink tickets / beverages per person?","Admin","","","6a70bbf618dd7f79c7933ae6","false","","","Checklist","","Not Acknowledged","8","6a70bbf8904bcf8d691f9d36","2026-08-03T16:04:08.763000","2026-08-03T16:04:08.763000","service_bdf5b7dc-5664-42ca-ab1f-67b3db250555","service+bdf5b7dc-5664-42ca-ab1f-67b3db250555@no-reply.base44.com","false"
"","","","","Interest in consumption on-site Y or N (Includes: drink tickets)","Admin","","","6a70bbf618dd7f79c7933ae6","false","","","Checklist","","Not Acknowledged","7","6a70bbf8c4d5c7e16ea31bcd","2026-08-03T16:04:08.346000","2026-08-03T16:04:08.346000","service_bdf5b7dc-5664-42ca-ab1f-67b3db250555","service+bdf5b7dc-5664-42ca-ab1f-67b3db250555@no-reply.base44.com","false"
"","","","","Did we send it to supplier?","Admin","","","6a70bbf618dd7f79c7933ae6","false","","","Checklist","","Not Acknowledged","6","6a70bbf8dda985b5641fd4a8","2026-08-03T16:04:08.242000","2026-08-03T16:04:08.242000","service_bdf5b7dc-5664-42ca-ab1f-67b3db250555","service+bdf5b7dc-5664-42ca-ab1f-67b3db250555@no-reply.base44.com","false"
"","","","","Add Ons: Logo'd aprons, glassware and Cheese board","Admin","","","6a70bbf618dd7f79c7933ae6","false","","","Checklist","","Not Acknowledged","5","6a70bbf81f9cb0bffa94be76","2026-08-03T16:04:08.160000","2026-08-03T16:04:08.160000","service_bdf5b7dc-5664-42ca-ab1f-67b3db250555","service+bdf5b7dc-5664-42ca-ab1f-67b3db250555@no-reply.base44.com","false"
"","","","","Participation List - Link","Admin","","","6a70bbf618dd7f79c7933ae6","false","","","Checklist","","Not Acknowledged","4","6a70bbf86c9609dce048ff89","2026-08-03T16:04:08.074000","2026-08-03T16:04:08.074000","service_bdf5b7dc-5664-42ca-ab1f-67b3db250555","service+bdf5b7dc-5664-42ca-ab1f-67b3db250555@no-reply.base44.com","false"
"","","","","Workflow document","Admin","","","6a70bbf618dd7f79c7933ae6","false","","","Checklist","","Not Acknowledged","3","6a70bbf7727ca5aed2ba2766","2026-08-03T16:04:07.992000","2026-08-03T16:04:07.992000","service_bdf5b7dc-5664-42ca-ab1f-67b3db250555","service+bdf5b7dc-5664-42ca-ab1f-67b3db250555@no-reply.base44.com","false"
"","","","","Is it documented in Fareharbor?","Admin","","","6a70bbf618dd7f79c7933ae6","false","","","Checklist","","Not Acknowledged","2","6a70bbf7ac7d0e85939fc064","2026-08-03T16:04:07.877000","2026-08-03T16:04:07.877000","service_bdf5b7dc-5664-42ca-ab1f-67b3db250555","service+bdf5b7dc-5664-42ca-ab1f-67b3db250555@no-reply.base44.com","false"
"","","","","Did we update in Sales Alert of Slack?","Admin","","","6a70bbf618dd7f79c7933ae6","false","","","Checklist","","Not Acknowledged","1","6a70bbf786285d5206c7811f","2026-08-03T16:04:07.661000","2026-08-03T16:04:07.661000","service_bdf5b7dc-5664-42ca-ab1f-67b3db250555","service+bdf5b7dc-5664-42ca-ab1f-67b3db250555@no-reply.base44.com","false"
"","","","","Has Operation Support confirmed when they are planning on meeting the location and time they are meeting (This can be done preferably by SMS or Email)","Admin","","","6a6ccec02d2664fb58d44015","false","","","Checklist","","Not Acknowledged","16","6a6ccec2a125140fcb1075d9","2026-07-31T16:35:14.198000","2026-07-31T16:35:14.198000","service_bdf5b7dc-5664-42ca-ab1f-67b3db250555","service+bdf5b7dc-5664-42ca-ab1f-67b3db250555@no-reply.base44.com","false"
"","","","","Did we schedule an Internal BEO discussion with the instructor and Event Team Lead?","Admin","","","6a6ccec02d2664fb58d44015","false","","","Checklist","","Not Acknowledged","15","6a6ccec27f6ee0d72149eaa2","2026-07-31T16:35:14.135000","2026-07-31T16:35:14.135000","service_bdf5b7dc-5664-42ca-ab1f-67b3db250555","service+bdf5b7dc-5664-42ca-ab1f-67b3db250555@no-reply.base44.com","false"
"","","","","CC form","Admin","","","6a6ccec02d2664fb58d44015","false","","","Checklist","","Not Acknowledged","14","6a6ccec27559c483b3820049","2026-07-31T16:35:14.074000","2026-07-31T16:35:14.074000","service_bdf5b7dc-5664-42ca-ab1f-67b3db250555","service+bdf5b7dc-5664-42ca-ab1f-67b3db250555@no-reply.base44.com","false"
"","","","","Remaining Balance and Headcount DUE","Admin","","","6a6ccec02d2664fb58d44015","false","","","Checklist","","Not Acknowledged","13","6a6ccec207365cfd5ea00557","2026-07-31T16:35:14.014000","2026-07-31T16:35:14.014000","service_bdf5b7dc-5664-42ca-ab1f-67b3db250555","service+bdf5b7dc-5664-42ca-ab1f-67b3db250555@no-reply.base44.com","false"
"","","","","Remaining Balance Invoice Number","Admin","","","6a6ccec02d2664fb58d44015","false","","","Checklist","","Not Acknowledged","12","6a6ccec124b9d3439c04465b","2026-07-31T16:35:13.892000","2026-07-31T16:35:13.892000","service_bdf5b7dc-5664-42ca-ab1f-67b3db250555","service+bdf5b7dc-5664-42ca-ab1f-67b3db250555@no-reply.base44.com","false"
"","","","","Did we send an event flow reminder email?","Admin","","","6a6ccec02d2664fb58d44015","false","","","Checklist","","Not Acknowledged","11","6a6ccec14a28afc124b722d6","2026-07-31T16:35:13.829000","2026-07-31T16:35:13.829000","service_bdf5b7dc-5664-42ca-ab1f-67b3db250555","service+bdf5b7dc-5664-42ca-ab1f-67b3db250555@no-reply.base44.com","false"
"","","","","Final HC","Admin","","","6a6ccec02d2664fb58d44015","false","","","Checklist","","Not Acknowledged","10","6a6ccec17cb9218719bd196a","2026-07-31T16:35:13.664000","2026-07-31T16:35:13.664000","service_bdf5b7dc-5664-42ca-ab1f-67b3db250555","service+bdf5b7dc-5664-42ca-ab1f-67b3db250555@no-reply.base44.com","false"
"","","","","BEO?","Admin","","","6a6ccec02d2664fb58d44015","false","","","Checklist","","Not Acknowledged","9","6a6ccec10cef9f504ba4813b","2026-07-31T16:35:13.534000","2026-07-31T16:35:13.534000","service_bdf5b7dc-5664-42ca-ab1f-67b3db250555","service+bdf5b7dc-5664-42ca-ab1f-67b3db250555@no-reply.base44.com","false"
"","","","","If Yes, How many drink tickets / beverages per person?","Admin","","","6a6ccec02d2664fb58d44015","false","","","Checklist","","Not Acknowledged","8","6a6ccec1566e06a54dc55768","2026-07-31T16:35:13.429000","2026-07-31T16:35:13.429000","service_bdf5b7dc-5664-42ca-ab1f-67b3db250555","service+bdf5b7dc-5664-42ca-ab1f-67b3db250555@no-reply.base44.com","false"
"","","","","Interest in consumption on-site Y or N (Includes: drink tickets)","Admin","","","6a6ccec02d2664fb58d44015","false","","","Checklist","","Not Acknowledged","7","6a6ccec1061bd7844e3676fa","2026-07-31T16:35:13.376000","2026-07-31T16:35:13.376000","service_bdf5b7dc-5664-42ca-ab1f-67b3db250555","service+bdf5b7dc-5664-42ca-ab1f-67b3db250555@no-reply.base44.com","false"
"","","","","Did we send it to supplier?","Admin","","","6a6ccec02d2664fb58d44015","false","","","Checklist","","Not Acknowledged","6","6a6ccec1026e1a0836e8a926","2026-07-31T16:35:13.316000","2026-07-31T16:35:13.316000","service_bdf5b7dc-5664-42ca-ab1f-67b3db250555","service+bdf5b7dc-5664-42ca-ab1f-67b3db250555@no-reply.base44.com","false"
"","","","","Add Ons: Logo'd aprons, glassware and Cheese board","Admin","","","6a6ccec02d2664fb58d44015","false","","","Checklist","","Not Acknowledged","5","6a6ccec17f90df8246ce43a4","2026-07-31T16:35:13.253000","2026-07-31T16:35:13.253000","service_bdf5b7dc-5664-42ca-ab1f-67b3db250555","service+bdf5b7dc-5664-42ca-ab1f-67b3db250555@no-reply.base44.com","false"
"","","","","Participation List - Link","Admin","","","6a6ccec02d2664fb58d44015","false","","","Checklist","","Not Acknowledged","4","6a6ccec17559c483b3820047","2026-07-31T16:35:13.182000","2026-07-31T16:35:13.182000","service_bdf5b7dc-5664-42ca-ab1f-67b3db250555","service+bdf5b7dc-5664-42ca-ab1f-67b3db250555@no-reply.base44.com","false"
"","","","","Workflow document","Admin","","","6a6ccec02d2664fb58d44015","false","","","Checklist","","Not Acknowledged","3","6a6ccec17a5f214dc176c930","2026-07-31T16:35:13.126000","2026-07-31T16:35:13.126000","service_bdf5b7dc-5664-42ca-ab1f-67b3db250555","service+bdf5b7dc-5664-42ca-ab1f-67b3db250555@no-reply.base44.com","false"
"","","","","Is it documented in Fareharbor?","Admin","","","6a6ccec02d2664fb58d44015","false","","","Checklist","","Not Acknowledged","2","6a6ccec1abade121b3f8300a","2026-07-31T16:35:13.068000","2026-07-31T16:35:13.068000","service_bdf5b7dc-5664-42ca-ab1f-67b3db250555","service+bdf5b7dc-5664-42ca-ab1f-67b3db250555@no-reply.base44.com","false"
"","","","","Did we update in Sales Alert of Slack?","Admin","","","6a6ccec02d2664fb58d44015","false","","","Checklist","","Not Acknowledged","1","6a6ccec0f057f013308716fe","2026-07-31T16:35:12.937000","2026-07-31T16:35:12.937000","service_bdf5b7dc-5664-42ca-ab1f-67b3db250555","service+bdf5b7dc-5664-42ca-ab1f-67b3db250555@no-reply.base44.com","false"
"","","","","Has Operation Support confirmed when they are planning on meeting the location and time they are meeting (This can be done preferably by SMS or Email)","Admin","","","6a636cd27082ba6bfe14737f","false","","","Checklist","","Not Acknowledged","16","6a636cd8cd7ab8ba1dff70e3","2026-07-24T13:47:04.821000","2026-07-24T13:47:04.821000","service_bdf5b7dc-5664-42ca-ab1f-67b3db250555","service+bdf5b7dc-5664-42ca-ab1f-67b3db250555@no-reply.base44.com","false"
"","","","","Did we schedule an Internal BEO discussion with the instructor and Event Team Lead?","Admin","","","6a636cd27082ba6bfe14737f","false","","","Checklist","","Not Acknowledged","15","6a636cd88decbef6915fbcb8","2026-07-24T13:47:04.579000","2026-07-24T13:47:04.579000","service_bdf5b7dc-5664-42ca-ab1f-67b3db250555","service+bdf5b7dc-5664-42ca-ab1f-67b3db250555@no-reply.base44.com","false"
"","","","","CC form","Admin","","","6a636cd27082ba6bfe14737f","false","","","Checklist","","Not Acknowledged","14","6a636cd8cfa2a3acb9a12817","2026-07-24T13:47:04.399000","2026-07-24T13:47:04.399000","service_bdf5b7dc-5664-42ca-ab1f-67b3db250555","service+bdf5b7dc-5664-42ca-ab1f-67b3db250555@no-reply.base44.com","false"
"","","","","Remaining Balance and Headcount DUE","Admin","","","6a636cd27082ba6bfe14737f","false","","","Checklist","","Not Acknowledged","13","6a636cd8e6b381d9da2b9ad5","2026-07-24T13:47:04.203000","2026-07-24T13:47:04.203000","service_bdf5b7dc-5664-42ca-ab1f-67b3db250555","service+bdf5b7dc-5664-42ca-ab1f-67b3db250555@no-reply.base44.com","false"
"","","","","Remaining Balance Invoice Number","Admin","","","6a636cd27082ba6bfe14737f","false","","","Checklist","","Not Acknowledged","12","6a636cd88ae098d446ffd91d","2026-07-24T13:47:04.021000","2026-07-24T13:47:04.021000","service_bdf5b7dc-5664-42ca-ab1f-67b3db250555","service+bdf5b7dc-5664-42ca-ab1f-67b3db250555@no-reply.base44.com","false"
"","","","","Did we send an event flow reminder email?","Admin","","","6a636cd27082ba6bfe14737f","false","","","Checklist","","Not Acknowledged","11","6a636cd78064548c28c448b7","2026-07-24T13:47:03.755000","2026-07-24T13:47:03.755000","service_bdf5b7dc-5664-42ca-ab1f-67b3db250555","service+bdf5b7dc-5664-42ca-ab1f-67b3db250555@no-reply.base44.com","false"
"","","","","Final HC","Admin","","","6a636cd27082ba6bfe14737f","false","","","Checklist","","Not Acknowledged","10","6a636cd71ca0c7f4adaa6a61","2026-07-24T13:47:03.578000","2026-07-24T13:47:03.578000","service_bdf5b7dc-5664-42ca-ab1f-67b3db250555","service+bdf5b7dc-5664-42ca-ab1f-67b3db250555@no-reply.base44.com","false"
"","","","","BEO?","Admin","","","6a636cd27082ba6bfe14737f","false","","","Checklist","","Not Acknowledged","9","6a636cd79479203bf2c25116","2026-07-24T13:47:03.328000","2026-07-24T13:47:03.328000","service_bdf5b7dc-5664-42ca-ab1f-67b3db250555","service+bdf5b7dc-5664-42ca-ab1f-67b3db250555@no-reply.base44.com","false"
"","","","","If Yes, How many drink tickets / beverages per person?","Admin","","","6a636cd27082ba6bfe14737f","false","","","Checklist","","Not Acknowledged","8","6a636cd7679e4202caa4fb33","2026-07-24T13:47:03.001000","2026-07-24T13:47:03.001000","service_bdf5b7dc-5664-42ca-ab1f-67b3db250555","service+bdf5b7dc-5664-42ca-ab1f-67b3db250555@no-reply.base44.com","false"
"","","","","Interest in consumption on-site Y or N (Includes: drink tickets)","Admin","","","6a636cd27082ba6bfe14737f","false","","","Checklist","","Not Acknowledged","7","6a636cd64c3dfab93e8d9801","2026-07-24T13:47:02.816000","2026-07-24T13:47:02.816000","service_bdf5b7dc-5664-42ca-ab1f-67b3db250555","service+bdf5b7dc-5664-42ca-ab1f-67b3db250555@no-reply.base44.com","false"
"","","","","Did we send it to supplier?","Admin","","","6a636cd27082ba6bfe14737f","false","","","Checklist","","Not Acknowledged","6","6a636cd68743c9355c446bc7","2026-07-24T13:47:02.619000","2026-07-24T13:47:02.619000","service_bdf5b7dc-5664-42ca-ab1f-67b3db250555","service+bdf5b7dc-5664-42ca-ab1f-67b3db250555@no-reply.base44.com","false"
"","","","","Add Ons: Logo'd aprons, glassware and Cheese board","Admin","","","6a636cd27082ba6bfe14737f","false","","","Checklist","","Not Acknowledged","5","6a636cd67913f6882aa504df","2026-07-24T13:47:02.371000","2026-07-24T13:47:02.371000","service_bdf5b7dc-5664-42ca-ab1f-67b3db250555","service+bdf5b7dc-5664-42ca-ab1f-67b3db250555@no-reply.base44.com","false"
"","","","","Participation List - Link","Admin","","","6a636cd27082ba6bfe14737f","false","","","Checklist","","Not Acknowledged","4","6a636cd697041cf94d8893d9","2026-07-24T13:47:02.180000","2026-07-24T13:47:02.180000","service_bdf5b7dc-5664-42ca-ab1f-67b3db250555","service+bdf5b7dc-5664-42ca-ab1f-67b3db250555@no-reply.base44.com","false"
"","","","","Workflow document","Admin","","","6a636cd27082ba6bfe14737f","false","","","Checklist","","Not Acknowledged","3","6a636cd5126c17ced063bf70","2026-07-24T13:47:01.893000","2026-07-24T13:47:01.893000","service_bdf5b7dc-5664-42ca-ab1f-67b3db250555","service+bdf5b7dc-5664-42ca-ab1f-67b3db250555@no-reply.base44.com","false"
"","","","","Is it documented in Fareharbor?","Admin","","","6a636cd27082ba6bfe14737f","false","","","Checklist","","Not Acknowledged","2","6a636cd50c14c794f1e50db2","2026-07-24T13:47:01.724000","2026-07-24T13:47:01.724000","service_bdf5b7dc-5664-42ca-ab1f-67b3db250555","service+bdf5b7dc-5664-42ca-ab1f-67b3db250555@no-reply.base44.com","false"
"","","","","Did we update in Sales Alert of Slack?","Admin","","","6a636cd27082ba6bfe14737f","false","","","Checklist","","Not Acknowledged","1","6a636cd5cf5264d7f0a03916","2026-07-24T13:47:01.471000","2026-07-24T13:47:01.471000","service_bdf5b7dc-5664-42ca-ab1f-67b3db250555","service+bdf5b7dc-5664-42ca-ab1f-67b3db250555@no-reply.base44.com","false"
"","","","","Has Operation Support confirmed when they are planning on meeting the location and time they are meeting (This can be done preferably by SMS or Email)","Admin","","","6a6337eb0b4f0f569632ab81","false","","","Checklist","","Not Acknowledged","16","6a6337f0416010a4a85d6047","2026-07-24T10:01:20.860000","2026-07-24T10:01:20.860000","service_bdf5b7dc-5664-42ca-ab1f-67b3db250555","service+bdf5b7dc-5664-42ca-ab1f-67b3db250555@no-reply.base44.com","false"
"","","","","Did we schedule an Internal BEO discussion with the instructor and Event Team Lead?","Admin","","","6a6337eb0b4f0f569632ab81","false","","","Checklist","","Not Acknowledged","15","6a6337f03c4dcb7b190a7182","2026-07-24T10:01:20.560000","2026-07-24T10:01:20.560000","service_bdf5b7dc-5664-42ca-ab1f-67b3db250555","service+bdf5b7dc-5664-42ca-ab1f-67b3db250555@no-reply.base44.com","false"
"","","","","CC form","Admin","","","6a6337eb0b4f0f569632ab81","false","","","Checklist","","Not Acknowledged","14","6a6337f056c86d8e0e6d31f6","2026-07-24T10:01:20.300000","2026-07-24T10:01:20.300000","service_bdf5b7dc-5664-42ca-ab1f-67b3db250555","service+bdf5b7dc-5664-42ca-ab1f-67b3db250555@no-reply.base44.com","false"
"","","","","Remaining Balance and Headcount DUE","Admin","","","6a6337eb0b4f0f569632ab81","false","","","Checklist","","Not Acknowledged","13","6a6337f0d491c8b4eccd2951","2026-07-24T10:01:20.068000","2026-07-24T10:01:20.068000","service_bdf5b7dc-5664-42ca-ab1f-67b3db250555","service+bdf5b7dc-5664-42ca-ab1f-67b3db250555@no-reply.base44.com","false"
"","","","","Remaining Balance Invoice Number","Admin","","","6a6337eb0b4f0f569632ab81","false","","","Checklist","","Not Acknowledged","12","6a6337effe6c54212dfed78c","2026-07-24T10:01:19.826000","2026-07-24T10:01:19.826000","service_bdf5b7dc-5664-42ca-ab1f-67b3db250555","service+bdf5b7dc-5664-42ca-ab1f-67b3db250555@no-reply.base44.com","false"
"","","","","Did we send an event flow reminder email?","Admin","","","6a6337eb0b4f0f569632ab81","false","","","Checklist","","Not Acknowledged","11","6a6337efe68bc96909f6f375","2026-07-24T10:01:19.529000","2026-07-24T10:01:19.529000","service_bdf5b7dc-5664-42ca-ab1f-67b3db250555","service+bdf5b7dc-5664-42ca-ab1f-67b3db250555@no-reply.base44.com","false"
"","","","","Final HC","Admin","","","6a6337eb0b4f0f569632ab81","false","","","Checklist","","Not Acknowledged","10","6a6337ef338cb613b939b79f","2026-07-24T10:01:19.197000","2026-07-24T10:01:19.198000","service_bdf5b7dc-5664-42ca-ab1f-67b3db250555","service+bdf5b7dc-5664-42ca-ab1f-67b3db250555@no-reply.base44.com","false"
"","","","","BEO?","Admin","","","6a6337eb0b4f0f569632ab81","false","","","Checklist","","Not Acknowledged","9","6a6337ef02cf0c359c7d7fcd","2026-07-24T10:01:19.027000","2026-07-24T10:01:19.027000","service_bdf5b7dc-5664-42ca-ab1f-67b3db250555","service+bdf5b7dc-5664-42ca-ab1f-67b3db250555@no-reply.base44.com","false"
"","","","","If Yes, How many drink tickets / beverages per person?","Admin","","","6a6337eb0b4f0f569632ab81","false","","","Checklist","","Not Acknowledged","8","6a6337eec0042c56d6e1e185","2026-07-24T10:01:18.685000","2026-07-24T10:01:18.685000","service_bdf5b7dc-5664-42ca-ab1f-67b3db250555","service+bdf5b7dc-5664-42ca-ab1f-67b3db250555@no-reply.base44.com","false"
"","","","","Interest in consumption on-site Y or N (Includes: drink tickets)","Admin","","","6a6337eb0b4f0f569632ab81","false","","","Checklist","","Not Acknowledged","7","6a6337ee1d0ef34a09d1f207","2026-07-24T10:01:18.321000","2026-07-24T10:01:18.321000","service_bdf5b7dc-5664-42ca-ab1f-67b3db250555","service+bdf5b7dc-5664-42ca-ab1f-67b3db250555@no-reply.base44.com","false"
"","","","","Did we send it to supplier?","Admin","","","6a6337eb0b4f0f569632ab81","false","","","Checklist","","Not Acknowledged","6","6a6337ee9b58cb370d860f3a","2026-07-24T10:01:18.095000","2026-07-24T10:01:18.095000","service_bdf5b7dc-5664-42ca-ab1f-67b3db250555","service+bdf5b7dc-5664-42ca-ab1f-67b3db250555@no-reply.base44.com","false"
"","","","","Add Ons: Logo'd aprons, glassware and Cheese board","Admin","","","6a6337eb0b4f0f569632ab81","false","","","Checklist","","Not Acknowledged","5","6a6337edbb0c870f38cf7dd3","2026-07-24T10:01:17.853000","2026-07-24T10:01:17.853000","service_bdf5b7dc-5664-42ca-ab1f-67b3db250555","service+bdf5b7dc-5664-42ca-ab1f-67b3db250555@no-reply.base44.com","false"
"","","","","Participation List - Link","Admin","","","6a6337eb0b4f0f569632ab81","false","","","Checklist","","Not Acknowledged","4","6a6337ed5a8d966aad61f3ba","2026-07-24T10:01:17.635000","2026-07-24T10:01:17.635000","service_bdf5b7dc-5664-42ca-ab1f-67b3db250555","service+bdf5b7dc-5664-42ca-ab1f-67b3db250555@no-reply.base44.com","false"
"","","","","Workflow document","Admin","","","6a6337eb0b4f0f569632ab81","false","","","Checklist","","Not Acknowledged","3","6a6337ed8907542769825ae8","2026-07-24T10:01:17.393000","2026-07-24T10:01:17.393000","service_bdf5b7dc-5664-42ca-ab1f-67b3db250555","service+bdf5b7dc-5664-42ca-ab1f-67b3db250555@no-reply.base44.com","false"
"","","","","Is it documented in Fareharbor?","Admin","","","6a6337eb0b4f0f569632ab81","false","","","Checklist","","Not Acknowledged","2","6a6337ed25ad1e583f332b97","2026-07-24T10:01:17.145000","2026-07-24T10:01:17.145000","service_bdf5b7dc-5664-42ca-ab1f-67b3db250555","service+bdf5b7dc-5664-42ca-ab1f-67b3db250555@no-reply.base44.com","false"
"","","","","Did we update in Sales Alert of Slack?","Admin","","","6a6337eb0b4f0f569632ab81","false","","","Checklist","","Not Acknowledged","1","6a6337ec932d581fe1059fd4","2026-07-24T10:01:16.880000","2026-07-24T10:01:16.880000","service_bdf5b7dc-5664-42ca-ab1f-67b3db250555","service+bdf5b7dc-5664-42ca-ab1f-67b3db250555@no-reply.base44.com","false"
"","","","","Has Operation Support confirmed when they are planning on meeting the location and time they are meeting (This can be done preferably by SMS or Email)","Admin","","","6a621321f7f82af77a45cd24","false","","","Checklist","","Not Acknowledged","16","6a621325abb08a477114acee","2026-07-23T13:12:05.492000","2026-07-23T13:12:05.492000","service_bdf5b7dc-5664-42ca-ab1f-67b3db250555","service+bdf5b7dc-5664-42ca-ab1f-67b3db250555@no-reply.base44.com","false"
"","","","","Did we schedule an Internal BEO discussion with the instructor and Event Team Lead?","Admin","","","6a621321f7f82af77a45cd24","false","","","Checklist","","Not Acknowledged","15","6a621325c028960202847c85","2026-07-23T13:12:05.198000","2026-07-23T13:12:05.198000","service_bdf5b7dc-5664-42ca-ab1f-67b3db250555","service+bdf5b7dc-5664-42ca-ab1f-67b3db250555@no-reply.base44.com","false"
"","","","","CC form","Admin","","","6a621321f7f82af77a45cd24","false","","","Checklist","","Not Acknowledged","14","6a621325ed2c6818cbbbde1c","2026-07-23T13:12:05.020000","2026-07-23T13:12:05.020000","service_bdf5b7dc-5664-42ca-ab1f-67b3db250555","service+bdf5b7dc-5664-42ca-ab1f-67b3db250555@no-reply.base44.com","false"
"","","","","Remaining Balance and Headcount DUE","Admin","","","6a621321f7f82af77a45cd24","false","","","Checklist","","Not Acknowledged","13","6a621324900b9083951dda71","2026-07-23T13:12:04.816000","2026-07-23T13:12:04.816000","service_bdf5b7dc-5664-42ca-ab1f-67b3db250555","service+bdf5b7dc-5664-42ca-ab1f-67b3db250555@no-reply.base44.com","false"
"","","","","Remaining Balance Invoice Number","Admin","","","6a621321f7f82af77a45cd24","false","","","Checklist","","Not Acknowledged","12","6a621324c5c7b303bafec8db","2026-07-23T13:12:04.630000","2026-07-23T13:12:04.630000","service_bdf5b7dc-5664-42ca-ab1f-67b3db250555","service+bdf5b7dc-5664-42ca-ab1f-67b3db250555@no-reply.base44.com","false"
"","","","","Did we send an event flow reminder email?","Admin","","","6a621321f7f82af77a45cd24","false","","","Checklist","","Not Acknowledged","11","6a621324c31ba86f6e608b17","2026-07-23T13:12:04.400000","2026-07-23T13:12:04.400000","service_bdf5b7dc-5664-42ca-ab1f-67b3db250555","service+bdf5b7dc-5664-42ca-ab1f-67b3db250555@no-reply.base44.com","false"
"","","","","Final HC","Admin","","","6a621321f7f82af77a45cd24","false","","","Checklist","","Not Acknowledged","10","6a621324231f164b14007e71","2026-07-23T13:12:04.228000","2026-07-23T13:12:04.228000","service_bdf5b7dc-5664-42ca-ab1f-67b3db250555","service+bdf5b7dc-5664-42ca-ab1f-67b3db250555@no-reply.base44.com","false"
"","","","","BEO?","Admin","","","6a621321f7f82af77a45cd24","false","","","Checklist","","Not Acknowledged","9","6a6213248b5f57ea3400986a","2026-07-23T13:12:04.053000","2026-07-23T13:12:04.053000","service_bdf5b7dc-5664-42ca-ab1f-67b3db250555","service+bdf5b7dc-5664-42ca-ab1f-67b3db250555@no-reply.base44.com","false"
"","","","","If Yes, How many drink tickets / beverages per person?","Admin","","","6a621321f7f82af77a45cd24","false","","","Checklist","","Not Acknowledged","8","6a621323b39958ee9b51507a","2026-07-23T13:12:03.884000","2026-07-23T13:12:03.884000","service_bdf5b7dc-5664-42ca-ab1f-67b3db250555","service+bdf5b7dc-5664-42ca-ab1f-67b3db250555@no-reply.base44.com","false"
"","","","","Interest in consumption on-site Y or N (Includes: drink tickets)","Admin","","","6a621321f7f82af77a45cd24","false","","","Checklist","","Not Acknowledged","7","6a621323740e8005919be49e","2026-07-23T13:12:03.682000","2026-07-23T13:12:03.682000","service_bdf5b7dc-5664-42ca-ab1f-67b3db250555","service+bdf5b7dc-5664-42ca-ab1f-67b3db250555@no-reply.base44.com","false"
"","","","","Did we send it to supplier?","Admin","","","6a621321f7f82af77a45cd24","false","","","Checklist","","Not Acknowledged","6","6a621323e34a4b3efe2cfe05","2026-07-23T13:12:03.382000","2026-07-23T13:12:03.382000","service_bdf5b7dc-5664-42ca-ab1f-67b3db250555","service+bdf5b7dc-5664-42ca-ab1f-67b3db250555@no-reply.base44.com","false"
"","","","","Add Ons: Logo'd aprons, glassware and Cheese board","Admin","","","6a621321f7f82af77a45cd24","false","","","Checklist","","Not Acknowledged","5","6a621323d4bdb322cd53d080","2026-07-23T13:12:03.168000","2026-07-23T13:12:03.168000","service_bdf5b7dc-5664-42ca-ab1f-67b3db250555","service+bdf5b7dc-5664-42ca-ab1f-67b3db250555@no-reply.base44.com","false"
"","","","","Participation List - Link","Admin","","","6a621321f7f82af77a45cd24","false","","","Checklist","","Not Acknowledged","4","6a62132350419ecc2c2b0dc8","2026-07-23T13:12:03.004000","2026-07-23T13:12:03.004000","service_bdf5b7dc-5664-42ca-ab1f-67b3db250555","service+bdf5b7dc-5664-42ca-ab1f-67b3db250555@no-reply.base44.com","false"
"","","","","Workflow document","Admin","","","6a621321f7f82af77a45cd24","false","","","Checklist","","Not Acknowledged","3","6a62132257d66912a29856d5","2026-07-23T13:12:02.839000","2026-07-23T13:12:02.839000","service_bdf5b7dc-5664-42ca-ab1f-67b3db250555","service+bdf5b7dc-5664-42ca-ab1f-67b3db250555@no-reply.base44.com","false"
"","","","","Is it documented in Fareharbor?","Admin","","","6a621321f7f82af77a45cd24","false","","","Checklist","","Not Acknowledged","2","6a6213227bf461c76a789f98","2026-07-23T13:12:02.671000","2026-07-23T13:12:02.671000","service_bdf5b7dc-5664-42ca-ab1f-67b3db250555","service+bdf5b7dc-5664-42ca-ab1f-67b3db250555@no-reply.base44.com","false"
"","","","","Did we update in Sales Alert of Slack?","Admin","","","6a621321f7f82af77a45cd24","false","","","Checklist","","Not Acknowledged","1","6a621322845811811403968e","2026-07-23T13:12:02.493000","2026-07-23T13:12:02.493000","service_bdf5b7dc-5664-42ca-ab1f-67b3db250555","service+bdf5b7dc-5664-42ca-ab1f-67b3db250555@no-reply.base44.com","false"
"","","","","Has Operation Support confirmed when they are planning on meeting the location and time they are meeting (This can be done preferably by SMS or Email)","Admin","","","6a57ba38362f8e6ec72830c2","false","","","Checklist","","Not Acknowledged","16","6a57ba3ddcedffd5eeede5f7","2026-07-15T16:50:05.350000","2026-07-15T16:50:05.350000","service_bdf5b7dc-5664-42ca-ab1f-67b3db250555","service+bdf5b7dc-5664-42ca-ab1f-67b3db250555@no-reply.base44.com","false"
"","","","","Did we schedule an Internal BEO discussion with the instructor and Event Team Lead?","Admin","","","6a57ba38362f8e6ec72830c2","false","","","Checklist","","Not Acknowledged","15","6a57ba3d595131d4da11ac1b","2026-07-15T16:50:05.121000","2026-07-15T16:50:05.121000","service_bdf5b7dc-5664-42ca-ab1f-67b3db250555","service+bdf5b7dc-5664-42ca-ab1f-67b3db250555@no-reply.base44.com","false"
"","","","","CC form","Admin","","","6a57ba38362f8e6ec72830c2","false","","","Checklist","","Not Acknowledged","14","6a57ba3cad2b0f7d1c39eefd","2026-07-15T16:50:04.976000","2026-07-15T16:50:04.976000","service_bdf5b7dc-5664-42ca-ab1f-67b3db250555","service+bdf5b7dc-5664-42ca-ab1f-67b3db250555@no-reply.base44.com","false"
"","","","","Remaining Balance and Headcount DUE","Admin","","","6a57ba38362f8e6ec72830c2","false","","","Checklist","","Not Acknowledged","13","6a57ba3ccb3a5d82962f4eab","2026-07-15T16:50:04.767000","2026-07-15T16:50:04.767000","service_bdf5b7dc-5664-42ca-ab1f-67b3db250555","service+bdf5b7dc-5664-42ca-ab1f-67b3db250555@no-reply.base44.com","false"
"","","","","Remaining Balance Invoice Number","Admin","","","6a57ba38362f8e6ec72830c2","false","","","Checklist","","Not Acknowledged","12","6a57ba3c3c92887386478799","2026-07-15T16:50:04.585000","2026-07-15T16:50:04.585000","service_bdf5b7dc-5664-42ca-ab1f-67b3db250555","service+bdf5b7dc-5664-42ca-ab1f-67b3db250555@no-reply.base44.com","false"
"","","","","Did we send an event flow reminder email?","Admin","","","6a57ba38362f8e6ec72830c2","false","","","Checklist","","Not Acknowledged","11","6a57ba3caab86d72898bbc50","2026-07-15T16:50:04.405000","2026-07-15T16:50:04.405000","service_bdf5b7dc-5664-42ca-ab1f-67b3db250555","service+bdf5b7dc-5664-42ca-ab1f-67b3db250555@no-reply.base44.com","false"
"","","","","Final HC","Admin","","","6a57ba38362f8e6ec72830c2","false","","","Checklist","","Not Acknowledged","10","6a57ba3c2a9bb1fc161c605c","2026-07-15T16:50:04.012000","2026-07-15T16:50:04.012000","service_bdf5b7dc-5664-42ca-ab1f-67b3db250555","service+bdf5b7dc-5664-42ca-ab1f-67b3db250555@no-reply.base44.com","false"
"","","","","BEO?","Admin","","","6a57ba38362f8e6ec72830c2","false","","","Checklist","","Not Acknowledged","9","6a57ba3ba75ca61bc501f6d2","2026-07-15T16:50:03.738000","2026-07-15T16:50:03.738000","service_bdf5b7dc-5664-42ca-ab1f-67b3db250555","service+bdf5b7dc-5664-42ca-ab1f-67b3db250555@no-reply.base44.com","false"
"","","","","If Yes, How many drink tickets / beverages per person?","Admin","","","6a57ba38362f8e6ec72830c2","false","","","Checklist","","Not Acknowledged","8","6a57ba3be331ee9212c3e42f","2026-07-15T16:50:03.491000","2026-07-15T16:50:03.491000","service_bdf5b7dc-5664-42ca-ab1f-67b3db250555","service+bdf5b7dc-5664-42ca-ab1f-67b3db250555@no-reply.base44.com","false"
"","","","","Interest in consumption on-site Y or N (Includes: drink tickets)","Admin","","","6a57ba38362f8e6ec72830c2","false","","","Checklist","","Not Acknowledged","7","6a57ba3bc2e9cdb14a5fe8ac","2026-07-15T16:50:03.247000","2026-07-15T16:50:03.247000","service_bdf5b7dc-5664-42ca-ab1f-67b3db250555","service+bdf5b7dc-5664-42ca-ab1f-67b3db250555@no-reply.base44.com","false"
"","","","","Did we send it to supplier?","Admin","","","6a57ba38362f8e6ec72830c2","false","","","Checklist","","Not Acknowledged","6","6a57ba3bcc7a2aeb47e184ca","2026-07-15T16:50:03.083000","2026-07-15T16:50:03.083000","service_bdf5b7dc-5664-42ca-ab1f-67b3db250555","service+bdf5b7dc-5664-42ca-ab1f-67b3db250555@no-reply.base44.com","false"
"","","","","Add Ons: Logo'd aprons, glassware and Cheese board","Admin","","","6a57ba38362f8e6ec72830c2","false","","","Checklist","","Not Acknowledged","5","6a57ba3afb085f128412a0f1","2026-07-15T16:50:02.799000","2026-07-15T16:50:02.799000","service_bdf5b7dc-5664-42ca-ab1f-67b3db250555","service+bdf5b7dc-5664-42ca-ab1f-67b3db250555@no-reply.base44.com","false"
"","","","","Participation List - Link","Admin","","","6a57ba38362f8e6ec72830c2","false","","","Checklist","","Not Acknowledged","4","6a57ba3a7e9ad3207cac5167","2026-07-15T16:50:02.572000","2026-07-15T16:50:02.572000","service_bdf5b7dc-5664-42ca-ab1f-67b3db250555","service+bdf5b7dc-5664-42ca-ab1f-67b3db250555@no-reply.base44.com","false"
"","","","","Workflow document","Admin","","","6a57ba38362f8e6ec72830c2","false","","","Checklist","","Not Acknowledged","3","6a57ba3aecf691c82b95842e","2026-07-15T16:50:02.320000","2026-07-15T16:50:02.320000","service_bdf5b7dc-5664-42ca-ab1f-67b3db250555","service+bdf5b7dc-5664-42ca-ab1f-67b3db250555@no-reply.base44.com","false"
"","","","","Is it documented in Fareharbor?","Admin","","","6a57ba38362f8e6ec72830c2","false","","","Checklist","","Not Acknowledged","2","6a57ba3accf8e743da96b8c3","2026-07-15T16:50:02.022000","2026-07-15T16:50:02.022000","service_bdf5b7dc-5664-42ca-ab1f-67b3db250555","service+bdf5b7dc-5664-42ca-ab1f-67b3db250555@no-reply.base44.com","false"
"","","","","Did we update in Sales Alert of Slack?","Admin","","","6a57ba38362f8e6ec72830c2","false","","","Checklist","","Not Acknowledged","1","6a57ba3926405d2c93656518","2026-07-15T16:50:01.759000","2026-07-15T16:50:01.759000","service_bdf5b7dc-5664-42ca-ab1f-67b3db250555","service+bdf5b7dc-5664-42ca-ab1f-67b3db250555@no-reply.base44.com","false"
"","","","","Has Operation Support confirmed when they are planning on meeting the location and time they are meeting (This can be done preferably by SMS or Email)","Admin","","","6a5616101a521c4439526c9f","false","","","Checklist","","Not Acknowledged","16","6a561614ee4d8c0b693bfc5b","2026-07-14T10:57:24.485000","2026-07-14T10:57:24.485000","service_bdf5b7dc-5664-42ca-ab1f-67b3db250555","service+bdf5b7dc-5664-42ca-ab1f-67b3db250555@no-reply.base44.com","false"
"","","","","Did we schedule an Internal BEO discussion with the instructor and Event Team Lead?","Admin","","","6a5616101a521c4439526c9f","false","","","Checklist","","Not Acknowledged","15","6a561614751dc0492d9e58ed","2026-07-14T10:57:24.292000","2026-07-14T10:57:24.292000","service_bdf5b7dc-5664-42ca-ab1f-67b3db250555","service+bdf5b7dc-5664-42ca-ab1f-67b3db250555@no-reply.base44.com","false"
"","","","","CC form","Admin","","","6a5616101a521c4439526c9f","false","","","Checklist","","Not Acknowledged","14","6a5616140d0bac0e2df29858","2026-07-14T10:57:24.072000","2026-07-14T10:57:24.072000","service_bdf5b7dc-5664-42ca-ab1f-67b3db250555","service+bdf5b7dc-5664-42ca-ab1f-67b3db250555@no-reply.base44.com","false"
"","","","","Remaining Balance and Headcount DUE","Admin","","","6a5616101a521c4439526c9f","false","","","Checklist","","Not Acknowledged","13","6a5616133dcd8b50f38694e4","2026-07-14T10:57:23.814000","2026-07-14T10:57:23.814000","service_bdf5b7dc-5664-42ca-ab1f-67b3db250555","service+bdf5b7dc-5664-42ca-ab1f-67b3db250555@no-reply.base44.com","false"
"","","","","Remaining Balance Invoice Number","Admin","","","6a5616101a521c4439526c9f","false","","","Checklist","","Not Acknowledged","12","6a561613956eedce522c9e5c","2026-07-14T10:57:23.636000","2026-07-14T10:57:23.636000","service_bdf5b7dc-5664-42ca-ab1f-67b3db250555","service+bdf5b7dc-5664-42ca-ab1f-67b3db250555@no-reply.base44.com","false"
"","","","","Did we send an event flow reminder email?","Admin","","","6a5616101a521c4439526c9f","false","","","Checklist","","Not Acknowledged","11","6a56161345799242e8c4dd6b","2026-07-14T10:57:23.474000","2026-07-14T10:57:23.474000","service_bdf5b7dc-5664-42ca-ab1f-67b3db250555","service+bdf5b7dc-5664-42ca-ab1f-67b3db250555@no-reply.base44.com","false"
"","","","","Final HC","Admin","","","6a5616101a521c4439526c9f","false","","","Checklist","","Not Acknowledged","10","6a561613e4c5ea8190861700","2026-07-14T10:57:23.306000","2026-07-14T10:57:23.306000","service_bdf5b7dc-5664-42ca-ab1f-67b3db250555","service+bdf5b7dc-5664-42ca-ab1f-67b3db250555@no-reply.base44.com","false"
"","","","","BEO?","Admin","","","6a5616101a521c4439526c9f","false","","","Checklist","","Not Acknowledged","9","6a5616134b0975e1fd2f853f","2026-07-14T10:57:23.142000","2026-07-14T10:57:23.142000","service_bdf5b7dc-5664-42ca-ab1f-67b3db250555","service+bdf5b7dc-5664-42ca-ab1f-67b3db250555@no-reply.base44.com","false"
"","","","","If Yes, How many drink tickets / beverages per person?","Admin","","","6a5616101a521c4439526c9f","false","","","Checklist","","Not Acknowledged","8","6a56161274526dedef158db4","2026-07-14T10:57:22.973000","2026-07-14T10:57:22.973000","service_bdf5b7dc-5664-42ca-ab1f-67b3db250555","service+bdf5b7dc-5664-42ca-ab1f-67b3db250555@no-reply.base44.com","false"
"","","","","Interest in consumption on-site Y or N (Includes: drink tickets)","Admin","","","6a5616101a521c4439526c9f","false","","","Checklist","","Not Acknowledged","7","6a56161247e4b45337bd5bed","2026-07-14T10:57:22.818000","2026-07-14T10:57:22.818000","service_bdf5b7dc-5664-42ca-ab1f-67b3db250555","service+bdf5b7dc-5664-42ca-ab1f-67b3db250555@no-reply.base44.com","false"
"","","","","Did we send it to supplier?","Admin","","","6a5616101a521c4439526c9f","false","","","Checklist","","Not Acknowledged","6","6a561612273b073ac424836d","2026-07-14T10:57:22.648000","2026-07-14T10:57:22.648000","service_bdf5b7dc-5664-42ca-ab1f-67b3db250555","service+bdf5b7dc-5664-42ca-ab1f-67b3db250555@no-reply.base44.com","false"
"","","","","Add Ons: Logo'd aprons, glassware and Cheese board","Admin","","","6a5616101a521c4439526c9f","false","","","Checklist","","Not Acknowledged","5","6a5616124152b5bade1147b7","2026-07-14T10:57:22.496000","2026-07-14T10:57:22.496000","service_bdf5b7dc-5664-42ca-ab1f-67b3db250555","service+bdf5b7dc-5664-42ca-ab1f-67b3db250555@no-reply.base44.com","false"
"","","","","Participation List - Link","Admin","","","6a5616101a521c4439526c9f","false","","","Checklist","","Not Acknowledged","4","6a56161289bb64980e11e084","2026-07-14T10:57:22.349000","2026-07-14T10:57:22.349000","service_bdf5b7dc-5664-42ca-ab1f-67b3db250555","service+bdf5b7dc-5664-42ca-ab1f-67b3db250555@no-reply.base44.com","false"
"","","","","Workflow document","Admin","","","6a5616101a521c4439526c9f","false","","","Checklist","","Not Acknowledged","3","6a5616126926fdacbd93726a","2026-07-14T10:57:22.155000","2026-07-14T10:57:22.155000","service_bdf5b7dc-5664-42ca-ab1f-67b3db250555","service+bdf5b7dc-5664-42ca-ab1f-67b3db250555@no-reply.base44.com","false"
"","","","","Is it documented in Fareharbor?","Admin","","","6a5616101a521c4439526c9f","false","","","Checklist","","Not Acknowledged","2","6a561611aaee95f5074b1acb","2026-07-14T10:57:21.930000","2026-07-14T10:57:21.930000","service_bdf5b7dc-5664-42ca-ab1f-67b3db250555","service+bdf5b7dc-5664-42ca-ab1f-67b3db250555@no-reply.base44.com","false"
"","","","","Did we update in Sales Alert of Slack?","Admin","","","6a5616101a521c4439526c9f","false","","","Checklist","","Not Acknowledged","1","6a561611a51812bc63246de1","2026-07-14T10:57:21.669000","2026-07-14T10:57:21.669000","service_bdf5b7dc-5664-42ca-ab1f-67b3db250555","service+bdf5b7dc-5664-42ca-ab1f-67b3db250555@no-reply.base44.com","false"
"","","","","Has Operation Support confirmed when they are planning on meeting the location and time they are meeting (This can be done preferably by SMS or Email)","Admin","","","6a32ba4779adf77051722cff","false","","","Checklist","","Not Acknowledged","16","6a32ba4c10ecdab4dd2323bb","2026-06-17T15:16:28.802000","2026-06-17T15:16:28.802000","service_bdf5b7dc-5664-42ca-ab1f-67b3db250555","service+bdf5b7dc-5664-42ca-ab1f-67b3db250555@no-reply.base44.com","false"
"","","","","Did we schedule an Internal BEO discussion with the instructor and Event Team Lead?","Admin","","","6a32ba4779adf77051722cff","false","","","Checklist","","Not Acknowledged","15","6a32ba4c467db6a4866273a5","2026-06-17T15:16:28.537000","2026-06-17T15:16:28.537000","service_bdf5b7dc-5664-42ca-ab1f-67b3db250555","service+bdf5b7dc-5664-42ca-ab1f-67b3db250555@no-reply.base44.com","false"
"","","","","CC form","Admin","","","6a32ba4779adf77051722cff","false","","","Checklist","","Not Acknowledged","14","6a32ba4c26e18897b8bc5b01","2026-06-17T15:16:28.278000","2026-06-17T15:16:28.278000","service_bdf5b7dc-5664-42ca-ab1f-67b3db250555","service+bdf5b7dc-5664-42ca-ab1f-67b3db250555@no-reply.base44.com","false"
"","","","","Remaining Balance and Headcount DUE","Admin","","","6a32ba4779adf77051722cff","false","","","Checklist","","Not Acknowledged","13","6a32ba4c5f0ca9b76da97a85","2026-06-17T15:16:28.120000","2026-06-17T15:16:28.120000","service_bdf5b7dc-5664-42ca-ab1f-67b3db250555","service+bdf5b7dc-5664-42ca-ab1f-67b3db250555@no-reply.base44.com","false"
"","","","","Remaining Balance Invoice Number","Admin","","","6a32ba4779adf77051722cff","false","","","Checklist","","Not Acknowledged","12","6a32ba4b5f5e37d5c03355cf","2026-06-17T15:16:27.920000","2026-06-17T15:16:27.920000","service_bdf5b7dc-5664-42ca-ab1f-67b3db250555","service+bdf5b7dc-5664-42ca-ab1f-67b3db250555@no-reply.base44.com","false"
"","","","","Did we send an event flow reminder email?","Admin","","","6a32ba4779adf77051722cff","false","","","Checklist","","Not Acknowledged","11","6a32ba4b8152116f744ad031","2026-06-17T15:16:27.692000","2026-06-17T15:16:27.692000","service_bdf5b7dc-5664-42ca-ab1f-67b3db250555","service+bdf5b7dc-5664-42ca-ab1f-67b3db250555@no-reply.base44.com","false"
"","","","","Final HC","Admin","","","6a32ba4779adf77051722cff","false","","","Checklist","","Not Acknowledged","10","6a32ba4b3aeb60fe5c12441e","2026-06-17T15:16:27.518000","2026-06-17T15:16:27.518000","service_bdf5b7dc-5664-42ca-ab1f-67b3db250555","service+bdf5b7dc-5664-42ca-ab1f-67b3db250555@no-reply.base44.com","false"
"","","","","BEO?","Admin","","","6a32ba4779adf77051722cff","false","","","Checklist","","Not Acknowledged","9","6a32ba4b0347462682402d5e","2026-06-17T15:16:27.287000","2026-06-17T15:16:27.287000","service_bdf5b7dc-5664-42ca-ab1f-67b3db250555","service+bdf5b7dc-5664-42ca-ab1f-67b3db250555@no-reply.base44.com","false"
"","","","","If Yes, How many drink tickets / beverages per person?","Admin","","","6a32ba4779adf77051722cff","false","","","Checklist","","Not Acknowledged","8","6a32ba4b8f501e1b33c087ed","2026-06-17T15:16:27.012000","2026-06-17T15:16:27.012000","service_bdf5b7dc-5664-42ca-ab1f-67b3db250555","service+bdf5b7dc-5664-42ca-ab1f-67b3db250555@no-reply.base44.com","false"
"","","","","Interest in consumption on-site Y or N (Includes: drink tickets)","Admin","","","6a32ba4779adf77051722cff","false","","","Checklist","","Not Acknowledged","7","6a32ba4a63dd00a0257d9c5b","2026-06-17T15:16:26.805000","2026-06-17T15:16:26.805000","service_bdf5b7dc-5664-42ca-ab1f-67b3db250555","service+bdf5b7dc-5664-42ca-ab1f-67b3db250555@no-reply.base44.com","false"
"","","","","Did we send it to supplier?","Admin","","","6a32ba4779adf77051722cff","false","","","Checklist","","Not Acknowledged","6","6a32ba4aa44a3691d88255d0","2026-06-17T15:16:26.576000","2026-06-17T15:16:26.576000","service_bdf5b7dc-5664-42ca-ab1f-67b3db250555","service+bdf5b7dc-5664-42ca-ab1f-67b3db250555@no-reply.base44.com","false"
"","","","","Add Ons: Logo'd aprons, glassware and Cheese board","Admin","","","6a32ba4779adf77051722cff","false","","","Checklist","","Not Acknowledged","5","6a32ba4ae2d68c5f717240cd","2026-06-17T15:16:26.346000","2026-06-17T15:16:26.346000","service_bdf5b7dc-5664-42ca-ab1f-67b3db250555","service+bdf5b7dc-5664-42ca-ab1f-67b3db250555@no-reply.base44.com","false"
"","","","","Participation List - Link","Admin","","","6a32ba4779adf77051722cff","false","","","Checklist","","Not Acknowledged","4","6a32ba4ad32095c7f197ebb4","2026-06-17T15:16:26.111000","2026-06-17T15:16:26.111000","service_bdf5b7dc-5664-42ca-ab1f-67b3db250555","service+bdf5b7dc-5664-42ca-ab1f-67b3db250555@no-reply.base44.com","false"
"","","","","Workflow document","Admin","","","6a32ba4779adf77051722cff","false","","","Checklist","","Not Acknowledged","3","6a32ba49e737ca3dcf1e426e","2026-06-17T15:16:25.951000","2026-06-17T15:16:25.951000","service_bdf5b7dc-5664-42ca-ab1f-67b3db250555","service+bdf5b7dc-5664-42ca-ab1f-67b3db250555@no-reply.base44.com","false"
"","","","","Is it documented in Fareharbor?","Admin","","","6a32ba4779adf77051722cff","false","","","Checklist","","Not Acknowledged","2","6a32ba49aa9ccae00493e037","2026-06-17T15:16:25.714000","2026-06-17T15:16:25.714000","service_bdf5b7dc-5664-42ca-ab1f-67b3db250555","service+bdf5b7dc-5664-42ca-ab1f-67b3db250555@no-reply.base44.com","false"
"","","","","Did we update in Sales Alert of Slack?","Admin","","","6a32ba4779adf77051722cff","false","","","Checklist","","Not Acknowledged","1","6a32ba49ff194ab1e5ac2d6d","2026-06-17T15:16:25.405000","2026-06-17T15:16:25.405000","service_bdf5b7dc-5664-42ca-ab1f-67b3db250555","service+bdf5b7dc-5664-42ca-ab1f-67b3db250555@no-reply.base44.com","false"
"","","","","Has Operation Support confirmed when they are planning on meeting the location and time they are meeting (This can be done preferably by SMS or Email)","Admin","","","6a32a4c727ffab3a4a4ebeeb","false","","","Checklist","","Not Acknowledged","16","6a32a4ccd3f646f2f240e875","2026-06-17T13:44:44.128000","2026-06-17T13:44:44.128000","service_bdf5b7dc-5664-42ca-ab1f-67b3db250555","service+bdf5b7dc-5664-42ca-ab1f-67b3db250555@no-reply.base44.com","false"
"","","","","Did we schedule an Internal BEO discussion with the instructor and Event Team Lead?","Admin","","","6a32a4c727ffab3a4a4ebeeb","false","","","Checklist","","Not Acknowledged","15","6a32a4cb7dad0553b1dab90c","2026-06-17T13:44:43.878000","2026-06-17T13:44:43.878000","service_bdf5b7dc-5664-42ca-ab1f-67b3db250555","service+bdf5b7dc-5664-42ca-ab1f-67b3db250555@no-reply.base44.com","false"
"","","","","CC form","Admin","","","6a32a4c727ffab3a4a4ebeeb","false","","","Checklist","","Not Acknowledged","14","6a32a4cb4b1c50fb43727218","2026-06-17T13:44:43.705000","2026-06-17T13:44:43.705000","service_bdf5b7dc-5664-42ca-ab1f-67b3db250555","service+bdf5b7dc-5664-42ca-ab1f-67b3db250555@no-reply.base44.com","false"
"","","","","Remaining Balance and Headcount DUE","Admin","","","6a32a4c727ffab3a4a4ebeeb","false","","","Checklist","","Not Acknowledged","13","6a32a4cbeb085788e678b63a","2026-06-17T13:44:43.532000","2026-06-17T13:44:43.532000","service_bdf5b7dc-5664-42ca-ab1f-67b3db250555","service+bdf5b7dc-5664-42ca-ab1f-67b3db250555@no-reply.base44.com","false"
"","","","","Remaining Balance Invoice Number","Admin","","","6a32a4c727ffab3a4a4ebeeb","false","","","Checklist","","Not Acknowledged","12","6a32a4cb63d71ce2176eabe2","2026-06-17T13:44:43.238000","2026-06-17T13:44:43.238000","service_bdf5b7dc-5664-42ca-ab1f-67b3db250555","service+bdf5b7dc-5664-42ca-ab1f-67b3db250555@no-reply.base44.com","false"
"","","","","Did we send an event flow reminder email?","Admin","","","6a32a4c727ffab3a4a4ebeeb","false","","","Checklist","","Not Acknowledged","11","6a32a4cbd3766a26d2de0688","2026-06-17T13:44:43.020000","2026-06-17T13:44:43.020000","service_bdf5b7dc-5664-42ca-ab1f-67b3db250555","service+bdf5b7dc-5664-42ca-ab1f-67b3db250555@no-reply.base44.com","false"
"","","","","Final HC","Admin","","","6a32a4c727ffab3a4a4ebeeb","false","","","Checklist","","Not Acknowledged","10","6a32a4ca27ca777fe9ee9e92","2026-06-17T13:44:42.783000","2026-06-17T13:44:42.783000","service_bdf5b7dc-5664-42ca-ab1f-67b3db250555","service+bdf5b7dc-5664-42ca-ab1f-67b3db250555@no-reply.base44.com","false"
"","","","","BEO?","Admin","","","6a32a4c727ffab3a4a4ebeeb","false","","","Checklist","","Not Acknowledged","9","6a32a4cadcc5e6aeac907d68","2026-06-17T13:44:42.603000","2026-06-17T13:44:42.603000","service_bdf5b7dc-5664-42ca-ab1f-67b3db250555","service+bdf5b7dc-5664-42ca-ab1f-67b3db250555@no-reply.base44.com","false"
"","","","","If Yes, How many drink tickets / beverages per person?","Admin","","","6a32a4c727ffab3a4a4ebeeb","false","","","Checklist","","Not Acknowledged","8","6a32a4ca9ee598185380ab7b","2026-06-17T13:44:42.435000","2026-06-17T13:44:42.435000","service_bdf5b7dc-5664-42ca-ab1f-67b3db250555","service+bdf5b7dc-5664-42ca-ab1f-67b3db250555@no-reply.base44.com","false"
"","","","","Interest in consumption on-site Y or N (Includes: drink tickets)","Admin","","","6a32a4c727ffab3a4a4ebeeb","false","","","Checklist","","Not Acknowledged","7","6a32a4cad5b28b20d5e6b02e","2026-06-17T13:44:42.273000","2026-06-17T13:44:42.273000","service_bdf5b7dc-5664-42ca-ab1f-67b3db250555","service+bdf5b7dc-5664-42ca-ab1f-67b3db250555@no-reply.base44.com","false"
"","","","","Did we send it to supplier?","Admin","","","6a32a4c727ffab3a4a4ebeeb","false","","","Checklist","","Not Acknowledged","6","6a32a4ca56e7fe1483f8049c","2026-06-17T13:44:42.039000","2026-06-17T13:44:42.039000","service_bdf5b7dc-5664-42ca-ab1f-67b3db250555","service+bdf5b7dc-5664-42ca-ab1f-67b3db250555@no-reply.base44.com","false"
"","","","","Add Ons: Logo'd aprons, glassware and Cheese board","Admin","","","6a32a4c727ffab3a4a4ebeeb","false","","","Checklist","","Not Acknowledged","5","6a32a4c9926c77a14e7009b8","2026-06-17T13:44:41.773000","2026-06-17T13:44:41.773000","service_bdf5b7dc-5664-42ca-ab1f-67b3db250555","service+bdf5b7dc-5664-42ca-ab1f-67b3db250555@no-reply.base44.com","false"
"","","","","Participation List - Link","Admin","","","6a32a4c727ffab3a4a4ebeeb","false","","","Checklist","","Not Acknowledged","4","6a32a4c9589c37f2684059ec","2026-06-17T13:44:41.550000","2026-06-17T13:44:41.550000","service_bdf5b7dc-5664-42ca-ab1f-67b3db250555","service+bdf5b7dc-5664-42ca-ab1f-67b3db250555@no-reply.base44.com","false"
"","","","","Workflow document","Admin","","","6a32a4c727ffab3a4a4ebeeb","false","","","Checklist","","Not Acknowledged","3","6a32a4c927ce0e72c3644647","2026-06-17T13:44:41.012000","2026-06-17T13:44:41.012000","service_bdf5b7dc-5664-42ca-ab1f-67b3db250555","service+bdf5b7dc-5664-42ca-ab1f-67b3db250555@no-reply.base44.com","false"
"","","","","Is it documented in Fareharbor?","Admin","","","6a32a4c727ffab3a4a4ebeeb","false","","","Checklist","","Not Acknowledged","2","6a32a4c8f620b9b789d80c9e","2026-06-17T13:44:40.786000","2026-06-17T13:44:40.786000","service_bdf5b7dc-5664-42ca-ab1f-67b3db250555","service+bdf5b7dc-5664-42ca-ab1f-67b3db250555@no-reply.base44.com","false"
"","","","","Did we update in Sales Alert of Slack?","Admin","","","6a32a4c727ffab3a4a4ebeeb","false","","","Checklist","","Not Acknowledged","1","6a32a4c82da242849c921b9e","2026-06-17T13:44:40.598000","2026-06-17T13:44:40.598000","service_bdf5b7dc-5664-42ca-ab1f-67b3db250555","service+bdf5b7dc-5664-42ca-ab1f-67b3db250555@no-reply.base44.com","false"
"","","","","Has Operation Support confirmed when they are planning on meeting the location and time they are meeting (This can be done preferably by SMS or Email)","Admin","","","6a31e57aabc054771922994c","false","","","Checklist","","Not Acknowledged","16","6a31e57f0072737c6a036ec5","2026-06-17T00:08:31.480000","2026-06-17T00:08:31.480000","service_bdf5b7dc-5664-42ca-ab1f-67b3db250555","service+bdf5b7dc-5664-42ca-ab1f-67b3db250555@no-reply.base44.com","false"
"","","","","Did we schedule an Internal BEO discussion with the instructor and Event Team Lead?","Admin","","","6a31e57aabc054771922994c","false","","","Checklist","","Not Acknowledged","15","6a31e57fa4058f38d38d78dd","2026-06-17T00:08:31.246000","2026-06-17T00:08:31.246000","service_bdf5b7dc-5664-42ca-ab1f-67b3db250555","service+bdf5b7dc-5664-42ca-ab1f-67b3db250555@no-reply.base44.com","false"
"","","","","CC form","Admin","","","6a31e57aabc054771922994c","false","","","Checklist","","Not Acknowledged","14","6a31e57f23bc2fa4f7b5705b","2026-06-17T00:08:31.043000","2026-06-17T00:08:31.043000","service_bdf5b7dc-5664-42ca-ab1f-67b3db250555","service+bdf5b7dc-5664-42ca-ab1f-67b3db250555@no-reply.base44.com","false"
"","","","","Remaining Balance and Headcount DUE","Admin","","","6a31e57aabc054771922994c","false","","","Checklist","","Not Acknowledged","13","6a31e57e8b1c44b7aa74baed","2026-06-17T00:08:30.861000","2026-06-17T00:08:30.861000","service_bdf5b7dc-5664-42ca-ab1f-67b3db250555","service+bdf5b7dc-5664-42ca-ab1f-67b3db250555@no-reply.base44.com","false"
"","","","","Remaining Balance Invoice Number","Admin","","","6a31e57aabc054771922994c","false","","","Checklist","","Not Acknowledged","12","6a31e57e4014f464a22fa905","2026-06-17T00:08:30.591000","2026-06-17T00:08:30.591000","service_bdf5b7dc-5664-42ca-ab1f-67b3db250555","service+bdf5b7dc-5664-42ca-ab1f-67b3db250555@no-reply.base44.com","false"
"","","","","Did we send an event flow reminder email?","Admin","","","6a31e57aabc054771922994c","false","","","Checklist","","Not Acknowledged","11","6a31e57ef577c1f221edd716","2026-06-17T00:08:30.360000","2026-06-17T00:08:30.360000","service_bdf5b7dc-5664-42ca-ab1f-67b3db250555","service+bdf5b7dc-5664-42ca-ab1f-67b3db250555@no-reply.base44.com","false"
"","","","","Final HC","Admin","","","6a31e57aabc054771922994c","false","","","Checklist","","Not Acknowledged","10","6a31e57eb4c85fb5fab5b417","2026-06-17T00:08:30.096000","2026-06-17T00:08:30.096000","service_bdf5b7dc-5664-42ca-ab1f-67b3db250555","service+bdf5b7dc-5664-42ca-ab1f-67b3db250555@no-reply.base44.com","false"
"","","","","BEO?","Admin","","","6a31e57aabc054771922994c","false","","","Checklist","","Not Acknowledged","9","6a31e57deb699688c431c7ac","2026-06-17T00:08:29.905000","2026-06-17T00:08:29.905000","service_bdf5b7dc-5664-42ca-ab1f-67b3db250555","service+bdf5b7dc-5664-42ca-ab1f-67b3db250555@no-reply.base44.com","false"
"","","","","If Yes, How many drink tickets / beverages per person?","Admin","","","6a31e57aabc054771922994c","false","","","Checklist","","Not Acknowledged","8","6a31e57d533f2c41389b5590","2026-06-17T00:08:29.718000","2026-06-17T00:08:29.718000","service_bdf5b7dc-5664-42ca-ab1f-67b3db250555","service+bdf5b7dc-5664-42ca-ab1f-67b3db250555@no-reply.base44.com","false"
"","","","","Interest in consumption on-site Y or N (Includes: drink tickets)","Admin","","","6a31e57aabc054771922994c","false","","","Checklist","","Not Acknowledged","7","6a31e57dbe6f90ce15905133","2026-06-17T00:08:29.497000","2026-06-17T00:08:29.497000","service_bdf5b7dc-5664-42ca-ab1f-67b3db250555","service+bdf5b7dc-5664-42ca-ab1f-67b3db250555@no-reply.base44.com","false"
"","","","","Did we send it to supplier?","Admin","","","6a31e57aabc054771922994c","false","","","Checklist","","Not Acknowledged","6","6a31e57d986bba2e93357126","2026-06-17T00:08:29.320000","2026-06-17T00:08:29.320000","service_bdf5b7dc-5664-42ca-ab1f-67b3db250555","service+bdf5b7dc-5664-42ca-ab1f-67b3db250555@no-reply.base44.com","false"
"","","","","Add Ons: Logo'd aprons, glassware and Cheese board","Admin","","","6a31e57aabc054771922994c","false","","","Checklist","","Not Acknowledged","5","6a31e57dd61827b3ee26832b","2026-06-17T00:08:29.112000","2026-06-17T00:08:29.112000","service_bdf5b7dc-5664-42ca-ab1f-67b3db250555","service+bdf5b7dc-5664-42ca-ab1f-67b3db250555@no-reply.base44.com","false"
"","","","","Participation List - Link","Admin","","","6a31e57aabc054771922994c","false","","","Checklist","","Not Acknowledged","4","6a31e57cc7ccc3a8d8f3a5ff","2026-06-17T00:08:28.820000","2026-06-17T00:08:28.820000","service_bdf5b7dc-5664-42ca-ab1f-67b3db250555","service+bdf5b7dc-5664-42ca-ab1f-67b3db250555@no-reply.base44.com","false"
"","","","","Workflow document","Admin","","","6a31e57aabc054771922994c","false","","","Checklist","","Not Acknowledged","3","6a31e57cd729d3781cba84a7","2026-06-17T00:08:28.645000","2026-06-17T00:08:28.645000","service_bdf5b7dc-5664-42ca-ab1f-67b3db250555","service+bdf5b7dc-5664-42ca-ab1f-67b3db250555@no-reply.base44.com","false"
"","","","","Is it documented in Fareharbor?","Admin","","","6a31e57aabc054771922994c","false","","","Checklist","","Not Acknowledged","2","6a31e57c80f255c002fdf4bd","2026-06-17T00:08:28.358000","2026-06-17T00:08:28.358000","service_bdf5b7dc-5664-42ca-ab1f-67b3db250555","service+bdf5b7dc-5664-42ca-ab1f-67b3db250555@no-reply.base44.com","false"
"","","","","Did we update in Sales Alert of Slack?","Admin","","","6a31e57aabc054771922994c","false","","","Checklist","","Not Acknowledged","1","6a31e57ca38ba19ad6b8c407","2026-06-17T00:08:28.171000","2026-06-17T00:08:28.171000","service_bdf5b7dc-5664-42ca-ab1f-67b3db250555","service+bdf5b7dc-5664-42ca-ab1f-67b3db250555@no-reply.base44.com","false"
"","","","","Has Operation Support confirmed when they are planning on meeting the location and time they are meeting (This can be done preferably by SMS or Email)","Admin","","","6a315d29b3c5b2bd18d11831","false","","","Checklist","","Not Acknowledged","16","6a315d2f943081e88d67c3f9","2026-06-16T14:26:55.395000","2026-06-16T14:26:55.395000","service_bdf5b7dc-5664-42ca-ab1f-67b3db250555","service+bdf5b7dc-5664-42ca-ab1f-67b3db250555@no-reply.base44.com","false"
"","","","","Did we schedule an Internal BEO discussion with the instructor and Event Team Lead?","Admin","","","6a315d29b3c5b2bd18d11831","false","","","Checklist","","Not Acknowledged","15","6a315d2f509d1efe4e510488","2026-06-16T14:26:55.174000","2026-06-16T14:26:55.174000","service_bdf5b7dc-5664-42ca-ab1f-67b3db250555","service+bdf5b7dc-5664-42ca-ab1f-67b3db250555@no-reply.base44.com","false"
"","","","","CC form","Admin","","","6a315d29b3c5b2bd18d11831","false","","","Checklist","","Not Acknowledged","14","6a315d2e410e6e7ee95d03ef","2026-06-16T14:26:54.931000","2026-06-16T14:26:54.931000","service_bdf5b7dc-5664-42ca-ab1f-67b3db250555","service+bdf5b7dc-5664-42ca-ab1f-67b3db250555@no-reply.base44.com","false"
"","","","","Remaining Balance and Headcount DUE","Admin","","","6a315d29b3c5b2bd18d11831","false","","","Checklist","","Not Acknowledged","13","6a315d2e33fe91c5b7c694f0","2026-06-16T14:26:54.690000","2026-06-16T14:26:54.690000","service_bdf5b7dc-5664-42ca-ab1f-67b3db250555","service+bdf5b7dc-5664-42ca-ab1f-67b3db250555@no-reply.base44.com","false"
"","","","","Remaining Balance Invoice Number","Admin","","","6a315d29b3c5b2bd18d11831","false","","","Checklist","","Not Acknowledged","12","6a315d2e8e94734ea3b6c352","2026-06-16T14:26:54.451000","2026-06-16T14:26:54.451000","service_bdf5b7dc-5664-42ca-ab1f-67b3db250555","service+bdf5b7dc-5664-42ca-ab1f-67b3db250555@no-reply.base44.com","false"
"","","","","Did we send an event flow reminder email?","Admin","","","6a315d29b3c5b2bd18d11831","false","","","Checklist","","Not Acknowledged","11","6a315d2e005c3794e001fec1","2026-06-16T14:26:54.239000","2026-06-16T14:26:54.239000","service_bdf5b7dc-5664-42ca-ab1f-67b3db250555","service+bdf5b7dc-5664-42ca-ab1f-67b3db250555@no-reply.base44.com","false"
"","","","","Final HC","Admin","","","6a315d29b3c5b2bd18d11831","false","","","Checklist","","Not Acknowledged","10","6a315d2df0c63214c2b90efd","2026-06-16T14:26:53.989000","2026-06-16T14:26:53.989000","service_bdf5b7dc-5664-42ca-ab1f-67b3db250555","service+bdf5b7dc-5664-42ca-ab1f-67b3db250555@no-reply.base44.com","false"
"","","","","BEO?","Admin","","","6a315d29b3c5b2bd18d11831","false","","","Checklist","","Not Acknowledged","9","6a315d2d3f66cf81a6c99f29","2026-06-16T14:26:53.682000","2026-06-16T14:26:53.682000","service_bdf5b7dc-5664-42ca-ab1f-67b3db250555","service+bdf5b7dc-5664-42ca-ab1f-67b3db250555@no-reply.base44.com","false"
"","","","","If Yes, How many drink tickets / beverages per person?","Admin","","","6a315d29b3c5b2bd18d11831","false","","","Checklist","","Not Acknowledged","8","6a315d2dcb7d698cb6a3d69c","2026-06-16T14:26:53.420000","2026-06-16T14:26:53.420000","service_bdf5b7dc-5664-42ca-ab1f-67b3db250555","service+bdf5b7dc-5664-42ca-ab1f-67b3db250555@no-reply.base44.com","false"
"","","","","Interest in consumption on-site Y or N (Includes: drink tickets)","Admin","","","6a315d29b3c5b2bd18d11831","false","","","Checklist","","Not Acknowledged","7","6a315d2d20afffd4eb076d3d","2026-06-16T14:26:53.093000","2026-06-16T14:26:53.093000","service_bdf5b7dc-5664-42ca-ab1f-67b3db250555","service+bdf5b7dc-5664-42ca-ab1f-67b3db250555@no-reply.base44.com","false"
"","","","","Did we send it to supplier?","Admin","","","6a315d29b3c5b2bd18d11831","false","","","Checklist","","Not Acknowledged","6","6a315d2cc87de21ca4aad375","2026-06-16T14:26:52.840000","2026-06-16T14:26:52.840000","service_bdf5b7dc-5664-42ca-ab1f-67b3db250555","service+bdf5b7dc-5664-42ca-ab1f-67b3db250555@no-reply.base44.com","false"
"","","","","Add Ons: Logo'd aprons, glassware and Cheese board","Admin","","","6a315d29b3c5b2bd18d11831","false","","","Checklist","","Not Acknowledged","5","6a315d2cbd4657c9fc6d9420","2026-06-16T14:26:52.472000","2026-06-16T14:26:52.472000","service_bdf5b7dc-5664-42ca-ab1f-67b3db250555","service+bdf5b7dc-5664-42ca-ab1f-67b3db250555@no-reply.base44.com","false"
"","","","","Participation List - Link","Admin","","","6a315d29b3c5b2bd18d11831","false","","","Checklist","","Not Acknowledged","4","6a315d2ced2de164a6429c89","2026-06-16T14:26:52.175000","2026-06-16T14:26:52.175000","service_bdf5b7dc-5664-42ca-ab1f-67b3db250555","service+bdf5b7dc-5664-42ca-ab1f-67b3db250555@no-reply.base44.com","false"
"","","","","Workflow document","Admin","","","6a315d29b3c5b2bd18d11831","false","","","Checklist","","Not Acknowledged","3","6a315d2bd3cc54cf1c97c35c","2026-06-16T14:26:51.851000","2026-06-16T14:26:51.851000","service_bdf5b7dc-5664-42ca-ab1f-67b3db250555","service+bdf5b7dc-5664-42ca-ab1f-67b3db250555@no-reply.base44.com","false"
"","","","","Is it documented in Fareharbor?","Admin","","","6a315d29b3c5b2bd18d11831","false","","","Checklist","","Not Acknowledged","2","6a315d2b9b6df20b3811bec9","2026-06-16T14:26:51.603000","2026-06-16T14:26:51.603000","service_bdf5b7dc-5664-42ca-ab1f-67b3db250555","service+bdf5b7dc-5664-42ca-ab1f-67b3db250555@no-reply.base44.com","false"
"","","","","Did we update in Sales Alert of Slack?","Admin","","","6a315d29b3c5b2bd18d11831","false","","","Checklist","","Not Acknowledged","1","6a315d2bf6899c4af3d8a02f","2026-06-16T14:26:51.323000","2026-06-16T14:26:51.323000","service_bdf5b7dc-5664-42ca-ab1f-67b3db250555","service+bdf5b7dc-5664-42ca-ab1f-67b3db250555@no-reply.base44.com","false"
"","","","","Has Operation Support confirmed when they are planning on meeting the location and time they are meeting (This can be done preferably by SMS or Email)","Admin","","","6a313884f606dc8b1d3c20b5","false","","","Checklist","","Not Acknowledged","16","6a3138893d2c6687cde792dd","2026-06-16T11:50:33.081000","2026-06-16T11:50:33.081000","service_bdf5b7dc-5664-42ca-ab1f-67b3db250555","service+bdf5b7dc-5664-42ca-ab1f-67b3db250555@no-reply.base44.com","false"
"","","","","Did we schedule an Internal BEO discussion with the instructor and Event Team Lead?","Admin","","","6a313884f606dc8b1d3c20b5","false","","","Checklist","","Not Acknowledged","15","6a3138889a30a76544f086cc","2026-06-16T11:50:32.775000","2026-06-16T11:50:32.775000","service_bdf5b7dc-5664-42ca-ab1f-67b3db250555","service+bdf5b7dc-5664-42ca-ab1f-67b3db250555@no-reply.base44.com","false"
"","","","","CC form","Admin","","","6a313884f606dc8b1d3c20b5","false","","","Checklist","","Not Acknowledged","14","6a313888e822d5c48c809f96","2026-06-16T11:50:32.534000","2026-06-16T11:50:32.534000","service_bdf5b7dc-5664-42ca-ab1f-67b3db250555","service+bdf5b7dc-5664-42ca-ab1f-67b3db250555@no-reply.base44.com","false"
"","","","","Remaining Balance and Headcount DUE","Admin","","","6a313884f606dc8b1d3c20b5","false","","","Checklist","","Not Acknowledged","13","6a313888b0569b532f2eb460","2026-06-16T11:50:32.301000","2026-06-16T11:50:32.301000","service_bdf5b7dc-5664-42ca-ab1f-67b3db250555","service+bdf5b7dc-5664-42ca-ab1f-67b3db250555@no-reply.base44.com","false"
"","","","","Remaining Balance Invoice Number","Admin","","","6a313884f606dc8b1d3c20b5","false","","","Checklist","","Not Acknowledged","12","6a3138883df9bed622756a2d","2026-06-16T11:50:32.105000","2026-06-16T11:50:32.105000","service_bdf5b7dc-5664-42ca-ab1f-67b3db250555","service+bdf5b7dc-5664-42ca-ab1f-67b3db250555@no-reply.base44.com","false"
"","","","","Did we send an event flow reminder email?","Admin","","","6a313884f606dc8b1d3c20b5","false","","","Checklist","","Not Acknowledged","11","6a313887f54c694fabb9f9d4","2026-06-16T11:50:31.904000","2026-06-16T11:50:31.904000","service_bdf5b7dc-5664-42ca-ab1f-67b3db250555","service+bdf5b7dc-5664-42ca-ab1f-67b3db250555@no-reply.base44.com","false"
"","","","","Final HC","Admin","","","6a313884f606dc8b1d3c20b5","false","","","Checklist","","Not Acknowledged","10","6a3138872cd49a7b7a5149b6","2026-06-16T11:50:31.691000","2026-06-16T11:50:31.691000","service_bdf5b7dc-5664-42ca-ab1f-67b3db250555","service+bdf5b7dc-5664-42ca-ab1f-67b3db250555@no-reply.base44.com","false"
"","","","","BEO?","Admin","","","6a313884f606dc8b1d3c20b5","false","","","Checklist","","Not Acknowledged","9","6a313887060a390bb3a6996d","2026-06-16T11:50:31.465000","2026-06-16T11:50:31.465000","service_bdf5b7dc-5664-42ca-ab1f-67b3db250555","service+bdf5b7dc-5664-42ca-ab1f-67b3db250555@no-reply.base44.com","false"
"","","","","If Yes, How many drink tickets / beverages per person?","Admin","","","6a313884f606dc8b1d3c20b5","false","","","Checklist","","Not Acknowledged","8","6a313887e822d5c48c809f94","2026-06-16T11:50:31.208000","2026-06-16T11:50:31.208000","service_bdf5b7dc-5664-42ca-ab1f-67b3db250555","service+bdf5b7dc-5664-42ca-ab1f-67b3db250555@no-reply.base44.com","false"
"","","","","Interest in consumption on-site Y or N (Includes: drink tickets)","Admin","","","6a313884f606dc8b1d3c20b5","false","","","Checklist","","Not Acknowledged","7","6a3138874292bf43a8b163aa","2026-06-16T11:50:31","2026-06-16T11:50:31","service_bdf5b7dc-5664-42ca-ab1f-67b3db250555","service+bdf5b7dc-5664-42ca-ab1f-67b3db250555@no-reply.base44.com","false"
"","","","","Did we send it to supplier?","Admin","","","6a313884f606dc8b1d3c20b5","false","","","Checklist","","Not Acknowledged","6","6a313886916df967a3b4d935","2026-06-16T11:50:30.836000","2026-06-16T11:50:30.836000","service_bdf5b7dc-5664-42ca-ab1f-67b3db250555","service+bdf5b7dc-5664-42ca-ab1f-67b3db250555@no-reply.base44.com","false"
"","","","","Add Ons: Logo'd aprons, glassware and Cheese board","Admin","","","6a313884f606dc8b1d3c20b5","false","","","Checklist","","Not Acknowledged","5","6a3138861322cee6e7069f98","2026-06-16T11:50:30.573000","2026-06-16T11:50:30.573000","service_bdf5b7dc-5664-42ca-ab1f-67b3db250555","service+bdf5b7dc-5664-42ca-ab1f-67b3db250555@no-reply.base44.com","false"
"","","","","Participation List - Link","Admin","","","6a313884f606dc8b1d3c20b5","false","","","Checklist","","Not Acknowledged","4","6a31388628bf2eeba7bfa2af","2026-06-16T11:50:30.307000","2026-06-16T11:50:30.307000","service_bdf5b7dc-5664-42ca-ab1f-67b3db250555","service+bdf5b7dc-5664-42ca-ab1f-67b3db250555@no-reply.base44.com","false"
"","","","","Workflow document","Admin","","","6a313884f606dc8b1d3c20b5","false","","","Checklist","","Not Acknowledged","3","6a3138850f7de6cd1a000162","2026-06-16T11:50:29.990000","2026-06-16T11:50:29.990000","service_bdf5b7dc-5664-42ca-ab1f-67b3db250555","service+bdf5b7dc-5664-42ca-ab1f-67b3db250555@no-reply.base44.com","false"
"","","","","Is it documented in Fareharbor?","Admin","","","6a313884f606dc8b1d3c20b5","false","","","Checklist","","Not Acknowledged","2","6a313885b42cd28e0f1c6099","2026-06-16T11:50:29.714000","2026-06-16T11:50:29.714000","service_bdf5b7dc-5664-42ca-ab1f-67b3db250555","service+bdf5b7dc-5664-42ca-ab1f-67b3db250555@no-reply.base44.com","false"
"","","","","Did we update in Sales Alert of Slack?","Admin","","","6a313884f606dc8b1d3c20b5","false","","","Checklist","","Not Acknowledged","1","6a313885c9b9ca0d528eec9f","2026-06-16T11:50:29.545000","2026-06-16T11:50:29.545000","service_bdf5b7dc-5664-42ca-ab1f-67b3db250555","service+bdf5b7dc-5664-42ca-ab1f-67b3db250555@no-reply.base44.com","false"
"","","","","Has Operation Support confirmed when they are planning on meeting the location and time they are meeting (This can be done preferably by SMS or Email)","Admin","","","6a2acb114dedf91da6187092","false","","","Checklist","","Not Acknowledged","16","6a2acb16b8d60b5ea04b22c4","2026-06-11T14:49:58.401000","2026-06-11T14:49:58.401000","service_bdf5b7dc-5664-42ca-ab1f-67b3db250555","service+bdf5b7dc-5664-42ca-ab1f-67b3db250555@no-reply.base44.com","false"
"","","","","Did we schedule an Internal BEO discussion with the instructor and Event Team Lead?","Admin","","","6a2acb114dedf91da6187092","false","","","Checklist","","Not Acknowledged","15","6a2acb16b539ece5dc76df17","2026-06-11T14:49:58.194000","2026-06-11T14:49:58.194000","service_bdf5b7dc-5664-42ca-ab1f-67b3db250555","service+bdf5b7dc-5664-42ca-ab1f-67b3db250555@no-reply.base44.com","false"
"","","","","CC form","Admin","","","6a2acb114dedf91da6187092","false","","","Checklist","","Not Acknowledged","14","6a2acb15e43428a02583e35a","2026-06-11T14:49:57.980000","2026-06-11T14:49:57.980000","service_bdf5b7dc-5664-42ca-ab1f-67b3db250555","service+bdf5b7dc-5664-42ca-ab1f-67b3db250555@no-reply.base44.com","false"
"","","","","Remaining Balance and Headcount DUE","Admin","","","6a2acb114dedf91da6187092","false","","","Checklist","","Not Acknowledged","13","6a2acb15307c5a90a45f06ca","2026-06-11T14:49:57.728000","2026-06-11T14:49:57.728000","service_bdf5b7dc-5664-42ca-ab1f-67b3db250555","service+bdf5b7dc-5664-42ca-ab1f-67b3db250555@no-reply.base44.com","false"
"","","","","Remaining Balance Invoice Number","Admin","","","6a2acb114dedf91da6187092","false","","","Checklist","","Not Acknowledged","12","6a2acb1550a650e32baffb03","2026-06-11T14:49:57.522000","2026-06-11T14:49:57.522000","service_bdf5b7dc-5664-42ca-ab1f-67b3db250555","service+bdf5b7dc-5664-42ca-ab1f-67b3db250555@no-reply.base44.com","false"
"","","","","Did we send an event flow reminder email?","Admin","","","6a2acb114dedf91da6187092","false","","","Checklist","","Not Acknowledged","11","6a2acb1530b7c97a00868e17","2026-06-11T14:49:57.273000","2026-06-11T14:49:57.273000","service_bdf5b7dc-5664-42ca-ab1f-67b3db250555","service+bdf5b7dc-5664-42ca-ab1f-67b3db250555@no-reply.base44.com","false"
"","","","","Final HC","Admin","","","6a2acb114dedf91da6187092","false","","","Checklist","","Not Acknowledged","10","6a2acb142e857d2ab413740e","2026-06-11T14:49:56.985000","2026-06-11T14:49:56.985000","service_bdf5b7dc-5664-42ca-ab1f-67b3db250555","service+bdf5b7dc-5664-42ca-ab1f-67b3db250555@no-reply.base44.com","false"
"","","","","BEO?","Admin","","","6a2acb114dedf91da6187092","false","","","Checklist","","Not Acknowledged","9","6a2acb14b654d4094d6d5814","2026-06-11T14:49:56.683000","2026-06-11T14:49:56.683000","service_bdf5b7dc-5664-42ca-ab1f-67b3db250555","service+bdf5b7dc-5664-42ca-ab1f-67b3db250555@no-reply.base44.com","false"
"","","","","If Yes, How many drink tickets / beverages per person?","Admin","","","6a2acb114dedf91da6187092","false","","","Checklist","","Not Acknowledged","8","6a2acb147bbcbf0fac201c94","2026-06-11T14:49:56.418000","2026-06-11T14:49:56.418000","service_bdf5b7dc-5664-42ca-ab1f-67b3db250555","service+bdf5b7dc-5664-42ca-ab1f-67b3db250555@no-reply.base44.com","false"
"","","","","Interest in consumption on-site Y or N (Includes: drink tickets)","Admin","","","6a2acb114dedf91da6187092","false","","","Checklist","","Not Acknowledged","7","6a2acb14403078101371ced2","2026-06-11T14:49:56.169000","2026-06-11T14:49:56.169000","service_bdf5b7dc-5664-42ca-ab1f-67b3db250555","service+bdf5b7dc-5664-42ca-ab1f-67b3db250555@no-reply.base44.com","false"
"","","","","Did we send it to supplier?","Admin","","","6a2acb114dedf91da6187092","false","","","Checklist","","Not Acknowledged","6","6a2acb13eb8ea29e1f30d8ec","2026-06-11T14:49:55.993000","2026-06-11T14:49:55.993000","service_bdf5b7dc-5664-42ca-ab1f-67b3db250555","service+bdf5b7dc-5664-42ca-ab1f-67b3db250555@no-reply.base44.com","false"
"","","","","Add Ons: Logo'd aprons, glassware and Cheese board","Admin","","","6a2acb114dedf91da6187092","false","","","Checklist","","Not Acknowledged","5","6a2acb1300745230b58c95fe","2026-06-11T14:49:55.709000","2026-06-11T14:49:55.709000","service_bdf5b7dc-5664-42ca-ab1f-67b3db250555","service+bdf5b7dc-5664-42ca-ab1f-67b3db250555@no-reply.base44.com","false"
"","","","","Participation List - Link","Admin","","","6a2acb114dedf91da6187092","false","","","Checklist","","Not Acknowledged","4","6a2acb13fee11425063181bc","2026-06-11T14:49:55.462000","2026-06-11T14:49:55.462000","service_bdf5b7dc-5664-42ca-ab1f-67b3db250555","service+bdf5b7dc-5664-42ca-ab1f-67b3db250555@no-reply.base44.com","false"
"","","","","Workflow document","Admin","","","6a2acb114dedf91da6187092","false","","","Checklist","","Not Acknowledged","3","6a2acb13e928d44f48c01d84","2026-06-11T14:49:55.173000","2026-06-11T14:49:55.173000","service_bdf5b7dc-5664-42ca-ab1f-67b3db250555","service+bdf5b7dc-5664-42ca-ab1f-67b3db250555@no-reply.base44.com","false"
"","","","","Is it documented in Fareharbor?","Admin","","","6a2acb114dedf91da6187092","false","","","Checklist","","Not Acknowledged","2","6a2acb12a9182a1587b8f3e0","2026-06-11T14:49:54.905000","2026-06-11T14:49:54.905000","service_bdf5b7dc-5664-42ca-ab1f-67b3db250555","service+bdf5b7dc-5664-42ca-ab1f-67b3db250555@no-reply.base44.com","false"
"","","","","Did we update in Sales Alert of Slack?","Admin","","","6a2acb114dedf91da6187092","false","","","Checklist","","Not Acknowledged","1","6a2acb12584a9afb492ed99b","2026-06-11T14:49:54.662000","2026-06-11T14:49:54.662000","service_bdf5b7dc-5664-42ca-ab1f-67b3db250555","service+bdf5b7dc-5664-42ca-ab1f-67b3db250555@no-reply.base44.com","false"
"","","","","Has Operation Support confirmed when they are planning on meeting the location and time they are meeting (This can be done preferably by SMS or Email)","Admin","","","6a295e4ce1dd0815d4696ff5","false","","","Checklist","","Not Acknowledged","16","6a295e5100036d46770c6f5b","2026-06-10T12:53:37.708000","2026-06-10T12:53:37.708000","service_bdf5b7dc-5664-42ca-ab1f-67b3db250555","service+bdf5b7dc-5664-42ca-ab1f-67b3db250555@no-reply.base44.com","false"
"","","","","Did we schedule an Internal BEO discussion with the instructor and Event Team Lead?","Admin","","","6a295e4ce1dd0815d4696ff5","false","","","Checklist","","Not Acknowledged","15","6a295e5118cd425f13dcf75a","2026-06-10T12:53:37.500000","2026-06-10T12:53:37.500000","service_bdf5b7dc-5664-42ca-ab1f-67b3db250555","service+bdf5b7dc-5664-42ca-ab1f-67b3db250555@no-reply.base44.com","false"
"","","","","CC form","Admin","","","6a295e4ce1dd0815d4696ff5","false","","","Checklist","","Not Acknowledged","14","6a295e51f7093d2c36a3f114","2026-06-10T12:53:37.275000","2026-06-10T12:53:37.275000","service_bdf5b7dc-5664-42ca-ab1f-67b3db250555","service+bdf5b7dc-5664-42ca-ab1f-67b3db250555@no-reply.base44.com","false"
"","","","","Remaining Balance and Headcount DUE","Admin","","","6a295e4ce1dd0815d4696ff5","false","","","Checklist","","Not Acknowledged","13","6a295e5121d41112a1c69a45","2026-06-10T12:53:37.051000","2026-06-10T12:53:37.051000","service_bdf5b7dc-5664-42ca-ab1f-67b3db250555","service+bdf5b7dc-5664-42ca-ab1f-67b3db250555@no-reply.base44.com","false"
"","","","","Remaining Balance Invoice Number","Admin","","","6a295e4ce1dd0815d4696ff5","false","","","Checklist","","Not Acknowledged","12","6a295e5014a460db37a25d61","2026-06-10T12:53:36.783000","2026-06-10T12:53:36.783000","service_bdf5b7dc-5664-42ca-ab1f-67b3db250555","service+bdf5b7dc-5664-42ca-ab1f-67b3db250555@no-reply.base44.com","false"
"","","","","Did we send an event flow reminder email?","Admin","","","6a295e4ce1dd0815d4696ff5","false","","","Checklist","","Not Acknowledged","11","6a295e5056a259eb6621d7b2","2026-06-10T12:53:36.543000","2026-06-10T12:53:36.543000","service_bdf5b7dc-5664-42ca-ab1f-67b3db250555","service+bdf5b7dc-5664-42ca-ab1f-67b3db250555@no-reply.base44.com","false"
"","","","","Final HC","Admin","","","6a295e4ce1dd0815d4696ff5","false","","","Checklist","","Not Acknowledged","10","6a295e509c454fcb1048560f","2026-06-10T12:53:36.325000","2026-06-10T12:53:36.325000","service_bdf5b7dc-5664-42ca-ab1f-67b3db250555","service+bdf5b7dc-5664-42ca-ab1f-67b3db250555@no-reply.base44.com","false"
"","","","","BEO?","Admin","","","6a295e4ce1dd0815d4696ff5","false","","","Checklist","","Not Acknowledged","9","6a295e50c1bc26916b68fee3","2026-06-10T12:53:36.100000","2026-06-10T12:53:36.100000","service_bdf5b7dc-5664-42ca-ab1f-67b3db250555","service+bdf5b7dc-5664-42ca-ab1f-67b3db250555@no-reply.base44.com","false"
"","","","","If Yes, How many drink tickets / beverages per person?","Admin","","","6a295e4ce1dd0815d4696ff5","false","","","Checklist","","Not Acknowledged","8","6a295e4fc6368c45279dd045","2026-06-10T12:53:35.873000","2026-06-10T12:53:35.873000","service_bdf5b7dc-5664-42ca-ab1f-67b3db250555","service+bdf5b7dc-5664-42ca-ab1f-67b3db250555@no-reply.base44.com","false"
"","","","","Interest in consumption on-site Y or N (Includes: drink tickets)","Admin","","","6a295e4ce1dd0815d4696ff5","false","","","Checklist","","Not Acknowledged","7","6a295e4fa5d27b0e9d21a6c8","2026-06-10T12:53:35.650000","2026-06-10T12:53:35.650000","service_bdf5b7dc-5664-42ca-ab1f-67b3db250555","service+bdf5b7dc-5664-42ca-ab1f-67b3db250555@no-reply.base44.com","false"
"","","","","Did we send it to supplier?","Admin","","","6a295e4ce1dd0815d4696ff5","false","","","Checklist","","Not Acknowledged","6","6a295e4ff6f1ba7a9b61f34f","2026-06-10T12:53:35.332000","2026-06-10T12:53:35.332000","service_bdf5b7dc-5664-42ca-ab1f-67b3db250555","service+bdf5b7dc-5664-42ca-ab1f-67b3db250555@no-reply.base44.com","false"
"","","","","Add Ons: Logo'd aprons, glassware and Cheese board","Admin","","","6a295e4ce1dd0815d4696ff5","false","","","Checklist","","Not Acknowledged","5","6a295e4fb0fc4e994746404e","2026-06-10T12:53:35.137000","2026-06-10T12:53:35.137000","service_bdf5b7dc-5664-42ca-ab1f-67b3db250555","service+bdf5b7dc-5664-42ca-ab1f-67b3db250555@no-reply.base44.com","false"
"","","","","Participation List - Link","Admin","","","6a295e4ce1dd0815d4696ff5","false","","","Checklist","","Not Acknowledged","4","6a295e4e89a3fe70af621a0c","2026-06-10T12:53:34.969000","2026-06-10T12:53:34.969000","service_bdf5b7dc-5664-42ca-ab1f-67b3db250555","service+bdf5b7dc-5664-42ca-ab1f-67b3db250555@no-reply.base44.com","false"
"","","","","Workflow document","Admin","","","6a295e4ce1dd0815d4696ff5","false","","","Checklist","","Not Acknowledged","3","6a295e4efb1cb3aa39c8229f","2026-06-10T12:53:34.740000","2026-06-10T12:53:34.740000","service_bdf5b7dc-5664-42ca-ab1f-67b3db250555","service+bdf5b7dc-5664-42ca-ab1f-67b3db250555@no-reply.base44.com","false"
"","","","","Is it documented in Fareharbor?","Admin","","","6a295e4ce1dd0815d4696ff5","false","","","Checklist","","Not Acknowledged","2","6a295e4e9a89d39241f2539f","2026-06-10T12:53:34.506000","2026-06-10T12:53:34.506000","service_bdf5b7dc-5664-42ca-ab1f-67b3db250555","service+bdf5b7dc-5664-42ca-ab1f-67b3db250555@no-reply.base44.com","false"
"","","","","Did we update in Sales Alert of Slack?","Admin","","","6a295e4ce1dd0815d4696ff5","false","","","Checklist","","Not Acknowledged","1","6a295e4e3aecf9b049cdb594","2026-06-10T12:53:34.222000","2026-06-10T12:53:34.222000","service_bdf5b7dc-5664-42ca-ab1f-67b3db250555","service+bdf5b7dc-5664-42ca-ab1f-67b3db250555@no-reply.base44.com","false"
"","","","","Has Operation Support confirmed when they are planning on meeting the location and time they are meeting (This can be done preferably by SMS or Email)","Admin","","","6a282f2a4dcf6fca15643921","false","","","Checklist","","Not Acknowledged","16","6a282f30f6abcbdcc48cbf33","2026-06-09T15:20:16.110000","2026-06-09T15:20:16.110000","service_bdf5b7dc-5664-42ca-ab1f-67b3db250555","service+bdf5b7dc-5664-42ca-ab1f-67b3db250555@no-reply.base44.com","false"
"","","","","Did we schedule an Internal BEO discussion with the instructor and Event Team Lead?","Admin","","","6a282f2a4dcf6fca15643921","false","","","Checklist","","Not Acknowledged","15","6a282f2f17d87fab0717a521","2026-06-09T15:20:15.809000","2026-06-09T15:20:15.809000","service_bdf5b7dc-5664-42ca-ab1f-67b3db250555","service+bdf5b7dc-5664-42ca-ab1f-67b3db250555@no-reply.base44.com","false"
"","","","","CC form","Admin","","","6a282f2a4dcf6fca15643921","false","","","Checklist","","Not Acknowledged","14","6a282f2fb45ec411992a75f6","2026-06-09T15:20:15.422000","2026-06-09T15:20:15.422000","service_bdf5b7dc-5664-42ca-ab1f-67b3db250555","service+bdf5b7dc-5664-42ca-ab1f-67b3db250555@no-reply.base44.com","false"
"","","","","Remaining Balance and Headcount DUE","Admin","","","6a282f2a4dcf6fca15643921","false","","","Checklist","","Not Acknowledged","13","6a282f2f440559d01e0a6e87","2026-06-09T15:20:15.230000","2026-06-09T15:20:15.230000","service_bdf5b7dc-5664-42ca-ab1f-67b3db250555","service+bdf5b7dc-5664-42ca-ab1f-67b3db250555@no-reply.base44.com","false"
"","","","","Remaining Balance Invoice Number","Admin","","","6a282f2a4dcf6fca15643921","false","","","Checklist","","Not Acknowledged","12","6a282f2f98706ac6c7522673","2026-06-09T15:20:15.049000","2026-06-09T15:20:15.049000","service_bdf5b7dc-5664-42ca-ab1f-67b3db250555","service+bdf5b7dc-5664-42ca-ab1f-67b3db250555@no-reply.base44.com","false"
"","","","","Did we send an event flow reminder email?","Admin","","","6a282f2a4dcf6fca15643921","false","","","Checklist","","Not Acknowledged","11","6a282f2e991ac81bf77c4453","2026-06-09T15:20:14.573000","2026-06-09T15:20:14.573000","service_bdf5b7dc-5664-42ca-ab1f-67b3db250555","service+bdf5b7dc-5664-42ca-ab1f-67b3db250555@no-reply.base44.com","false"
"","","","","Final HC","Admin","","","6a282f2a4dcf6fca15643921","false","","","Checklist","","Not Acknowledged","10","6a282f2e2497544ef8599106","2026-06-09T15:20:14.288000","2026-06-09T15:20:14.288000","service_bdf5b7dc-5664-42ca-ab1f-67b3db250555","service+bdf5b7dc-5664-42ca-ab1f-67b3db250555@no-reply.base44.com","false"
"","","","","BEO?","Admin","","","6a282f2a4dcf6fca15643921","false","","","Checklist","","Not Acknowledged","9","6a282f2da82eff442f671b5e","2026-06-09T15:20:13.821000","2026-06-09T15:20:13.821000","service_bdf5b7dc-5664-42ca-ab1f-67b3db250555","service+bdf5b7dc-5664-42ca-ab1f-67b3db250555@no-reply.base44.com","false"
"","","","","If Yes, How many drink tickets / beverages per person?","Admin","","","6a282f2a4dcf6fca15643921","false","","","Checklist","","Not Acknowledged","8","6a282f2dbb59374ceea04c3e","2026-06-09T15:20:13.550000","2026-06-09T15:20:13.550000","service_bdf5b7dc-5664-42ca-ab1f-67b3db250555","service+bdf5b7dc-5664-42ca-ab1f-67b3db250555@no-reply.base44.com","false"
"","","","","Interest in consumption on-site Y or N (Includes: drink tickets)","Admin","","","6a282f2a4dcf6fca15643921","false","","","Checklist","","Not Acknowledged","7","6a282f2df512a60e47986ad7","2026-06-09T15:20:13.338000","2026-06-09T15:20:13.338000","service_bdf5b7dc-5664-42ca-ab1f-67b3db250555","service+bdf5b7dc-5664-42ca-ab1f-67b3db250555@no-reply.base44.com","false"
"","","","","Did we send it to supplier?","Admin","","","6a282f2a4dcf6fca15643921","false","","","Checklist","","Not Acknowledged","6","6a282f2de53b508198c15420","2026-06-09T15:20:13.063000","2026-06-09T15:20:13.063000","service_bdf5b7dc-5664-42ca-ab1f-67b3db250555","service+bdf5b7dc-5664-42ca-ab1f-67b3db250555@no-reply.base44.com","false"
"","","","","Add Ons: Logo'd aprons, glassware and Cheese board","Admin","","","6a282f2a4dcf6fca15643921","false","","","Checklist","","Not Acknowledged","5","6a282f2c4cb6f0abbf026571","2026-06-09T15:20:12.815000","2026-06-09T15:20:12.815000","service_bdf5b7dc-5664-42ca-ab1f-67b3db250555","service+bdf5b7dc-5664-42ca-ab1f-67b3db250555@no-reply.base44.com","false"
"","","","","Participation List - Link","Admin","","","6a282f2a4dcf6fca15643921","false","","","Checklist","","Not Acknowledged","4","6a282f2c94b1f429e1bbd675","2026-06-09T15:20:12.545000","2026-06-09T15:20:12.545000","service_bdf5b7dc-5664-42ca-ab1f-67b3db250555","service+bdf5b7dc-5664-42ca-ab1f-67b3db250555@no-reply.base44.com","false"
"","","","","Workflow document","Admin","","","6a282f2a4dcf6fca15643921","false","","","Checklist","","Not Acknowledged","3","6a282f2c1c461eaab65e5ce0","2026-06-09T15:20:12.328000","2026-06-09T15:20:12.328000","service_bdf5b7dc-5664-42ca-ab1f-67b3db250555","service+bdf5b7dc-5664-42ca-ab1f-67b3db250555@no-reply.base44.com","false"
"","","","","Is it documented in Fareharbor?","Admin","","","6a282f2a4dcf6fca15643921","false","","","Checklist","","Not Acknowledged","2","6a282f2cdbf94568ba73b8e0","2026-06-09T15:20:12.064000","2026-06-09T15:20:12.064000","service_bdf5b7dc-5664-42ca-ab1f-67b3db250555","service+bdf5b7dc-5664-42ca-ab1f-67b3db250555@no-reply.base44.com","false"
"","","","","Did we update in Sales Alert of Slack?","Admin","","","6a282f2a4dcf6fca15643921","false","","","Checklist","","Not Acknowledged","1","6a282f2b153471435e8641ad","2026-06-09T15:20:11.890000","2026-06-09T15:20:11.890000","service_bdf5b7dc-5664-42ca-ab1f-67b3db250555","service+bdf5b7dc-5664-42ca-ab1f-67b3db250555@no-reply.base44.com","false"
"","","","","Has Operation Support confirmed when they are planning on meeting the location and time they are meeting (This can be done preferably by SMS or Email)","Admin","","","6a282e6f9c72124fcada8f8d","false","","","Checklist","","Not Acknowledged","16","6a282e74760755452c188acd","2026-06-09T15:17:08.171000","2026-06-09T15:17:08.171000","service_bdf5b7dc-5664-42ca-ab1f-67b3db250555","service+bdf5b7dc-5664-42ca-ab1f-67b3db250555@no-reply.base44.com","false"
"","","","","Did we schedule an Internal BEO discussion with the instructor and Event Team Lead?","Admin","","","6a282e6f9c72124fcada8f8d","false","","","Checklist","","Not Acknowledged","15","6a282e73e1f9fec6f1872cfe","2026-06-09T15:17:07.976000","2026-06-09T15:17:07.976000","service_bdf5b7dc-5664-42ca-ab1f-67b3db250555","service+bdf5b7dc-5664-42ca-ab1f-67b3db250555@no-reply.base44.com","false"
"","","","","CC form","Admin","","","6a282e6f9c72124fcada8f8d","false","","","Checklist","","Not Acknowledged","14","6a282e73296627c05d518bae","2026-06-09T15:17:07.771000","2026-06-09T15:17:07.771000","service_bdf5b7dc-5664-42ca-ab1f-67b3db250555","service+bdf5b7dc-5664-42ca-ab1f-67b3db250555@no-reply.base44.com","false"
"","","","","Remaining Balance and Headcount DUE","Admin","","","6a282e6f9c72124fcada8f8d","false","","","Checklist","","Not Acknowledged","13","6a282e73f81231c459b3e508","2026-06-09T15:17:07.504000","2026-06-09T15:17:07.504000","service_bdf5b7dc-5664-42ca-ab1f-67b3db250555","service+bdf5b7dc-5664-42ca-ab1f-67b3db250555@no-reply.base44.com","false"
"","","","","Remaining Balance Invoice Number","Admin","","","6a282e6f9c72124fcada8f8d","false","","","Checklist","","Not Acknowledged","12","6a282e73dbf94568ba73b888","2026-06-09T15:17:07.195000","2026-06-09T15:17:07.195000","service_bdf5b7dc-5664-42ca-ab1f-67b3db250555","service+bdf5b7dc-5664-42ca-ab1f-67b3db250555@no-reply.base44.com","false"
"","","","","Did we send an event flow reminder email?","Admin","","","6a282e6f9c72124fcada8f8d","false","","","Checklist","","Not Acknowledged","11","6a282e724a5e4fa3a898c16c","2026-06-09T15:17:06.989000","2026-06-09T15:17:06.989000","service_bdf5b7dc-5664-42ca-ab1f-67b3db250555","service+bdf5b7dc-5664-42ca-ab1f-67b3db250555@no-reply.base44.com","false"
"","","","","Final HC","Admin","","","6a282e6f9c72124fcada8f8d","false","","","Checklist","","Not Acknowledged","10","6a282e72094070270934ff90","2026-06-09T15:17:06.811000","2026-06-09T15:17:06.811000","service_bdf5b7dc-5664-42ca-ab1f-67b3db250555","service+bdf5b7dc-5664-42ca-ab1f-67b3db250555@no-reply.base44.com","false"
"","","","","BEO?","Admin","","","6a282e6f9c72124fcada8f8d","false","","","Checklist","","Not Acknowledged","9","6a282e72e5c77c986762c0cc","2026-06-09T15:17:06.447000","2026-06-09T15:17:06.447000","service_bdf5b7dc-5664-42ca-ab1f-67b3db250555","service+bdf5b7dc-5664-42ca-ab1f-67b3db250555@no-reply.base44.com","false"
"","","","","If Yes, How many drink tickets / beverages per person?","Admin","","","6a282e6f9c72124fcada8f8d","false","","","Checklist","","Not Acknowledged","8","6a282e7271b21b1a50e17320","2026-06-09T15:17:06.148000","2026-06-09T15:17:06.148000","service_bdf5b7dc-5664-42ca-ab1f-67b3db250555","service+bdf5b7dc-5664-42ca-ab1f-67b3db250555@no-reply.base44.com","false"
"","","","","Interest in consumption on-site Y or N (Includes: drink tickets)","Admin","","","6a282e6f9c72124fcada8f8d","false","","","Checklist","","Not Acknowledged","7","6a282e7167035f3b47313151","2026-06-09T15:17:05.961000","2026-06-09T15:17:05.961000","service_bdf5b7dc-5664-42ca-ab1f-67b3db250555","service+bdf5b7dc-5664-42ca-ab1f-67b3db250555@no-reply.base44.com","false"
"","","","","Did we send it to supplier?","Admin","","","6a282e6f9c72124fcada8f8d","false","","","Checklist","","Not Acknowledged","6","6a282e71f1896304dcd53caf","2026-06-09T15:17:05.728000","2026-06-09T15:17:05.728000","service_bdf5b7dc-5664-42ca-ab1f-67b3db250555","service+bdf5b7dc-5664-42ca-ab1f-67b3db250555@no-reply.base44.com","false"
"","","","","Add Ons: Logo'd aprons, glassware and Cheese board","Admin","","","6a282e6f9c72124fcada8f8d","false","","","Checklist","","Not Acknowledged","5","6a282e716c409ecf017934e9","2026-06-09T15:17:05.492000","2026-06-09T15:17:05.492000","service_bdf5b7dc-5664-42ca-ab1f-67b3db250555","service+bdf5b7dc-5664-42ca-ab1f-67b3db250555@no-reply.base44.com","false"
"","","","","Participation List - Link","Admin","","","6a282e6f9c72124fcada8f8d","false","","","Checklist","","Not Acknowledged","4","6a282e71724e7b0910189b74","2026-06-09T15:17:05.324000","2026-06-09T15:17:05.324000","service_bdf5b7dc-5664-42ca-ab1f-67b3db250555","service+bdf5b7dc-5664-42ca-ab1f-67b3db250555@no-reply.base44.com","false"
"","","","","Workflow document","Admin","","","6a282e6f9c72124fcada8f8d","false","","","Checklist","","Not Acknowledged","3","6a282e715db7f65c15d7b830","2026-06-09T15:17:05.092000","2026-06-09T15:17:05.092000","service_bdf5b7dc-5664-42ca-ab1f-67b3db250555","service+bdf5b7dc-5664-42ca-ab1f-67b3db250555@no-reply.base44.com","false"
"","","","","Is it documented in Fareharbor?","Admin","","","6a282e6f9c72124fcada8f8d","false","","","Checklist","","Not Acknowledged","2","6a282e7078545a17a7c1d0aa","2026-06-09T15:17:04.900000","2026-06-09T15:17:04.900000","service_bdf5b7dc-5664-42ca-ab1f-67b3db250555","service+bdf5b7dc-5664-42ca-ab1f-67b3db250555@no-reply.base44.com","false"
"","","","","Did we update in Sales Alert of Slack?","Admin","","","6a282e6f9c72124fcada8f8d","false","","","Checklist","","Not Acknowledged","1","6a282e70f815421e7aa0f4e2","2026-06-09T15:17:04.646000","2026-06-09T15:17:04.646000","service_bdf5b7dc-5664-42ca-ab1f-67b3db250555","service+bdf5b7dc-5664-42ca-ab1f-67b3db250555@no-reply.base44.com","false"
"","","","","Has Operation Support confirmed when they are planning on meeting the location and time they are meeting (This can be done preferably by SMS or Email)","Admin","","","6a1ef166ee674e9f9b805605","false","","","Checklist","","Not Acknowledged","16","6a1ef16dbe0e6ba56369034a","2026-06-02T15:06:21.234000","2026-06-02T15:06:21.234000","service_bdf5b7dc-5664-42ca-ab1f-67b3db250555","service+bdf5b7dc-5664-42ca-ab1f-67b3db250555@no-reply.base44.com","false"
"","","","","Did we schedule an Internal BEO discussion with the instructor and Event Team Lead?","Admin","","","6a1ef166ee674e9f9b805605","false","","","Checklist","","Not Acknowledged","15","6a1ef16c8ae420ef45afb223","2026-06-02T15:06:20.960000","2026-06-02T15:06:20.960000","service_bdf5b7dc-5664-42ca-ab1f-67b3db250555","service+bdf5b7dc-5664-42ca-ab1f-67b3db250555@no-reply.base44.com","false"
"","","","","CC form","Admin","","","6a1ef166ee674e9f9b805605","false","","","Checklist","","Not Acknowledged","14","6a1ef16cf55a13a298e55332","2026-06-02T15:06:20.706000","2026-06-02T15:06:20.706000","service_bdf5b7dc-5664-42ca-ab1f-67b3db250555","service+bdf5b7dc-5664-42ca-ab1f-67b3db250555@no-reply.base44.com","false"
"","","","","Remaining Balance and Headcount DUE","Admin","","","6a1ef166ee674e9f9b805605","false","","","Checklist","","Not Acknowledged","13","6a1ef16c2a560e9d9ce837da","2026-06-02T15:06:20.468000","2026-06-02T15:06:20.468000","service_bdf5b7dc-5664-42ca-ab1f-67b3db250555","service+bdf5b7dc-5664-42ca-ab1f-67b3db250555@no-reply.base44.com","false"
"","","","","Remaining Balance Invoice Number","Admin","","","6a1ef166ee674e9f9b805605","false","","","Checklist","","Not Acknowledged","12","6a1ef16c44be124dafb7033f","2026-06-02T15:06:20.279000","2026-06-02T15:06:20.279000","service_bdf5b7dc-5664-42ca-ab1f-67b3db250555","service+bdf5b7dc-5664-42ca-ab1f-67b3db250555@no-reply.base44.com","false"
"","","","","Did we send an event flow reminder email?","Admin","","","6a1ef166ee674e9f9b805605","false","","","Checklist","","Not Acknowledged","11","6a1ef16bb1e550b426591276","2026-06-02T15:06:19.150000","2026-06-02T15:06:19.150000","service_bdf5b7dc-5664-42ca-ab1f-67b3db250555","service+bdf5b7dc-5664-42ca-ab1f-67b3db250555@no-reply.base44.com","false"
"","","","","Final HC","Admin","","","6a1ef166ee674e9f9b805605","false","","","Checklist","","Not Acknowledged","10","6a1ef16adcc01cea79f8e94a","2026-06-02T15:06:18.870000","2026-06-02T15:06:18.870000","service_bdf5b7dc-5664-42ca-ab1f-67b3db250555","service+bdf5b7dc-5664-42ca-ab1f-67b3db250555@no-reply.base44.com","false"
"","","","","BEO?","Admin","","","6a1ef166ee674e9f9b805605","false","","","Checklist","","Not Acknowledged","9","6a1ef16a383a2db7fbb04a5d","2026-06-02T15:06:18.559000","2026-06-02T15:06:18.559000","service_bdf5b7dc-5664-42ca-ab1f-67b3db250555","service+bdf5b7dc-5664-42ca-ab1f-67b3db250555@no-reply.base44.com","false"
"","","","","If Yes, How many drink tickets / beverages per person?","Admin","","","6a1ef166ee674e9f9b805605","false","","","Checklist","","Not Acknowledged","8","6a1ef16ae0e3ec902a5d610f","2026-06-02T15:06:18.314000","2026-06-02T15:06:18.314000","service_bdf5b7dc-5664-42ca-ab1f-67b3db250555","service+bdf5b7dc-5664-42ca-ab1f-67b3db250555@no-reply.base44.com","false"
"","","","","Interest in consumption on-site Y or N (Includes: drink tickets)","Admin","","","6a1ef166ee674e9f9b805605","false","","","Checklist","","Not Acknowledged","7","6a1ef16a27dfd72455d0c8ae","2026-06-02T15:06:18.112000","2026-06-02T15:06:18.112000","service_bdf5b7dc-5664-42ca-ab1f-67b3db250555","service+bdf5b7dc-5664-42ca-ab1f-67b3db250555@no-reply.base44.com","false"
"","","","","Did we send it to supplier?","Admin","","","6a1ef166ee674e9f9b805605","false","","","Checklist","","Not Acknowledged","6","6a1ef1699dac76ce0991a302","2026-06-02T15:06:17.923000","2026-06-02T15:06:17.923000","service_bdf5b7dc-5664-42ca-ab1f-67b3db250555","service+bdf5b7dc-5664-42ca-ab1f-67b3db250555@no-reply.base44.com","false"
"","","","","Add Ons: Logo'd aprons, glassware and Cheese board","Admin","","","6a1ef166ee674e9f9b805605","false","","","Checklist","","Not Acknowledged","5","6a1ef1694df8275bf5d8ba22","2026-06-02T15:06:17.585000","2026-06-02T15:06:17.585000","service_bdf5b7dc-5664-42ca-ab1f-67b3db250555","service+bdf5b7dc-5664-42ca-ab1f-67b3db250555@no-reply.base44.com","false"
"","","","","Participation List - Link","Admin","","","6a1ef166ee674e9f9b805605","false","","","Checklist","","Not Acknowledged","4","6a1ef1693d99257481ed0185","2026-06-02T15:06:17.289000","2026-06-02T15:06:17.289000","service_bdf5b7dc-5664-42ca-ab1f-67b3db250555","service+bdf5b7dc-5664-42ca-ab1f-67b3db250555@no-reply.base44.com","false"
"","","","","Workflow document","Admin","","","6a1ef166ee674e9f9b805605","false","","","Checklist","","Not Acknowledged","3","6a1ef168266d223b6ed61cbe","2026-06-02T15:06:16.923000","2026-06-02T15:06:16.923000","service_bdf5b7dc-5664-42ca-ab1f-67b3db250555","service+bdf5b7dc-5664-42ca-ab1f-67b3db250555@no-reply.base44.com","false"
"","","","","Is it documented in Fareharbor?","Admin","","","6a1ef166ee674e9f9b805605","false","","","Checklist","","Not Acknowledged","2","6a1ef168ae32640f2792feae","2026-06-02T15:06:16.608000","2026-06-02T15:06:16.608000","service_bdf5b7dc-5664-42ca-ab1f-67b3db250555","service+bdf5b7dc-5664-42ca-ab1f-67b3db250555@no-reply.base44.com","false"
"","","","","Did we update in Sales Alert of Slack?","Admin","","","6a1ef166ee674e9f9b805605","false","","","Checklist","","Not Acknowledged","1","6a1ef1686081acb17c0883b5","2026-06-02T15:06:16.287000","2026-06-02T15:06:16.287000","service_bdf5b7dc-5664-42ca-ab1f-67b3db250555","service+bdf5b7dc-5664-42ca-ab1f-67b3db250555@no-reply.base44.com","false"
"","","","","Has Operation Support confirmed when they are planning on meeting the location and time they are meeting (This can be done preferably by SMS or Email)","Admin","","","6a16e19dcee93393841551ae","false","","","Checklist","","Not Acknowledged","16","6a16e1a1e8177fd6c0c1e797","2026-05-27T12:20:49.403000","2026-05-27T12:20:49.403000","service_bdf5b7dc-5664-42ca-ab1f-67b3db250555","service+bdf5b7dc-5664-42ca-ab1f-67b3db250555@no-reply.base44.com","false"
"","","","","Did we schedule an Internal BEO discussion with the instructor and Event Team Lead?","Admin","","","6a16e19dcee93393841551ae","false","","","Checklist","","Not Acknowledged","15","6a16e1a1bd831bcd181eeead","2026-05-27T12:20:49.220000","2026-05-27T12:20:49.220000","service_bdf5b7dc-5664-42ca-ab1f-67b3db250555","service+bdf5b7dc-5664-42ca-ab1f-67b3db250555@no-reply.base44.com","false"
"","","","","CC form","Admin","","","6a16e19dcee93393841551ae","false","","","Checklist","","Not Acknowledged","14","6a16e1a09e7329f5687ebdea","2026-05-27T12:20:48.934000","2026-05-27T12:20:48.934000","service_bdf5b7dc-5664-42ca-ab1f-67b3db250555","service+bdf5b7dc-5664-42ca-ab1f-67b3db250555@no-reply.base44.com","false"
"","","","","Remaining Balance and Headcount DUE","Admin","","","6a16e19dcee93393841551ae","false","","","Checklist","","Not Acknowledged","13","6a16e1a0995cefa4c67e8102","2026-05-27T12:20:48.772000","2026-05-27T12:20:48.772000","service_bdf5b7dc-5664-42ca-ab1f-67b3db250555","service+bdf5b7dc-5664-42ca-ab1f-67b3db250555@no-reply.base44.com","false"
"","","","","Remaining Balance Invoice Number","Admin","","","6a16e19dcee93393841551ae","false","","","Checklist","","Not Acknowledged","12","6a16e1a099054baf9dbc8535","2026-05-27T12:20:48.615000","2026-05-27T12:20:48.615000","service_bdf5b7dc-5664-42ca-ab1f-67b3db250555","service+bdf5b7dc-5664-42ca-ab1f-67b3db250555@no-reply.base44.com","false"
"","","","","Did we send an event flow reminder email?","Admin","","","6a16e19dcee93393841551ae","false","","","Checklist","","Not Acknowledged","11","6a16e1a068d19f6a81954ce6","2026-05-27T12:20:48.393000","2026-05-27T12:20:48.393000","service_bdf5b7dc-5664-42ca-ab1f-67b3db250555","service+bdf5b7dc-5664-42ca-ab1f-67b3db250555@no-reply.base44.com","false"
"","","","","Final HC","Admin","","","6a16e19dcee93393841551ae","false","","","Checklist","","Not Acknowledged","10","6a16e1a0e64a892c2b8d2135","2026-05-27T12:20:48.115000","2026-05-27T12:20:48.115000","service_bdf5b7dc-5664-42ca-ab1f-67b3db250555","service+bdf5b7dc-5664-42ca-ab1f-67b3db250555@no-reply.base44.com","false"
"","","","","BEO?","Admin","","","6a16e19dcee93393841551ae","false","","","Checklist","","Not Acknowledged","9","6a16e19f0361d8646924c198","2026-05-27T12:20:47.921000","2026-05-27T12:20:47.921000","service_bdf5b7dc-5664-42ca-ab1f-67b3db250555","service+bdf5b7dc-5664-42ca-ab1f-67b3db250555@no-reply.base44.com","false"
"","","","","If Yes, How many drink tickets / beverages per person?","Admin","","","6a16e19dcee93393841551ae","false","","","Checklist","","Not Acknowledged","8","6a16e19f5185cd432fc96323","2026-05-27T12:20:47.773000","2026-05-27T12:20:47.773000","service_bdf5b7dc-5664-42ca-ab1f-67b3db250555","service+bdf5b7dc-5664-42ca-ab1f-67b3db250555@no-reply.base44.com","false"
"","","","","Interest in consumption on-site Y or N (Includes: drink tickets)","Admin","","","6a16e19dcee93393841551ae","false","","","Checklist","","Not Acknowledged","7","6a16e19f71d26ff43ebb54fe","2026-05-27T12:20:47.615000","2026-05-27T12:20:47.615000","service_bdf5b7dc-5664-42ca-ab1f-67b3db250555","service+bdf5b7dc-5664-42ca-ab1f-67b3db250555@no-reply.base44.com","false"
"","","","","Did we send it to supplier?","Admin","","","6a16e19dcee93393841551ae","false","","","Checklist","","Not Acknowledged","6","6a16e19f0fdd3fb02137af4c","2026-05-27T12:20:47.404000","2026-05-27T12:20:47.404000","service_bdf5b7dc-5664-42ca-ab1f-67b3db250555","service+bdf5b7dc-5664-42ca-ab1f-67b3db250555@no-reply.base44.com","false"
"","","","","Add Ons: Logo'd aprons, glassware and Cheese board","Admin","","","6a16e19dcee93393841551ae","false","","","Checklist","","Not Acknowledged","5","6a16e19faf4d5e7ff3b060c6","2026-05-27T12:20:47.245000","2026-05-27T12:20:47.245000","service_bdf5b7dc-5664-42ca-ab1f-67b3db250555","service+bdf5b7dc-5664-42ca-ab1f-67b3db250555@no-reply.base44.com","false"
"","","","","Participation List - Link","Admin","","","6a16e19dcee93393841551ae","false","","","Checklist","","Not Acknowledged","4","6a16e19efd29565d7b7e898f","2026-05-27T12:20:46.976000","2026-05-27T12:20:46.976000","service_bdf5b7dc-5664-42ca-ab1f-67b3db250555","service+bdf5b7dc-5664-42ca-ab1f-67b3db250555@no-reply.base44.com","false"
"","","","","Workflow document","Admin","","","6a16e19dcee93393841551ae","false","","","Checklist","","Not Acknowledged","3","6a16e19ec338b8438eaff4da","2026-05-27T12:20:46.818000","2026-05-27T12:20:46.818000","service_bdf5b7dc-5664-42ca-ab1f-67b3db250555","service+bdf5b7dc-5664-42ca-ab1f-67b3db250555@no-reply.base44.com","false"
"","","","","Is it documented in Fareharbor?","Admin","","","6a16e19dcee93393841551ae","false","","","Checklist","","Not Acknowledged","2","6a16e19e1ef3257e25c837bc","2026-05-27T12:20:46.607000","2026-05-27T12:20:46.607000","service_bdf5b7dc-5664-42ca-ab1f-67b3db250555","service+bdf5b7dc-5664-42ca-ab1f-67b3db250555@no-reply.base44.com","false"
"","","","","Did we update in Sales Alert of Slack?","Admin","","","6a16e19dcee93393841551ae","false","","","Checklist","","Not Acknowledged","1","6a16e19ea19e7d36f8ba41aa","2026-05-27T12:20:46.448000","2026-05-27T12:20:46.448000","service_bdf5b7dc-5664-42ca-ab1f-67b3db250555","service+bdf5b7dc-5664-42ca-ab1f-67b3db250555@no-reply.base44.com","false"
"","","","","Has Operation Support confirmed when they are planning on meeting the location and time they are meeting (This can be done preferably by SMS or Email)","Admin","","","6a16e11e4eea1091b484c2c2","false","","","Checklist","","Not Acknowledged","16","6a16e12354d84bd30878f45f","2026-05-27T12:18:43.082000","2026-05-27T12:18:43.082000","service_bdf5b7dc-5664-42ca-ab1f-67b3db250555","service+bdf5b7dc-5664-42ca-ab1f-67b3db250555@no-reply.base44.com","false"
"","","","","Did we schedule an Internal BEO discussion with the instructor and Event Team Lead?","Admin","","","6a16e11e4eea1091b484c2c2","false","","","Checklist","","Not Acknowledged","15","6a16e1226fb223f0193843be","2026-05-27T12:18:42.914000","2026-05-27T12:18:42.914000","service_bdf5b7dc-5664-42ca-ab1f-67b3db250555","service+bdf5b7dc-5664-42ca-ab1f-67b3db250555@no-reply.base44.com","false"
"","","","","CC form","Admin","","","6a16e11e4eea1091b484c2c2","false","","","Checklist","","Not Acknowledged","14","6a16e122e925c226c0ba4b1e","2026-05-27T12:18:42.698000","2026-05-27T12:18:42.698000","service_bdf5b7dc-5664-42ca-ab1f-67b3db250555","service+bdf5b7dc-5664-42ca-ab1f-67b3db250555@no-reply.base44.com","false"
"","","","","Remaining Balance and Headcount DUE","Admin","","","6a16e11e4eea1091b484c2c2","false","","","Checklist","","Not Acknowledged","13","6a16e1222aa4c821f2e713ca","2026-05-27T12:18:42.456000","2026-05-27T12:18:42.456000","service_bdf5b7dc-5664-42ca-ab1f-67b3db250555","service+bdf5b7dc-5664-42ca-ab1f-67b3db250555@no-reply.base44.com","false"
"","","","","Remaining Balance Invoice Number","Admin","","","6a16e11e4eea1091b484c2c2","false","","","Checklist","","Not Acknowledged","12","6a16e1222e7c680cfcea4299","2026-05-27T12:18:42.298000","2026-05-27T12:18:42.298000","service_bdf5b7dc-5664-42ca-ab1f-67b3db250555","service+bdf5b7dc-5664-42ca-ab1f-67b3db250555@no-reply.base44.com","false"
"","","","","Did we send an event flow reminder email?","Admin","","","6a16e11e4eea1091b484c2c2","false","","","Checklist","","Not Acknowledged","11","6a16e1227c54b79d2eb55dcc","2026-05-27T12:18:42.094000","2026-05-27T12:18:42.094000","service_bdf5b7dc-5664-42ca-ab1f-67b3db250555","service+bdf5b7dc-5664-42ca-ab1f-67b3db250555@no-reply.base44.com","false"
"","","","","Final HC","Admin","","","6a16e11e4eea1091b484c2c2","false","","","Checklist","","Not Acknowledged","10","6a16e1213cfc4c404d76a911","2026-05-27T12:18:41.868000","2026-05-27T12:18:41.868000","service_bdf5b7dc-5664-42ca-ab1f-67b3db250555","service+bdf5b7dc-5664-42ca-ab1f-67b3db250555@no-reply.base44.com","false"
"","","","","BEO?","Admin","","","6a16e11e4eea1091b484c2c2","false","","","Checklist","","Not Acknowledged","9","6a16e121fa9e53ba2b62c76e","2026-05-27T12:18:41.524000","2026-05-27T12:18:41.524000","service_bdf5b7dc-5664-42ca-ab1f-67b3db250555","service+bdf5b7dc-5664-42ca-ab1f-67b3db250555@no-reply.base44.com","false"
"","","","","If Yes, How many drink tickets / beverages per person?","Admin","","","6a16e11e4eea1091b484c2c2","false","","","Checklist","","Not Acknowledged","8","6a16e1211685136e4c828f30","2026-05-27T12:18:41.300000","2026-05-27T12:18:41.300000","service_bdf5b7dc-5664-42ca-ab1f-67b3db250555","service+bdf5b7dc-5664-42ca-ab1f-67b3db250555@no-reply.base44.com","false"
"","","","","Interest in consumption on-site Y or N (Includes: drink tickets)","Admin","","","6a16e11e4eea1091b484c2c2","false","","","Checklist","","Not Acknowledged","7","6a16e1212d3573c655c9ed3e","2026-05-27T12:18:41.065000","2026-05-27T12:18:41.065000","service_bdf5b7dc-5664-42ca-ab1f-67b3db250555","service+bdf5b7dc-5664-42ca-ab1f-67b3db250555@no-reply.base44.com","false"
"","","","","Did we send it to supplier?","Admin","","","6a16e11e4eea1091b484c2c2","false","","","Checklist","","Not Acknowledged","6","6a16e1206dca6378ba7fad03","2026-05-27T12:18:40.851000","2026-05-27T12:18:40.851000","service_bdf5b7dc-5664-42ca-ab1f-67b3db250555","service+bdf5b7dc-5664-42ca-ab1f-67b3db250555@no-reply.base44.com","false"
"","","","","Add Ons: Logo'd aprons, glassware and Cheese board","Admin","","","6a16e11e4eea1091b484c2c2","false","","","Checklist","","Not Acknowledged","5","6a16e120510d3d8b4ce38531","2026-05-27T12:18:40.699000","2026-05-27T12:18:40.699000","service_bdf5b7dc-5664-42ca-ab1f-67b3db250555","service+bdf5b7dc-5664-42ca-ab1f-67b3db250555@no-reply.base44.com","false"
"","","","","Participation List - Link","Admin","","","6a16e11e4eea1091b484c2c2","false","","","Checklist","","Not Acknowledged","4","6a16e120e58f6508dfd7f3ba","2026-05-27T12:18:40.531000","2026-05-27T12:18:40.531000","service_bdf5b7dc-5664-42ca-ab1f-67b3db250555","service+bdf5b7dc-5664-42ca-ab1f-67b3db250555@no-reply.base44.com","false"
"","","","","Workflow document","Admin","","","6a16e11e4eea1091b484c2c2","false","","","Checklist","","Not Acknowledged","3","6a16e120c56687429465b0b5","2026-05-27T12:18:40.366000","2026-05-27T12:18:40.366000","service_bdf5b7dc-5664-42ca-ab1f-67b3db250555","service+bdf5b7dc-5664-42ca-ab1f-67b3db250555@no-reply.base44.com","false"
"","","","","Is it documented in Fareharbor?","Admin","","","6a16e11e4eea1091b484c2c2","false","","","Checklist","","Not Acknowledged","2","6a16e120deabcf2e42409308","2026-05-27T12:18:40.190000","2026-05-27T12:18:40.190000","service_bdf5b7dc-5664-42ca-ab1f-67b3db250555","service+bdf5b7dc-5664-42ca-ab1f-67b3db250555@no-reply.base44.com","false"
"","","","","Did we update in Sales Alert of Slack?","Admin","","","6a16e11e4eea1091b484c2c2","false","","","Checklist","","Not Acknowledged","1","6a16e11f9b782757140e952c","2026-05-27T12:18:39.932000","2026-05-27T12:18:39.932000","service_bdf5b7dc-5664-42ca-ab1f-67b3db250555","service+bdf5b7dc-5664-42ca-ab1f-67b3db250555@no-reply.base44.com","false"
"","","","","Has Operation Support confirmed when they are planning on meeting the location and time they are meeting (This can be done preferably by SMS or Email)","Admin","","","6a0ee6efad56bd68d131a262","false","","","Checklist","","Not Acknowledged","16","6a0ee6f3e4d9ac76ee4aa4f4","2026-05-21T11:05:23.511000","2026-05-21T11:05:23.511000","service_bdf5b7dc-5664-42ca-ab1f-67b3db250555","service+bdf5b7dc-5664-42ca-ab1f-67b3db250555@no-reply.base44.com","false"
"","","","","Did we schedule an Internal BEO discussion with the instructor and Event Team Lead?","Admin","","","6a0ee6efad56bd68d131a262","false","","","Checklist","","Not Acknowledged","15","6a0ee6f3d30f59ccc5925a91","2026-05-21T11:05:23.325000","2026-05-21T11:05:23.325000","service_bdf5b7dc-5664-42ca-ab1f-67b3db250555","service+bdf5b7dc-5664-42ca-ab1f-67b3db250555@no-reply.base44.com","false"
"","","","","CC form","Admin","","","6a0ee6efad56bd68d131a262","false","","","Checklist","","Not Acknowledged","14","6a0ee6f314c26db631be9cfa","2026-05-21T11:05:23.050000","2026-05-21T11:05:23.050000","service_bdf5b7dc-5664-42ca-ab1f-67b3db250555","service+bdf5b7dc-5664-42ca-ab1f-67b3db250555@no-reply.base44.com","false"
"","","","","Remaining Balance and Headcount DUE","Admin","","","6a0ee6efad56bd68d131a262","false","","","Checklist","","Not Acknowledged","13","6a0ee6f23f80401a602e9ce1","2026-05-21T11:05:22.850000","2026-05-21T11:05:22.850000","service_bdf5b7dc-5664-42ca-ab1f-67b3db250555","service+bdf5b7dc-5664-42ca-ab1f-67b3db250555@no-reply.base44.com","false"
"","","","","Remaining Balance Invoice Number","Admin","","","6a0ee6efad56bd68d131a262","false","","","Checklist","","Not Acknowledged","12","6a0ee6f282cc723da6994c9b","2026-05-21T11:05:22.632000","2026-05-21T11:05:22.632000","service_bdf5b7dc-5664-42ca-ab1f-67b3db250555","service+bdf5b7dc-5664-42ca-ab1f-67b3db250555@no-reply.base44.com","false"
"","","","","Did we send an event flow reminder email?","Admin","","","6a0ee6efad56bd68d131a262","false","","","Checklist","","Not Acknowledged","11","6a0ee6f2536ae43e883fe463","2026-05-21T11:05:22.407000","2026-05-21T11:05:22.407000","service_bdf5b7dc-5664-42ca-ab1f-67b3db250555","service+bdf5b7dc-5664-42ca-ab1f-67b3db250555@no-reply.base44.com","false"
"","","","","Final HC","Admin","","","6a0ee6efad56bd68d131a262","false","","","Checklist","","Not Acknowledged","10","6a0ee6f2854753b21b046adc","2026-05-21T11:05:22.259000","2026-05-21T11:05:22.259000","service_bdf5b7dc-5664-42ca-ab1f-67b3db250555","service+bdf5b7dc-5664-42ca-ab1f-67b3db250555@no-reply.base44.com","false"
"","","","","BEO?","Admin","","","6a0ee6efad56bd68d131a262","false","","","Checklist","","Not Acknowledged","9","6a0ee6f248addbda8101361e","2026-05-21T11:05:22.102000","2026-05-21T11:05:22.102000","service_bdf5b7dc-5664-42ca-ab1f-67b3db250555","service+bdf5b7dc-5664-42ca-ab1f-67b3db250555@no-reply.base44.com","false"
"","","","","If Yes, How many drink tickets / beverages per person?","Admin","","","6a0ee6efad56bd68d131a262","false","","","Checklist","","Not Acknowledged","8","6a0ee6f155d4fcc45ae76da5","2026-05-21T11:05:21.878000","2026-05-21T11:05:21.878000","service_bdf5b7dc-5664-42ca-ab1f-67b3db250555","service+bdf5b7dc-5664-42ca-ab1f-67b3db250555@no-reply.base44.com","false"
"","","","","Interest in consumption on-site Y or N (Includes: drink tickets)","Admin","","","6a0ee6efad56bd68d131a262","false","","","Checklist","","Not Acknowledged","7","6a0ee6f11306f7b448d48365","2026-05-21T11:05:21.642000","2026-05-21T11:05:21.642000","service_bdf5b7dc-5664-42ca-ab1f-67b3db250555","service+bdf5b7dc-5664-42ca-ab1f-67b3db250555@no-reply.base44.com","false"
"","","","","Did we send it to supplier?","Admin","","","6a0ee6efad56bd68d131a262","false","","","Checklist","","Not Acknowledged","6","6a0ee6f1b877740c06f9d352","2026-05-21T11:05:21.447000","2026-05-21T11:05:21.447000","service_bdf5b7dc-5664-42ca-ab1f-67b3db250555","service+bdf5b7dc-5664-42ca-ab1f-67b3db250555@no-reply.base44.com","false"
"2026-05-21T11:22:12.419Z","","","","Add Ons: Logo'd aprons, glassware and Cheese board","Admin","","2026-05-21T11:22:10.666Z","6a0ee6efad56bd68d131a262","false","699c69418e04ef1c530e70c1","","Checklist","","Done","5","6a0ee6f16de1286a72240fde","2026-05-21T11:05:21.264000","2026-05-21T11:20:09.636000","service_bdf5b7dc-5664-42ca-ab1f-67b3db250555","service+bdf5b7dc-5664-42ca-ab1f-67b3db250555@no-reply.base44.com","false"
"2026-05-21T11:22:05.755Z","","","","Participation List - Link","Admin","","2026-05-21T11:22:01.634Z","6a0ee6efad56bd68d131a262","false","699c69418e04ef1c530e70c1","","Checklist","","Done","4","6a0ee6f1328ae5b0a51f0d19","2026-05-21T11:05:21.043000","2026-05-21T11:20:02.968000","service_bdf5b7dc-5664-42ca-ab1f-67b3db250555","service+bdf5b7dc-5664-42ca-ab1f-67b3db250555@no-reply.base44.com","false"
"","","","","Workflow document","Admin","","","6a0ee6efad56bd68d131a262","false","","","Checklist","","Not Acknowledged","3","6a0ee6f0462b38472b1cce8c","2026-05-21T11:05:20.759000","2026-05-21T11:05:20.759000","service_bdf5b7dc-5664-42ca-ab1f-67b3db250555","service+bdf5b7dc-5664-42ca-ab1f-67b3db250555@no-reply.base44.com","false"
"2026-05-21T11:21:58.690Z","","","","Is it documented in Fareharbor?","Admin","","2026-05-21T11:21:56.626Z","6a0ee6efad56bd68d131a262","false","699c69418e04ef1c530e70c1","","Checklist","","Done","2","6a0ee6f048168fcb401d5c68","2026-05-21T11:05:20.535000","2026-05-21T11:19:55.891000","service_bdf5b7dc-5664-42ca-ab1f-67b3db250555","service+bdf5b7dc-5664-42ca-ab1f-67b3db250555@no-reply.base44.com","false"
"2026-05-21T11:07:41.431Z","","","","Did we update in Sales Alert of Slack?","Admin","","2026-05-21T11:07:40.167Z","6a0ee6efad56bd68d131a262","false","699c69418e04ef1c530e70c1","","Checklist","","Done","1","6a0ee6f06afbff7db19697da","2026-05-21T11:05:20.319000","2026-05-21T11:05:38.635000","service_bdf5b7dc-5664-42ca-ab1f-67b3db250555","service+bdf5b7dc-5664-42ca-ab1f-67b3db250555@no-reply.base44.com","false"
"","","","","Has Operation Support confirmed when they are planning on meeting the location and time they are meeting (This can be done preferably by SMS or Email)","Admin","","","6a0dc8aac98b79a69639e8ec","false","","","Checklist","","Not Acknowledged","16","6a0dc8afc0d09e168f08c2d9","2026-05-20T14:43:59.496000","2026-05-20T14:43:59.496000","service_bdf5b7dc-5664-42ca-ab1f-67b3db250555","service+bdf5b7dc-5664-42ca-ab1f-67b3db250555@no-reply.base44.com","false"
"","","","","Did we schedule an Internal BEO discussion with the instructor and Event Team Lead?","Admin","","","6a0dc8aac98b79a69639e8ec","false","","","Checklist","","Not Acknowledged","15","6a0dc8af87b804fc25ccfc32","2026-05-20T14:43:59.245000","2026-05-20T14:43:59.245000","service_bdf5b7dc-5664-42ca-ab1f-67b3db250555","service+bdf5b7dc-5664-42ca-ab1f-67b3db250555@no-reply.base44.com","false"
"","","","","CC form","Admin","","","6a0dc8aac98b79a69639e8ec","false","","","Checklist","","Not Acknowledged","14","6a0dc8aefe53610552f9ce7f","2026-05-20T14:43:58.963000","2026-05-20T14:43:58.963000","service_bdf5b7dc-5664-42ca-ab1f-67b3db250555","service+bdf5b7dc-5664-42ca-ab1f-67b3db250555@no-reply.base44.com","false"
"","","","","Remaining Balance and Headcount DUE","Admin","","","6a0dc8aac98b79a69639e8ec","false","","","Checklist","","Not Acknowledged","13","6a0dc8aeba4cab8e5ee8f9bc","2026-05-20T14:43:58.719000","2026-05-20T14:43:58.719000","service_bdf5b7dc-5664-42ca-ab1f-67b3db250555","service+bdf5b7dc-5664-42ca-ab1f-67b3db250555@no-reply.base44.com","false"
"","","","","Remaining Balance Invoice Number","Admin","","","6a0dc8aac98b79a69639e8ec","false","","","Checklist","","Not Acknowledged","12","6a0dc8aefcecf12059c497d4","2026-05-20T14:43:58.530000","2026-05-20T14:43:58.530000","service_bdf5b7dc-5664-42ca-ab1f-67b3db250555","service+bdf5b7dc-5664-42ca-ab1f-67b3db250555@no-reply.base44.com","false"
"","","","","Did we send an event flow reminder email?","Admin","","","6a0dc8aac98b79a69639e8ec","false","","","Checklist","","Not Acknowledged","11","6a0dc8ae09a8128a4c70633d","2026-05-20T14:43:58.272000","2026-05-20T14:43:58.272000","service_bdf5b7dc-5664-42ca-ab1f-67b3db250555","service+bdf5b7dc-5664-42ca-ab1f-67b3db250555@no-reply.base44.com","false"
"","","","","Final HC","Admin","","","6a0dc8aac98b79a69639e8ec","false","","","Checklist","","Not Acknowledged","10","6a0dc8ae3e3e97ad813cd955","2026-05-20T14:43:58.096000","2026-05-20T14:43:58.096000","service_bdf5b7dc-5664-42ca-ab1f-67b3db250555","service+bdf5b7dc-5664-42ca-ab1f-67b3db250555@no-reply.base44.com","false"
"","","","","BEO?","Admin","","","6a0dc8aac98b79a69639e8ec","false","","","Checklist","","Not Acknowledged","9","6a0dc8ade90f540fb4744ac3","2026-05-20T14:43:57.881000","2026-05-20T14:43:57.881000","service_bdf5b7dc-5664-42ca-ab1f-67b3db250555","service+bdf5b7dc-5664-42ca-ab1f-67b3db250555@no-reply.base44.com","false"
"","","","","If Yes, How many drink tickets / beverages per person?","Admin","","","6a0dc8aac98b79a69639e8ec","false","","","Checklist","","Not Acknowledged","8","6a0dc8adb679f0de7de7c00d","2026-05-20T14:43:57.664000","2026-05-20T14:43:57.664000","service_bdf5b7dc-5664-42ca-ab1f-67b3db250555","service+bdf5b7dc-5664-42ca-ab1f-67b3db250555@no-reply.base44.com","false"
"","","","","Interest in consumption on-site Y or N (Includes: drink tickets)","Admin","","","6a0dc8aac98b79a69639e8ec","false","","","Checklist","","Not Acknowledged","7","6a0dc8adc4ad13ba8ca84c95","2026-05-20T14:43:57.412000","2026-05-20T14:43:57.412000","service_bdf5b7dc-5664-42ca-ab1f-67b3db250555","service+bdf5b7dc-5664-42ca-ab1f-67b3db250555@no-reply.base44.com","false"
"","","","","Did we send it to supplier?","Admin","","","6a0dc8aac98b79a69639e8ec","false","","","Checklist","","Not Acknowledged","6","6a0dc8ad0a2654064bdf0509","2026-05-20T14:43:57.096000","2026-05-20T14:43:57.096000","service_bdf5b7dc-5664-42ca-ab1f-67b3db250555","service+bdf5b7dc-5664-42ca-ab1f-67b3db250555@no-reply.base44.com","false"
"","","","","Add Ons: Logo'd aprons, glassware and Cheese board","Admin","","","6a0dc8aac98b79a69639e8ec","false","","","Checklist","","Not Acknowledged","5","6a0dc8ac96e8cfe82cf6cba2","2026-05-20T14:43:56.821000","2026-05-20T14:43:56.821000","service_bdf5b7dc-5664-42ca-ab1f-67b3db250555","service+bdf5b7dc-5664-42ca-ab1f-67b3db250555@no-reply.base44.com","false"
"","","","","Participation List - Link","Admin","","","6a0dc8aac98b79a69639e8ec","false","","","Checklist","","Not Acknowledged","4","6a0dc8acdcd99c6dadcfbcb0","2026-05-20T14:43:56.527000","2026-05-20T14:43:56.527000","service_bdf5b7dc-5664-42ca-ab1f-67b3db250555","service+bdf5b7dc-5664-42ca-ab1f-67b3db250555@no-reply.base44.com","false"
"","","","","Workflow document","Admin","","","6a0dc8aac98b79a69639e8ec","false","","","Checklist","","Not Acknowledged","3","6a0dc8acac16e6a3d8478bf8","2026-05-20T14:43:56.330000","2026-05-20T14:43:56.330000","service_bdf5b7dc-5664-42ca-ab1f-67b3db250555","service+bdf5b7dc-5664-42ca-ab1f-67b3db250555@no-reply.base44.com","false"
"","","","","Is it documented in Fareharbor?","Admin","","","6a0dc8aac98b79a69639e8ec","false","","","Checklist","","Not Acknowledged","2","6a0dc8ace6f58904bb7f8959","2026-05-20T14:43:56.165000","2026-05-20T14:43:56.165000","service_bdf5b7dc-5664-42ca-ab1f-67b3db250555","service+bdf5b7dc-5664-42ca-ab1f-67b3db250555@no-reply.base44.com","false"
"","","","","Did we update in Sales Alert of Slack?","Admin","","","6a0dc8aac98b79a69639e8ec","false","","","Checklist","","Not Acknowledged","1","6a0dc8ab34fd243337645cfd","2026-05-20T14:43:55.948000","2026-05-20T14:43:55.948000","service_bdf5b7dc-5664-42ca-ab1f-67b3db250555","service+bdf5b7dc-5664-42ca-ab1f-67b3db250555@no-reply.base44.com","false"
"","","","","Has Operation Support confirmed when they are planning on meeting the location and time they are meeting (This can be done preferably by SMS or Email)","Admin","","","6a0c76a0009f23e0171ba780","false","","","Checklist","","Not Acknowledged","16","6a0c76a5b154dc17705f6706","2026-05-19T14:41:41.602000","2026-05-19T14:41:41.602000","service_bdf5b7dc-5664-42ca-ab1f-67b3db250555","service+bdf5b7dc-5664-42ca-ab1f-67b3db250555@no-reply.base44.com","false"
"","","","","Did we schedule an Internal BEO discussion with the instructor and Event Team Lead?","Admin","","","6a0c76a0009f23e0171ba780","false","","","Checklist","","Not Acknowledged","15","6a0c76a52817f025a350c7af","2026-05-19T14:41:41.421000","2026-05-19T14:41:41.421000","service_bdf5b7dc-5664-42ca-ab1f-67b3db250555","service+bdf5b7dc-5664-42ca-ab1f-67b3db250555@no-reply.base44.com","false"
"","","","","CC form","Admin","","","6a0c76a0009f23e0171ba780","false","","","Checklist","","Not Acknowledged","14","6a0c76a541cd8f60f3588180","2026-05-19T14:41:41.189000","2026-05-19T14:41:41.189000","service_bdf5b7dc-5664-42ca-ab1f-67b3db250555","service+bdf5b7dc-5664-42ca-ab1f-67b3db250555@no-reply.base44.com","false"
"","","","","Remaining Balance and Headcount DUE","Admin","","","6a0c76a0009f23e0171ba780","false","","","Checklist","","Not Acknowledged","13","6a0c76a4f7c23a2b0e7edd45","2026-05-19T14:41:40.894000","2026-05-19T14:41:40.894000","service_bdf5b7dc-5664-42ca-ab1f-67b3db250555","service+bdf5b7dc-5664-42ca-ab1f-67b3db250555@no-reply.base44.com","false"
"","","","","Remaining Balance Invoice Number","Admin","","","6a0c76a0009f23e0171ba780","false","","","Checklist","","Not Acknowledged","12","6a0c76a4f1f5354333bb870f","2026-05-19T14:41:40.653000","2026-05-19T14:41:40.653000","service_bdf5b7dc-5664-42ca-ab1f-67b3db250555","service+bdf5b7dc-5664-42ca-ab1f-67b3db250555@no-reply.base44.com","false"
"","","","","Did we send an event flow reminder email?","Admin","","","6a0c76a0009f23e0171ba780","false","","","Checklist","","Not Acknowledged","11","6a0c76a4c8a911db3dc51252","2026-05-19T14:41:40.336000","2026-05-19T14:41:40.336000","service_bdf5b7dc-5664-42ca-ab1f-67b3db250555","service+bdf5b7dc-5664-42ca-ab1f-67b3db250555@no-reply.base44.com","false"
"","","","","Final HC","Admin","","","6a0c76a0009f23e0171ba780","false","","","Checklist","","Not Acknowledged","10","6a0c76a43bf44767af8ff0a3","2026-05-19T14:41:40.116000","2026-05-19T14:41:40.116000","service_bdf5b7dc-5664-42ca-ab1f-67b3db250555","service+bdf5b7dc-5664-42ca-ab1f-67b3db250555@no-reply.base44.com","false"
"","","","","BEO?","Admin","","","6a0c76a0009f23e0171ba780","false","","","Checklist","","Not Acknowledged","9","6a0c76a32761ba7482b05970","2026-05-19T14:41:39.854000","2026-05-19T14:41:39.854000","service_bdf5b7dc-5664-42ca-ab1f-67b3db250555","service+bdf5b7dc-5664-42ca-ab1f-67b3db250555@no-reply.base44.com","false"
"","","","","If Yes, How many drink tickets / beverages per person?","Admin","","","6a0c76a0009f23e0171ba780","false","","","Checklist","","Not Acknowledged","8","6a0c76a3acc0bf1743e42c94","2026-05-19T14:41:39.626000","2026-05-19T14:41:39.626000","service_bdf5b7dc-5664-42ca-ab1f-67b3db250555","service+bdf5b7dc-5664-42ca-ab1f-67b3db250555@no-reply.base44.com","false"
"","","","","Interest in consumption on-site Y or N (Includes: drink tickets)","Admin","","","6a0c76a0009f23e0171ba780","false","","","Checklist","","Not Acknowledged","7","6a0c76a3167dd70ef961fc39","2026-05-19T14:41:39.373000","2026-05-19T14:41:39.373000","service_bdf5b7dc-5664-42ca-ab1f-67b3db250555","service+bdf5b7dc-5664-42ca-ab1f-67b3db250555@no-reply.base44.com","false"
"","","","","Did we send it to supplier?","Admin","","","6a0c76a0009f23e0171ba780","false","","","Checklist","","Not Acknowledged","6","6a0c76a38ecfedc1cc89b50f","2026-05-19T14:41:39.142000","2026-05-19T14:41:39.142000","service_bdf5b7dc-5664-42ca-ab1f-67b3db250555","service+bdf5b7dc-5664-42ca-ab1f-67b3db250555@no-reply.base44.com","false"
"","","","","Add Ons: Logo'd aprons, glassware and Cheese board","Admin","","","6a0c76a0009f23e0171ba780","false","","","Checklist","","Not Acknowledged","5","6a0c76a2307fd792362bd259","2026-05-19T14:41:38.906000","2026-05-19T14:41:38.906000","service_bdf5b7dc-5664-42ca-ab1f-67b3db250555","service+bdf5b7dc-5664-42ca-ab1f-67b3db250555@no-reply.base44.com","false"
"","","","","Participation List - Link","Admin","","","6a0c76a0009f23e0171ba780","false","","","Checklist","","Not Acknowledged","4","6a0c76a2a0c44308343cc226","2026-05-19T14:41:38.490000","2026-05-19T14:41:38.490000","service_bdf5b7dc-5664-42ca-ab1f-67b3db250555","service+bdf5b7dc-5664-42ca-ab1f-67b3db250555@no-reply.base44.com","false"
"","","","","Workflow document","Admin","","","6a0c76a0009f23e0171ba780","false","","","Checklist","","Not Acknowledged","3","6a0c76a272bc4af85a9e0ee9","2026-05-19T14:41:38.197000","2026-05-19T14:41:38.197000","service_bdf5b7dc-5664-42ca-ab1f-67b3db250555","service+bdf5b7dc-5664-42ca-ab1f-67b3db250555@no-reply.base44.com","false"
"","","","","Is it documented in Fareharbor?","Admin","","","6a0c76a0009f23e0171ba780","false","","","Checklist","","Not Acknowledged","2","6a0c76a1dfcbf7a2713020dc","2026-05-19T14:41:37.980000","2026-05-19T14:41:37.980000","service_bdf5b7dc-5664-42ca-ab1f-67b3db250555","service+bdf5b7dc-5664-42ca-ab1f-67b3db250555@no-reply.base44.com","false"
"","","","","Did we update in Sales Alert of Slack?","Admin","","","6a0c76a0009f23e0171ba780","false","","","Checklist","","Not Acknowledged","1","6a0c76a14fc4e36f6ac81e2d","2026-05-19T14:41:37.740000","2026-05-19T14:41:37.740000","service_bdf5b7dc-5664-42ca-ab1f-67b3db250555","service+bdf5b7dc-5664-42ca-ab1f-67b3db250555@no-reply.base44.com","false"
"","","","","Has Operation Support confirmed when they are planning on meeting the location and time they are meeting (This can be done preferably by SMS or Email)","Admin","","","6a07410de407d7faa7de6a3f","false","","","Checklist","","Not Acknowledged","16","6a074112f79c317199d4d2dc","2026-05-15T15:51:46.924000","2026-05-15T15:51:46.924000","service_bdf5b7dc-5664-42ca-ab1f-67b3db250555","service+bdf5b7dc-5664-42ca-ab1f-67b3db250555@no-reply.base44.com","false"
"","","","","Did we schedule an Internal BEO discussion with the instructor and Event Team Lead?","Admin","","","6a07410de407d7faa7de6a3f","false","","","Checklist","","Not Acknowledged","15","6a074112c8399450c39a609b","2026-05-15T15:51:46.688000","2026-05-15T15:51:46.688000","service_bdf5b7dc-5664-42ca-ab1f-67b3db250555","service+bdf5b7dc-5664-42ca-ab1f-67b3db250555@no-reply.base44.com","false"
"","","","","CC form","Admin","","","6a07410de407d7faa7de6a3f","false","","","Checklist","","Not Acknowledged","14","6a074112e054d051d2da8d53","2026-05-15T15:51:46.433000","2026-05-15T15:51:46.433000","service_bdf5b7dc-5664-42ca-ab1f-67b3db250555","service+bdf5b7dc-5664-42ca-ab1f-67b3db250555@no-reply.base44.com","false"
"","","","","Remaining Balance and Headcount DUE","Admin","","","6a07410de407d7faa7de6a3f","false","","","Checklist","","Not Acknowledged","13","6a074112a2e44f87e999f16d","2026-05-15T15:51:46.212000","2026-05-15T15:51:46.212000","service_bdf5b7dc-5664-42ca-ab1f-67b3db250555","service+bdf5b7dc-5664-42ca-ab1f-67b3db250555@no-reply.base44.com","false"
"","","","","Remaining Balance Invoice Number","Admin","","","6a07410de407d7faa7de6a3f","false","","","Checklist","","Not Acknowledged","12","6a0741119724649a94087778","2026-05-15T15:51:45.943000","2026-05-15T15:51:45.943000","service_bdf5b7dc-5664-42ca-ab1f-67b3db250555","service+bdf5b7dc-5664-42ca-ab1f-67b3db250555@no-reply.base44.com","false"
"","","","","Did we send an event flow reminder email?","Admin","","","6a07410de407d7faa7de6a3f","false","","","Checklist","","Not Acknowledged","11","6a074111efd8e9601ad60663","2026-05-15T15:51:45.700000","2026-05-15T15:51:45.700000","service_bdf5b7dc-5664-42ca-ab1f-67b3db250555","service+bdf5b7dc-5664-42ca-ab1f-67b3db250555@no-reply.base44.com","false"
"","","","","Final HC","Admin","","","6a07410de407d7faa7de6a3f","false","","","Checklist","","Not Acknowledged","10","6a074111b69f44d0417e5a25","2026-05-15T15:51:45.463000","2026-05-15T15:51:45.463000","service_bdf5b7dc-5664-42ca-ab1f-67b3db250555","service+bdf5b7dc-5664-42ca-ab1f-67b3db250555@no-reply.base44.com","false"
"","","","","BEO?","Admin","","","6a07410de407d7faa7de6a3f","false","","","Checklist","","Not Acknowledged","9","6a074111430d50d2033916c0","2026-05-15T15:51:45.213000","2026-05-15T15:51:45.213000","service_bdf5b7dc-5664-42ca-ab1f-67b3db250555","service+bdf5b7dc-5664-42ca-ab1f-67b3db250555@no-reply.base44.com","false"
"","","","","If Yes, How many drink tickets / beverages per person?","Admin","","","6a07410de407d7faa7de6a3f","false","","","Checklist","","Not Acknowledged","8","6a07411044c10d1f56078f2f","2026-05-15T15:51:44.942000","2026-05-15T15:51:44.942000","service_bdf5b7dc-5664-42ca-ab1f-67b3db250555","service+bdf5b7dc-5664-42ca-ab1f-67b3db250555@no-reply.base44.com","false"
"","","","","Interest in consumption on-site Y or N (Includes: drink tickets)","Admin","","","6a07410de407d7faa7de6a3f","false","","","Checklist","","Not Acknowledged","7","6a0741109724649a94087775","2026-05-15T15:51:44.714000","2026-05-15T15:51:44.714000","service_bdf5b7dc-5664-42ca-ab1f-67b3db250555","service+bdf5b7dc-5664-42ca-ab1f-67b3db250555@no-reply.base44.com","false"
"","","","","Did we send it to supplier?","Admin","","","6a07410de407d7faa7de6a3f","false","","","Checklist","","Not Acknowledged","6","6a074110a294323f5bd84d9a","2026-05-15T15:51:44.446000","2026-05-15T15:51:44.446000","service_bdf5b7dc-5664-42ca-ab1f-67b3db250555","service+bdf5b7dc-5664-42ca-ab1f-67b3db250555@no-reply.base44.com","false"
"","","","","Add Ons: Logo'd aprons, glassware and Cheese board","Admin","","","6a07410de407d7faa7de6a3f","false","","","Checklist","","Not Acknowledged","5","6a07411027f8fff4dc564722","2026-05-15T15:51:44.226000","2026-05-15T15:51:44.226000","service_bdf5b7dc-5664-42ca-ab1f-67b3db250555","service+bdf5b7dc-5664-42ca-ab1f-67b3db250555@no-reply.base44.com","false"
"","","","","Participation List - Link","Admin","","","6a07410de407d7faa7de6a3f","false","","","Checklist","","Not Acknowledged","4","6a07410f040d16a4c642cd00","2026-05-15T15:51:43.910000","2026-05-15T15:51:43.910000","service_bdf5b7dc-5664-42ca-ab1f-67b3db250555","service+bdf5b7dc-5664-42ca-ab1f-67b3db250555@no-reply.base44.com","false"
"","","","","Workflow document","Admin","","","6a07410de407d7faa7de6a3f","false","","","Checklist","","Not Acknowledged","3","6a07410fa98c7f324efdd2eb","2026-05-15T15:51:43.670000","2026-05-15T15:51:43.670000","service_bdf5b7dc-5664-42ca-ab1f-67b3db250555","service+bdf5b7dc-5664-42ca-ab1f-67b3db250555@no-reply.base44.com","false"
"","","","","Is it documented in Fareharbor?","Admin","","","6a07410de407d7faa7de6a3f","false","","","Checklist","","Not Acknowledged","2","6a07410f16d26efb4c29ae53","2026-05-15T15:51:43.347000","2026-05-15T15:51:43.347000","service_bdf5b7dc-5664-42ca-ab1f-67b3db250555","service+bdf5b7dc-5664-42ca-ab1f-67b3db250555@no-reply.base44.com","false"
"","","","","Did we update in Sales Alert of Slack?","Admin","","","6a07410de407d7faa7de6a3f","false","","","Checklist","","Not Acknowledged","1","6a07410fd17fb49e86bd4159","2026-05-15T15:51:43.096000","2026-05-15T15:51:43.096000","service_bdf5b7dc-5664-42ca-ab1f-67b3db250555","service+bdf5b7dc-5664-42ca-ab1f-67b3db250555@no-reply.base44.com","false"
"","","","","Has Operation Support confirmed when they are planning on meeting the location and time they are meeting (This can be done preferably by SMS or Email)","Admin","","","6a0723c02815314b89528e88","false","","","Checklist","","Not Acknowledged","16","6a0723c58bce55bff9bf61c2","2026-05-15T13:46:45.169000","2026-05-15T13:46:45.169000","service_bdf5b7dc-5664-42ca-ab1f-67b3db250555","service+bdf5b7dc-5664-42ca-ab1f-67b3db250555@no-reply.base44.com","false"
"","","","","Did we schedule an Internal BEO discussion with the instructor and Event Team Lead?","Admin","","","6a0723c02815314b89528e88","false","","","Checklist","","Not Acknowledged","15","6a0723c43e2559505746d5f2","2026-05-15T13:46:44.912000","2026-05-15T13:46:44.912000","service_bdf5b7dc-5664-42ca-ab1f-67b3db250555","service+bdf5b7dc-5664-42ca-ab1f-67b3db250555@no-reply.base44.com","false"
"","","","","CC form","Admin","","","6a0723c02815314b89528e88","false","","","Checklist","","Not Acknowledged","14","6a0723c4fa1a1d7a00228588","2026-05-15T13:46:44.669000","2026-05-15T13:46:44.669000","service_bdf5b7dc-5664-42ca-ab1f-67b3db250555","service+bdf5b7dc-5664-42ca-ab1f-67b3db250555@no-reply.base44.com","false"
"","","","","Remaining Balance and Headcount DUE","Admin","","","6a0723c02815314b89528e88","false","","","Checklist","","Not Acknowledged","13","6a0723c4f57c5ef1dab26a7a","2026-05-15T13:46:44.420000","2026-05-15T13:46:44.420000","service_bdf5b7dc-5664-42ca-ab1f-67b3db250555","service+bdf5b7dc-5664-42ca-ab1f-67b3db250555@no-reply.base44.com","false"
"","","","","Remaining Balance Invoice Number","Admin","","","6a0723c02815314b89528e88","false","","","Checklist","","Not Acknowledged","12","6a0723c45ef9ee092e7d0ab4","2026-05-15T13:46:44.165000","2026-05-15T13:46:44.165000","service_bdf5b7dc-5664-42ca-ab1f-67b3db250555","service+bdf5b7dc-5664-42ca-ab1f-67b3db250555@no-reply.base44.com","false"
"","","","","Did we send an event flow reminder email?","Admin","","","6a0723c02815314b89528e88","false","","","Checklist","","Not Acknowledged","11","6a0723c3acaf196e2d9f496f","2026-05-15T13:46:43.971000","2026-05-15T13:46:43.971000","service_bdf5b7dc-5664-42ca-ab1f-67b3db250555","service+bdf5b7dc-5664-42ca-ab1f-67b3db250555@no-reply.base44.com","false"
"","","","","Final HC","Admin","","","6a0723c02815314b89528e88","false","","","Checklist","","Not Acknowledged","10","6a0723c3239d7cfaaf9eaf7d","2026-05-15T13:46:43.733000","2026-05-15T13:46:43.733000","service_bdf5b7dc-5664-42ca-ab1f-67b3db250555","service+bdf5b7dc-5664-42ca-ab1f-67b3db250555@no-reply.base44.com","false"
"","","","","BEO?","Admin","","","6a0723c02815314b89528e88","false","","","Checklist","","Not Acknowledged","9","6a0723c3f6fd7b65926c3984","2026-05-15T13:46:43.489000","2026-05-15T13:46:43.489000","service_bdf5b7dc-5664-42ca-ab1f-67b3db250555","service+bdf5b7dc-5664-42ca-ab1f-67b3db250555@no-reply.base44.com","false"
"","","","","If Yes, How many drink tickets / beverages per person?","Admin","","","6a0723c02815314b89528e88","false","","","Checklist","","Not Acknowledged","8","6a0723c3efd835d0d72e288e","2026-05-15T13:46:43.247000","2026-05-15T13:46:43.247000","service_bdf5b7dc-5664-42ca-ab1f-67b3db250555","service+bdf5b7dc-5664-42ca-ab1f-67b3db250555@no-reply.base44.com","false"
"","","","","Interest in consumption on-site Y or N (Includes: drink tickets)","Admin","","","6a0723c02815314b89528e88","false","","","Checklist","","Not Acknowledged","7","6a0723c328bec3e24af15694","2026-05-15T13:46:43.009000","2026-05-15T13:46:43.009000","service_bdf5b7dc-5664-42ca-ab1f-67b3db250555","service+bdf5b7dc-5664-42ca-ab1f-67b3db250555@no-reply.base44.com","false"
"","","","","Did we send it to supplier?","Admin","","","6a0723c02815314b89528e88","false","","","Checklist","","Not Acknowledged","6","6a0723c2e5460bc6dc5f986f","2026-05-15T13:46:42.828000","2026-05-15T13:46:42.828000","service_bdf5b7dc-5664-42ca-ab1f-67b3db250555","service+bdf5b7dc-5664-42ca-ab1f-67b3db250555@no-reply.base44.com","false"
"","","","","Add Ons: Logo'd aprons, glassware and Cheese board","Admin","","","6a0723c02815314b89528e88","false","","","Checklist","","Not Acknowledged","5","6a0723c2a0448cc0a3188ee2","2026-05-15T13:46:42.526000","2026-05-15T13:46:42.526000","service_bdf5b7dc-5664-42ca-ab1f-67b3db250555","service+bdf5b7dc-5664-42ca-ab1f-67b3db250555@no-reply.base44.com","false"
"","","","","Participation List - Link","Admin","","","6a0723c02815314b89528e88","false","","","Checklist","","Not Acknowledged","4","6a0723c286b7e62f7eb35f11","2026-05-15T13:46:42.299000","2026-05-15T13:46:42.299000","service_bdf5b7dc-5664-42ca-ab1f-67b3db250555","service+bdf5b7dc-5664-42ca-ab1f-67b3db250555@no-reply.base44.com","false"
"","","","","Workflow document","Admin","","","6a0723c02815314b89528e88","false","","","Checklist","","Not Acknowledged","3","6a0723c278c577b054fa6160","2026-05-15T13:46:42.062000","2026-05-15T13:46:42.062000","service_bdf5b7dc-5664-42ca-ab1f-67b3db250555","service+bdf5b7dc-5664-42ca-ab1f-67b3db250555@no-reply.base44.com","false"
"","","","","Is it documented in Fareharbor?","Admin","","","6a0723c02815314b89528e88","false","","","Checklist","","Not Acknowledged","2","6a0723c1e793da7f2e393dcf","2026-05-15T13:46:41.805000","2026-05-15T13:46:41.805000","service_bdf5b7dc-5664-42ca-ab1f-67b3db250555","service+bdf5b7dc-5664-42ca-ab1f-67b3db250555@no-reply.base44.com","false"
"","","","","Did we update in Sales Alert of Slack?","Admin","","","6a0723c02815314b89528e88","false","","","Checklist","","Not Acknowledged","1","6a0723c10470366c6b0949c9","2026-05-15T13:46:41.628000","2026-05-15T13:46:41.628000","service_bdf5b7dc-5664-42ca-ab1f-67b3db250555","service+bdf5b7dc-5664-42ca-ab1f-67b3db250555@no-reply.base44.com","false"
"","","","","Has Operation Support confirmed when they are planning on meeting the location and time they are meeting (This can be done preferably by SMS or Email)","Admin","","","6a034f15c764aa406563cb58","false","","","Checklist","","Not Acknowledged","16","6a034f1c0c07b8e4d79d2a25","2026-05-12T16:02:36.447000","2026-05-12T16:02:36.447000","service_bdf5b7dc-5664-42ca-ab1f-67b3db250555","service+bdf5b7dc-5664-42ca-ab1f-67b3db250555@no-reply.base44.com","false"
"","","","","Did we schedule an Internal BEO discussion with the instructor and Event Team Lead?","Admin","","","6a034f15c764aa406563cb58","false","","","Checklist","","Not Acknowledged","15","6a034f1cc68bb5dfc41f277c","2026-05-12T16:02:36.252000","2026-05-12T16:02:36.252000","service_bdf5b7dc-5664-42ca-ab1f-67b3db250555","service+bdf5b7dc-5664-42ca-ab1f-67b3db250555@no-reply.base44.com","false"
"","","","","CC form","Admin","","","6a034f15c764aa406563cb58","false","","","Checklist","","Not Acknowledged","14","6a034f1cd6849a2761bce5dd","2026-05-12T16:02:36.028000","2026-05-12T16:02:36.028000","service_bdf5b7dc-5664-42ca-ab1f-67b3db250555","service+bdf5b7dc-5664-42ca-ab1f-67b3db250555@no-reply.base44.com","false"
"","","","","Remaining Balance and Headcount DUE","Admin","","","6a034f15c764aa406563cb58","false","","","Checklist","","Not Acknowledged","13","6a034f1b0c1f7b1250d473f7","2026-05-12T16:02:35.789000","2026-05-12T16:02:35.789000","service_bdf5b7dc-5664-42ca-ab1f-67b3db250555","service+bdf5b7dc-5664-42ca-ab1f-67b3db250555@no-reply.base44.com","false"
"","","","","Remaining Balance Invoice Number","Admin","","","6a034f15c764aa406563cb58","false","","","Checklist","","Not Acknowledged","12","6a034f1b58b960d1e8196fcc","2026-05-12T16:02:35.533000","2026-05-12T16:02:35.533000","service_bdf5b7dc-5664-42ca-ab1f-67b3db250555","service+bdf5b7dc-5664-42ca-ab1f-67b3db250555@no-reply.base44.com","false"
"","","","","Did we send an event flow reminder email?","Admin","","","6a034f15c764aa406563cb58","false","","","Checklist","","Not Acknowledged","11","6a034f1b9f5de6f8197fcd76","2026-05-12T16:02:35.255000","2026-05-12T16:02:35.255000","service_bdf5b7dc-5664-42ca-ab1f-67b3db250555","service+bdf5b7dc-5664-42ca-ab1f-67b3db250555@no-reply.base44.com","false"
"","","","","Final HC","Admin","","","6a034f15c764aa406563cb58","false","","","Checklist","","Not Acknowledged","10","6a034f1b45591edf0c6cdd78","2026-05-12T16:02:35.071000","2026-05-12T16:02:35.071000","service_bdf5b7dc-5664-42ca-ab1f-67b3db250555","service+bdf5b7dc-5664-42ca-ab1f-67b3db250555@no-reply.base44.com","false"
"","","","","BEO?","Admin","","","6a034f15c764aa406563cb58","false","","","Checklist","","Not Acknowledged","9","6a034f1ab92a677615828d5a","2026-05-12T16:02:34.839000","2026-05-12T16:02:34.839000","service_bdf5b7dc-5664-42ca-ab1f-67b3db250555","service+bdf5b7dc-5664-42ca-ab1f-67b3db250555@no-reply.base44.com","false"
"","","","","If Yes, How many drink tickets / beverages per person?","Admin","","","6a034f15c764aa406563cb58","false","","","Checklist","","Not Acknowledged","8","6a034f1a12317ff4a59dbcd4","2026-05-12T16:02:34.641000","2026-05-12T16:02:34.641000","service_bdf5b7dc-5664-42ca-ab1f-67b3db250555","service+bdf5b7dc-5664-42ca-ab1f-67b3db250555@no-reply.base44.com","false"
"","","","","Interest in consumption on-site Y or N (Includes: drink tickets)","Admin","","","6a034f15c764aa406563cb58","false","","","Checklist","","Not Acknowledged","7","6a034f1a5e5d791ba14cf154","2026-05-12T16:02:34.349000","2026-05-12T16:02:34.349000","service_bdf5b7dc-5664-42ca-ab1f-67b3db250555","service+bdf5b7dc-5664-42ca-ab1f-67b3db250555@no-reply.base44.com","false"
"","","","","Did we send it to supplier?","Admin","","","6a034f15c764aa406563cb58","false","","","Checklist","","Not Acknowledged","6","6a034f1a68d2684b11cd68c6","2026-05-12T16:02:34.153000","2026-05-12T16:02:34.153000","service_bdf5b7dc-5664-42ca-ab1f-67b3db250555","service+bdf5b7dc-5664-42ca-ab1f-67b3db250555@no-reply.base44.com","false"
"","","","","Add Ons: Logo'd aprons, glassware and Cheese board","Admin","","","6a034f15c764aa406563cb58","false","","","Checklist","","Not Acknowledged","5","6a034f19f8dfbda104e1c1f0","2026-05-12T16:02:33.826000","2026-05-12T16:02:33.826000","service_bdf5b7dc-5664-42ca-ab1f-67b3db250555","service+bdf5b7dc-5664-42ca-ab1f-67b3db250555@no-reply.base44.com","false"
"","","","","Participation List - Link","Admin","","","6a034f15c764aa406563cb58","false","","","Checklist","","Not Acknowledged","4","6a034f19e88985ebd50d8e5c","2026-05-12T16:02:33.504000","2026-05-12T16:02:33.504000","service_bdf5b7dc-5664-42ca-ab1f-67b3db250555","service+bdf5b7dc-5664-42ca-ab1f-67b3db250555@no-reply.base44.com","false"
"","","","","Workflow document","Admin","","","6a034f15c764aa406563cb58","false","","","Checklist","","Not Acknowledged","3","6a034f19d30f5a945a099697","2026-05-12T16:02:33.225000","2026-05-12T16:02:33.225000","service_bdf5b7dc-5664-42ca-ab1f-67b3db250555","service+bdf5b7dc-5664-42ca-ab1f-67b3db250555@no-reply.base44.com","false"
"","","","","Is it documented in Fareharbor?","Admin","","","6a034f15c764aa406563cb58","false","","","Checklist","","Not Acknowledged","2","6a034f183bd9243c313b731b","2026-05-12T16:02:32.973000","2026-05-12T16:02:32.973000","service_bdf5b7dc-5664-42ca-ab1f-67b3db250555","service+bdf5b7dc-5664-42ca-ab1f-67b3db250555@no-reply.base44.com","false"
"","","","","Did we update in Sales Alert of Slack?","Admin","","","6a034f15c764aa406563cb58","false","","","Checklist","","Not Acknowledged","1","6a034f189a638719d4f69176","2026-05-12T16:02:32.585000","2026-05-12T16:02:32.585000","service_bdf5b7dc-5664-42ca-ab1f-67b3db250555","service+bdf5b7dc-5664-42ca-ab1f-67b3db250555@no-reply.base44.com","false"
"","","","","Has Operation Support confirmed when they are planning on meeting the location and time they are meeting (This can be done preferably by SMS or Email)","Admin","","","6a03274cb80d4b3a68d44536","false","","","Checklist","","Not Acknowledged","16","6a03275165693ea714d55070","2026-05-12T13:12:49.155000","2026-05-12T13:12:49.155000","service_bdf5b7dc-5664-42ca-ab1f-67b3db250555","service+bdf5b7dc-5664-42ca-ab1f-67b3db250555@no-reply.base44.com","false"
"","","","","Did we schedule an Internal BEO discussion with the instructor and Event Team Lead?","Admin","","","6a03274cb80d4b3a68d44536","false","","","Checklist","","Not Acknowledged","15","6a032750fd86c9b8d8200bd7","2026-05-12T13:12:48.872000","2026-05-12T13:12:48.872000","service_bdf5b7dc-5664-42ca-ab1f-67b3db250555","service+bdf5b7dc-5664-42ca-ab1f-67b3db250555@no-reply.base44.com","false"
"","","","","CC form","Admin","","","6a03274cb80d4b3a68d44536","false","","","Checklist","","Not Acknowledged","14","6a0327506fa3ea9880a62fa3","2026-05-12T13:12:48.662000","2026-05-12T13:12:48.662000","service_bdf5b7dc-5664-42ca-ab1f-67b3db250555","service+bdf5b7dc-5664-42ca-ab1f-67b3db250555@no-reply.base44.com","false"
"","","","","Remaining Balance and Headcount DUE","Admin","","","6a03274cb80d4b3a68d44536","false","","","Checklist","","Not Acknowledged","13","6a0327507f7c6200049f9bb7","2026-05-12T13:12:48.378000","2026-05-12T13:12:48.378000","service_bdf5b7dc-5664-42ca-ab1f-67b3db250555","service+bdf5b7dc-5664-42ca-ab1f-67b3db250555@no-reply.base44.com","false"
"","","","","Remaining Balance Invoice Number","Admin","","","6a03274cb80d4b3a68d44536","false","","","Checklist","","Not Acknowledged","12","6a0327500def361d9898e61d","2026-05-12T13:12:48.130000","2026-05-12T13:12:48.130000","service_bdf5b7dc-5664-42ca-ab1f-67b3db250555","service+bdf5b7dc-5664-42ca-ab1f-67b3db250555@no-reply.base44.com","false"
"","","","","Did we send an event flow reminder email?","Admin","","","6a03274cb80d4b3a68d44536","false","","","Checklist","","Not Acknowledged","11","6a03274f21cc639bdf93991a","2026-05-12T13:12:47.827000","2026-05-12T13:12:47.827000","service_bdf5b7dc-5664-42ca-ab1f-67b3db250555","service+bdf5b7dc-5664-42ca-ab1f-67b3db250555@no-reply.base44.com","false"
"","","","","Final HC","Admin","","","6a03274cb80d4b3a68d44536","false","","","Checklist","","Not Acknowledged","10","6a03274f01875e54bd2c7c75","2026-05-12T13:12:47.555000","2026-05-12T13:12:47.555000","service_bdf5b7dc-5664-42ca-ab1f-67b3db250555","service+bdf5b7dc-5664-42ca-ab1f-67b3db250555@no-reply.base44.com","false"
"","","","","BEO?","Admin","","","6a03274cb80d4b3a68d44536","false","","","Checklist","","Not Acknowledged","9","6a03274f4eac81f9b74c0312","2026-05-12T13:12:47.322000","2026-05-12T13:12:47.322000","service_bdf5b7dc-5664-42ca-ab1f-67b3db250555","service+bdf5b7dc-5664-42ca-ab1f-67b3db250555@no-reply.base44.com","false"
"","","","","If Yes, How many drink tickets / beverages per person?","Admin","","","6a03274cb80d4b3a68d44536","false","","","Checklist","","Not Acknowledged","8","6a03274f812d91dfc9ef3118","2026-05-12T13:12:47.047000","2026-05-12T13:12:47.047000","service_bdf5b7dc-5664-42ca-ab1f-67b3db250555","service+bdf5b7dc-5664-42ca-ab1f-67b3db250555@no-reply.base44.com","false"
"","","","","Interest in consumption on-site Y or N (Includes: drink tickets)","Admin","","","6a03274cb80d4b3a68d44536","false","","","Checklist","","Not Acknowledged","7","6a03274e6168e1592bbd3e01","2026-05-12T13:12:46.818000","2026-05-12T13:12:46.818000","service_bdf5b7dc-5664-42ca-ab1f-67b3db250555","service+bdf5b7dc-5664-42ca-ab1f-67b3db250555@no-reply.base44.com","false"
"","","","","Did we send it to supplier?","Admin","","","6a03274cb80d4b3a68d44536","false","","","Checklist","","Not Acknowledged","6","6a03274e85d170f021532e4d","2026-05-12T13:12:46.587000","2026-05-12T13:12:46.587000","service_bdf5b7dc-5664-42ca-ab1f-67b3db250555","service+bdf5b7dc-5664-42ca-ab1f-67b3db250555@no-reply.base44.com","false"
"","","","","Add Ons: Logo'd aprons, glassware and Cheese board","Admin","","","6a03274cb80d4b3a68d44536","false","","","Checklist","","Not Acknowledged","5","6a03274edc149066c166e892","2026-05-12T13:12:46.313000","2026-05-12T13:12:46.313000","service_bdf5b7dc-5664-42ca-ab1f-67b3db250555","service+bdf5b7dc-5664-42ca-ab1f-67b3db250555@no-reply.base44.com","false"
"","","","","Participation List - Link","Admin","","","6a03274cb80d4b3a68d44536","false","","","Checklist","","Not Acknowledged","4","6a03274e1b866c917693b8a7","2026-05-12T13:12:46.114000","2026-05-12T13:12:46.114000","service_bdf5b7dc-5664-42ca-ab1f-67b3db250555","service+bdf5b7dc-5664-42ca-ab1f-67b3db250555@no-reply.base44.com","false"
"","","","","Workflow document","Admin","","","6a03274cb80d4b3a68d44536","false","","","Checklist","","Not Acknowledged","3","6a03274d66acedf8e0c1fc71","2026-05-12T13:12:45.863000","2026-05-12T13:12:45.863000","service_bdf5b7dc-5664-42ca-ab1f-67b3db250555","service+bdf5b7dc-5664-42ca-ab1f-67b3db250555@no-reply.base44.com","false"
"","","","","Is it documented in Fareharbor?","Admin","","","6a03274cb80d4b3a68d44536","false","","","Checklist","","Not Acknowledged","2","6a03274d00b1a6e35b8a3b94","2026-05-12T13:12:45.666000","2026-05-12T13:12:45.666000","service_bdf5b7dc-5664-42ca-ab1f-67b3db250555","service+bdf5b7dc-5664-42ca-ab1f-67b3db250555@no-reply.base44.com","false"
"","","","","Did we update in Sales Alert of Slack?","Admin","","","6a03274cb80d4b3a68d44536","false","","","Checklist","","Not Acknowledged","1","6a03274d8a65816082adec1b","2026-05-12T13:12:45.454000","2026-05-12T13:12:45.454000","service_bdf5b7dc-5664-42ca-ab1f-67b3db250555","service+bdf5b7dc-5664-42ca-ab1f-67b3db250555@no-reply.base44.com","false"
"","","","","Has Operation Support confirmed when they are planning on meeting the location and time they are meeting (This can be done preferably by SMS or Email)","Admin","","","6a0320861f1864f3d14286ce","false","","","Checklist","","Not Acknowledged","16","6a03208ba863f0f3b85c0e02","2026-05-12T12:43:55.237000","2026-05-12T12:43:55.237000","service_bdf5b7dc-5664-42ca-ab1f-67b3db250555","service+bdf5b7dc-5664-42ca-ab1f-67b3db250555@no-reply.base44.com","false"
"","","","","Did we schedule an Internal BEO discussion with the instructor and Event Team Lead?","Admin","","","6a0320861f1864f3d14286ce","false","","","Checklist","","Not Acknowledged","15","6a03208a079ddc4c88582b81","2026-05-12T12:43:54.977000","2026-05-12T12:43:54.977000","service_bdf5b7dc-5664-42ca-ab1f-67b3db250555","service+bdf5b7dc-5664-42ca-ab1f-67b3db250555@no-reply.base44.com","false"
"","","","","CC form","Admin","","","6a0320861f1864f3d14286ce","false","","","Checklist","","Not Acknowledged","14","6a03208a1c9524eca25ec9e5","2026-05-12T12:43:54.713000","2026-05-12T12:43:54.713000","service_bdf5b7dc-5664-42ca-ab1f-67b3db250555","service+bdf5b7dc-5664-42ca-ab1f-67b3db250555@no-reply.base44.com","false"
"","","","","Remaining Balance and Headcount DUE","Admin","","","6a0320861f1864f3d14286ce","false","","","Checklist","","Not Acknowledged","13","6a03208a57231d8d80131801","2026-05-12T12:43:54.487000","2026-05-12T12:43:54.487000","service_bdf5b7dc-5664-42ca-ab1f-67b3db250555","service+bdf5b7dc-5664-42ca-ab1f-67b3db250555@no-reply.base44.com","false"
"","","","","Remaining Balance Invoice Number","Admin","","","6a0320861f1864f3d14286ce","false","","","Checklist","","Not Acknowledged","12","6a03208aa7015516324c4109","2026-05-12T12:43:54.332000","2026-05-12T12:43:54.332000","service_bdf5b7dc-5664-42ca-ab1f-67b3db250555","service+bdf5b7dc-5664-42ca-ab1f-67b3db250555@no-reply.base44.com","false"
"","","","","Did we send an event flow reminder email?","Admin","","","6a0320861f1864f3d14286ce","false","","","Checklist","","Not Acknowledged","11","6a03208a8d463dac12ec39b7","2026-05-12T12:43:54.046000","2026-05-12T12:43:54.046000","service_bdf5b7dc-5664-42ca-ab1f-67b3db250555","service+bdf5b7dc-5664-42ca-ab1f-67b3db250555@no-reply.base44.com","false"
"","","","","Final HC","Admin","","","6a0320861f1864f3d14286ce","false","","","Checklist","","Not Acknowledged","10","6a0320894ed6d82fbf37686c","2026-05-12T12:43:53.887000","2026-05-12T12:43:53.887000","service_bdf5b7dc-5664-42ca-ab1f-67b3db250555","service+bdf5b7dc-5664-42ca-ab1f-67b3db250555@no-reply.base44.com","false"
"","","","","BEO?","Admin","","","6a0320861f1864f3d14286ce","false","","","Checklist","","Not Acknowledged","9","6a03208915aead533d371714","2026-05-12T12:43:53.632000","2026-05-12T12:43:53.632000","service_bdf5b7dc-5664-42ca-ab1f-67b3db250555","service+bdf5b7dc-5664-42ca-ab1f-67b3db250555@no-reply.base44.com","false"
"","","","","If Yes, How many drink tickets / beverages per person?","Admin","","","6a0320861f1864f3d14286ce","false","","","Checklist","","Not Acknowledged","8","6a032089a2c88de6161d9898","2026-05-12T12:43:53.453000","2026-05-12T12:43:53.453000","service_bdf5b7dc-5664-42ca-ab1f-67b3db250555","service+bdf5b7dc-5664-42ca-ab1f-67b3db250555@no-reply.base44.com","false"
"","","","","Interest in consumption on-site Y or N (Includes: drink tickets)","Admin","","","6a0320861f1864f3d14286ce","false","","","Checklist","","Not Acknowledged","7","6a0320899e149000a89712a0","2026-05-12T12:43:53.286000","2026-05-12T12:43:53.286000","service_bdf5b7dc-5664-42ca-ab1f-67b3db250555","service+bdf5b7dc-5664-42ca-ab1f-67b3db250555@no-reply.base44.com","false"
"","","","","Did we send it to supplier?","Admin","","","6a0320861f1864f3d14286ce","false","","","Checklist","","Not Acknowledged","6","6a032089ca77f4a5da7da0ca","2026-05-12T12:43:53.066000","2026-05-12T12:43:53.066000","service_bdf5b7dc-5664-42ca-ab1f-67b3db250555","service+bdf5b7dc-5664-42ca-ab1f-67b3db250555@no-reply.base44.com","false"
"","","","","Add Ons: Logo'd aprons, glassware and Cheese board","Admin","","","6a0320861f1864f3d14286ce","false","","","Checklist","","Not Acknowledged","5","6a0320882264ed9c741d0db1","2026-05-12T12:43:52.759000","2026-05-12T12:43:52.759000","service_bdf5b7dc-5664-42ca-ab1f-67b3db250555","service+bdf5b7dc-5664-42ca-ab1f-67b3db250555@no-reply.base44.com","false"
"","","","","Participation List - Link","Admin","","","6a0320861f1864f3d14286ce","false","","","Checklist","","Not Acknowledged","4","6a0320888006b192abaec4a3","2026-05-12T12:43:52.561000","2026-05-12T12:43:52.561000","service_bdf5b7dc-5664-42ca-ab1f-67b3db250555","service+bdf5b7dc-5664-42ca-ab1f-67b3db250555@no-reply.base44.com","false"
"","","","","Workflow document","Admin","","","6a0320861f1864f3d14286ce","false","","","Checklist","","Not Acknowledged","3","6a0320885dc18f40293f92d6","2026-05-12T12:43:52.283000","2026-05-12T12:43:52.283000","service_bdf5b7dc-5664-42ca-ab1f-67b3db250555","service+bdf5b7dc-5664-42ca-ab1f-67b3db250555@no-reply.base44.com","false"
"","","","","Is it documented in Fareharbor?","Admin","","","6a0320861f1864f3d14286ce","false","","","Checklist","","Not Acknowledged","2","6a032088a3a803da6ea92a64","2026-05-12T12:43:52.091000","2026-05-12T12:43:52.091000","service_bdf5b7dc-5664-42ca-ab1f-67b3db250555","service+bdf5b7dc-5664-42ca-ab1f-67b3db250555@no-reply.base44.com","false"
"","","","","Did we update in Sales Alert of Slack?","Admin","","","6a0320861f1864f3d14286ce","false","","","Checklist","","Not Acknowledged","1","6a0320875e30ebcbdfdb87f3","2026-05-12T12:43:51.930000","2026-05-12T12:43:51.930000","service_bdf5b7dc-5664-42ca-ab1f-67b3db250555","service+bdf5b7dc-5664-42ca-ab1f-67b3db250555@no-reply.base44.com","false"
"","","","","Has Operation Support confirmed when they are planning on meeting the location and time they are meeting (This can be done preferably by SMS or Email)","Admin","","","6a0319034a9da7be3cde8760","false","","","Checklist","","Not Acknowledged","16","6a0319081ed3d95fc37f2da0","2026-05-12T12:11:52.487000","2026-05-12T12:11:52.487000","service_bdf5b7dc-5664-42ca-ab1f-67b3db250555","service+bdf5b7dc-5664-42ca-ab1f-67b3db250555@no-reply.base44.com","false"
"","","","","Did we schedule an Internal BEO discussion with the instructor and Event Team Lead?","Admin","","","6a0319034a9da7be3cde8760","false","","","Checklist","","Not Acknowledged","15","6a03190855814c80947283c3","2026-05-12T12:11:52.229000","2026-05-12T12:11:52.229000","service_bdf5b7dc-5664-42ca-ab1f-67b3db250555","service+bdf5b7dc-5664-42ca-ab1f-67b3db250555@no-reply.base44.com","false"
"","","","","CC form","Admin","","","6a0319034a9da7be3cde8760","false","","","Checklist","","Not Acknowledged","14","6a031908f9791d8035f1333a","2026-05-12T12:11:52.054000","2026-05-12T12:11:52.054000","service_bdf5b7dc-5664-42ca-ab1f-67b3db250555","service+bdf5b7dc-5664-42ca-ab1f-67b3db250555@no-reply.base44.com","false"
"","","","","Remaining Balance and Headcount DUE","Admin","","","6a0319034a9da7be3cde8760","false","","","Checklist","","Not Acknowledged","13","6a031907d2fb4385c1801371","2026-05-12T12:11:51.720000","2026-05-12T12:11:51.720000","service_bdf5b7dc-5664-42ca-ab1f-67b3db250555","service+bdf5b7dc-5664-42ca-ab1f-67b3db250555@no-reply.base44.com","false"
"","","","","Remaining Balance Invoice Number","Admin","","","6a0319034a9da7be3cde8760","false","","","Checklist","","Not Acknowledged","12","6a031907676f958f5a8be2e9","2026-05-12T12:11:51.522000","2026-05-12T12:11:51.522000","service_bdf5b7dc-5664-42ca-ab1f-67b3db250555","service+bdf5b7dc-5664-42ca-ab1f-67b3db250555@no-reply.base44.com","false"
"","","","","Did we send an event flow reminder email?","Admin","","","6a0319034a9da7be3cde8760","false","","","Checklist","","Not Acknowledged","11","6a03190798f678bc6a33d6c7","2026-05-12T12:11:51.348000","2026-05-12T12:11:51.348000","service_bdf5b7dc-5664-42ca-ab1f-67b3db250555","service+bdf5b7dc-5664-42ca-ab1f-67b3db250555@no-reply.base44.com","false"
"","","","","Final HC","Admin","","","6a0319034a9da7be3cde8760","false","","","Checklist","","Not Acknowledged","10","6a031907b2de073a2c92e483","2026-05-12T12:11:51.182000","2026-05-12T12:11:51.182000","service_bdf5b7dc-5664-42ca-ab1f-67b3db250555","service+bdf5b7dc-5664-42ca-ab1f-67b3db250555@no-reply.base44.com","false"
"","","","","BEO?","Admin","","","6a0319034a9da7be3cde8760","false","","","Checklist","","Not Acknowledged","9","6a031906e81ee9344207ae2e","2026-05-12T12:11:50.984000","2026-05-12T12:11:50.984000","service_bdf5b7dc-5664-42ca-ab1f-67b3db250555","service+bdf5b7dc-5664-42ca-ab1f-67b3db250555@no-reply.base44.com","false"
"","","","","If Yes, How many drink tickets / beverages per person?","Admin","","","6a0319034a9da7be3cde8760","false","","","Checklist","","Not Acknowledged","8","6a031906cfb411ce6ea1f49f","2026-05-12T12:11:50.752000","2026-05-12T12:11:50.752000","service_bdf5b7dc-5664-42ca-ab1f-67b3db250555","service+bdf5b7dc-5664-42ca-ab1f-67b3db250555@no-reply.base44.com","false"
"","","","","Interest in consumption on-site Y or N (Includes: drink tickets)","Admin","","","6a0319034a9da7be3cde8760","false","","","Checklist","","Not Acknowledged","7","6a031906270245367e287745","2026-05-12T12:11:50.565000","2026-05-12T12:11:50.565000","service_bdf5b7dc-5664-42ca-ab1f-67b3db250555","service+bdf5b7dc-5664-42ca-ab1f-67b3db250555@no-reply.base44.com","false"
"","","","","Did we send it to supplier?","Admin","","","6a0319034a9da7be3cde8760","false","","","Checklist","","Not Acknowledged","6","6a031906c11b5641ba5374a0","2026-05-12T12:11:50.310000","2026-05-12T12:11:50.310000","service_bdf5b7dc-5664-42ca-ab1f-67b3db250555","service+bdf5b7dc-5664-42ca-ab1f-67b3db250555@no-reply.base44.com","false"
"","","","","Add Ons: Logo'd aprons, glassware and Cheese board","Admin","","","6a0319034a9da7be3cde8760","false","","","Checklist","","Not Acknowledged","5","6a0319050a30ffd9d391391a","2026-05-12T12:11:49.994000","2026-05-12T12:11:49.994000","service_bdf5b7dc-5664-42ca-ab1f-67b3db250555","service+bdf5b7dc-5664-42ca-ab1f-67b3db250555@no-reply.base44.com","false"
"","","","","Participation List - Link","Admin","","","6a0319034a9da7be3cde8760","false","","","Checklist","","Not Acknowledged","4","6a031905d2b8f63e3920323c","2026-05-12T12:11:49.592000","2026-05-12T12:11:49.592000","service_bdf5b7dc-5664-42ca-ab1f-67b3db250555","service+bdf5b7dc-5664-42ca-ab1f-67b3db250555@no-reply.base44.com","false"
"","","","","Workflow document","Admin","","","6a0319034a9da7be3cde8760","false","","","Checklist","","Not Acknowledged","3","6a031905f74d0f1002a0d221","2026-05-12T12:11:49.375000","2026-05-12T12:11:49.375000","service_bdf5b7dc-5664-42ca-ab1f-67b3db250555","service+bdf5b7dc-5664-42ca-ab1f-67b3db250555@no-reply.base44.com","false"
"","","","","Is it documented in Fareharbor?","Admin","","","6a0319034a9da7be3cde8760","false","","","Checklist","","Not Acknowledged","2","6a031905b4329e61075a8e06","2026-05-12T12:11:49.144000","2026-05-12T12:11:49.144000","service_bdf5b7dc-5664-42ca-ab1f-67b3db250555","service+bdf5b7dc-5664-42ca-ab1f-67b3db250555@no-reply.base44.com","false"
"","","","","Did we update in Sales Alert of Slack?","Admin","","","6a0319034a9da7be3cde8760","false","","","Checklist","","Not Acknowledged","1","6a031904724942838b383236","2026-05-12T12:11:48.882000","2026-05-12T12:11:48.882000","service_bdf5b7dc-5664-42ca-ab1f-67b3db250555","service+bdf5b7dc-5664-42ca-ab1f-67b3db250555@no-reply.base44.com","false"
"","","","","Has Operation Support confirmed when they are planning on meeting the location and time they are meeting (This can be done preferably by SMS or Email)","Admin","","","69fc88d3ab0e4c36fcaf6c78","false","","","Checklist","","Not Acknowledged","16","69fc88db007c2fa0b1963ae3","2026-05-07T12:43:07.053000","2026-05-07T12:43:07.053000","service_bdf5b7dc-5664-42ca-ab1f-67b3db250555","service+bdf5b7dc-5664-42ca-ab1f-67b3db250555@no-reply.base44.com","false"
"","","","","Did we schedule an Internal BEO discussion with the instructor and Event Team Lead?","Admin","","","69fc88d3ab0e4c36fcaf6c78","false","","","Checklist","","Not Acknowledged","15","69fc88da88cedc2f4a43b16b","2026-05-07T12:43:06.771000","2026-05-07T12:43:06.771000","service_bdf5b7dc-5664-42ca-ab1f-67b3db250555","service+bdf5b7dc-5664-42ca-ab1f-67b3db250555@no-reply.base44.com","false"
"","","","","CC form","Admin","","","69fc88d3ab0e4c36fcaf6c78","false","","","Checklist","","Not Acknowledged","14","69fc88da770e545cd968d9a5","2026-05-07T12:43:06.513000","2026-05-07T12:43:06.513000","service_bdf5b7dc-5664-42ca-ab1f-67b3db250555","service+bdf5b7dc-5664-42ca-ab1f-67b3db250555@no-reply.base44.com","false"
"","","","","Remaining Balance and Headcount DUE","Admin","","","69fc88d3ab0e4c36fcaf6c78","false","","","Checklist","","Not Acknowledged","13","69fc88daa4cd89720c381462","2026-05-07T12:43:06.250000","2026-05-07T12:43:06.250000","service_bdf5b7dc-5664-42ca-ab1f-67b3db250555","service+bdf5b7dc-5664-42ca-ab1f-67b3db250555@no-reply.base44.com","false"
"","","","","Remaining Balance Invoice Number","Admin","","","69fc88d3ab0e4c36fcaf6c78","false","","","Checklist","","Not Acknowledged","12","69fc88da86e68ee681215b34","2026-05-07T12:43:06.020000","2026-05-07T12:43:06.020000","service_bdf5b7dc-5664-42ca-ab1f-67b3db250555","service+bdf5b7dc-5664-42ca-ab1f-67b3db250555@no-reply.base44.com","false"
"","","","","Did we send an event flow reminder email?","Admin","","","69fc88d3ab0e4c36fcaf6c78","false","","","Checklist","","Not Acknowledged","11","69fc88d95d78bf7884e127df","2026-05-07T12:43:05.857000","2026-05-07T12:43:05.857000","service_bdf5b7dc-5664-42ca-ab1f-67b3db250555","service+bdf5b7dc-5664-42ca-ab1f-67b3db250555@no-reply.base44.com","false"
"","","","","Final HC","Admin","","","69fc88d3ab0e4c36fcaf6c78","false","","","Checklist","","Not Acknowledged","10","69fc88d8fe3f4b894a4e6e87","2026-05-07T12:43:04.367000","2026-05-07T12:43:04.367000","service_bdf5b7dc-5664-42ca-ab1f-67b3db250555","service+bdf5b7dc-5664-42ca-ab1f-67b3db250555@no-reply.base44.com","false"
"","","","","BEO?","Admin","","","69fc88d3ab0e4c36fcaf6c78","false","","","Checklist","","Not Acknowledged","9","69fc88d8916161c3e0c8774c","2026-05-07T12:43:04.010000","2026-05-07T12:43:04.010000","service_bdf5b7dc-5664-42ca-ab1f-67b3db250555","service+bdf5b7dc-5664-42ca-ab1f-67b3db250555@no-reply.base44.com","false"
"","","","","If Yes, How many drink tickets / beverages per person?","Admin","","","69fc88d3ab0e4c36fcaf6c78","false","","","Checklist","","Not Acknowledged","8","69fc88d70cd801a572e41f62","2026-05-07T12:43:03.576000","2026-05-07T12:43:03.576000","service_bdf5b7dc-5664-42ca-ab1f-67b3db250555","service+bdf5b7dc-5664-42ca-ab1f-67b3db250555@no-reply.base44.com","false"
"","","","","Interest in consumption on-site Y or N (Includes: drink tickets)","Admin","","","69fc88d3ab0e4c36fcaf6c78","false","","","Checklist","","Not Acknowledged","7","69fc88d734097f295692a085","2026-05-07T12:43:03.067000","2026-05-07T12:43:03.067000","service_bdf5b7dc-5664-42ca-ab1f-67b3db250555","service+bdf5b7dc-5664-42ca-ab1f-67b3db250555@no-reply.base44.com","false"
"","","","","Did we send it to supplier?","Admin","","","69fc88d3ab0e4c36fcaf6c78","false","","","Checklist","","Not Acknowledged","6","69fc88d6d0a6a196cc0aac9d","2026-05-07T12:43:02.416000","2026-05-07T12:43:02.416000","service_bdf5b7dc-5664-42ca-ab1f-67b3db250555","service+bdf5b7dc-5664-42ca-ab1f-67b3db250555@no-reply.base44.com","false"
"","","","","Add Ons: Logo'd aprons, glassware and Cheese board","Admin","","","69fc88d3ab0e4c36fcaf6c78","false","","","Checklist","","Not Acknowledged","5","69fc88d5c1e850aa799397f1","2026-05-07T12:43:01.876000","2026-05-07T12:43:01.876000","service_bdf5b7dc-5664-42ca-ab1f-67b3db250555","service+bdf5b7dc-5664-42ca-ab1f-67b3db250555@no-reply.base44.com","false"
"","","","","Participation List - Link","Admin","","","69fc88d3ab0e4c36fcaf6c78","false","","","Checklist","","Not Acknowledged","4","69fc88d5ccc3279439975212","2026-05-07T12:43:01.614000","2026-05-07T12:43:01.614000","service_bdf5b7dc-5664-42ca-ab1f-67b3db250555","service+bdf5b7dc-5664-42ca-ab1f-67b3db250555@no-reply.base44.com","false"
"","","","","Workflow document","Admin","","","69fc88d3ab0e4c36fcaf6c78","false","","","Checklist","","Not Acknowledged","3","69fc88d5fbbc68b29e0e52a2","2026-05-07T12:43:01.371000","2026-05-07T12:43:01.371000","service_bdf5b7dc-5664-42ca-ab1f-67b3db250555","service+bdf5b7dc-5664-42ca-ab1f-67b3db250555@no-reply.base44.com","false"
"","","","","Is it documented in Fareharbor?","Admin","","","69fc88d3ab0e4c36fcaf6c78","false","","","Checklist","","Not Acknowledged","2","69fc88d51f76443d8ec6e9fa","2026-05-07T12:43:01.086000","2026-05-07T12:43:01.086000","service_bdf5b7dc-5664-42ca-ab1f-67b3db250555","service+bdf5b7dc-5664-42ca-ab1f-67b3db250555@no-reply.base44.com","false"
"","","","","Did we update in Sales Alert of Slack?","Admin","","","69fc88d3ab0e4c36fcaf6c78","false","","","Checklist","","Not Acknowledged","1","69fc88d4ac54434b61f5fa9d","2026-05-07T12:43:00.743000","2026-05-07T12:43:00.743000","service_bdf5b7dc-5664-42ca-ab1f-67b3db250555","service+bdf5b7dc-5664-42ca-ab1f-67b3db250555@no-reply.base44.com","false"
"","","","","Has Operation Support confirmed when they are planning on meeting the location and time they are meeting (This can be done preferably by SMS or Email)","Admin","","","69fc7494e3b751758072eb24","false","","","Checklist","","Not Acknowledged","16","69fc7499d0cc500c1afd4504","2026-05-07T11:16:41.319000","2026-05-07T11:16:41.319000","service_bdf5b7dc-5664-42ca-ab1f-67b3db250555","service+bdf5b7dc-5664-42ca-ab1f-67b3db250555@no-reply.base44.com","false"
"","","","","Did we schedule an Internal BEO discussion with the instructor and Event Team Lead?","Admin","","","69fc7494e3b751758072eb24","false","","","Checklist","","Not Acknowledged","15","69fc749925d0d67b234508ff","2026-05-07T11:16:41.095000","2026-05-07T11:16:41.095000","service_bdf5b7dc-5664-42ca-ab1f-67b3db250555","service+bdf5b7dc-5664-42ca-ab1f-67b3db250555@no-reply.base44.com","false"
"","","","","CC form","Admin","","","69fc7494e3b751758072eb24","false","","","Checklist","","Not Acknowledged","14","69fc7498d91e0c4b1b29bd12","2026-05-07T11:16:40.868000","2026-05-07T11:16:40.868000","service_bdf5b7dc-5664-42ca-ab1f-67b3db250555","service+bdf5b7dc-5664-42ca-ab1f-67b3db250555@no-reply.base44.com","false"
"","","","","Remaining Balance and Headcount DUE","Admin","","","69fc7494e3b751758072eb24","false","","","Checklist","","Not Acknowledged","13","69fc749808c1d2ec228db364","2026-05-07T11:16:40.638000","2026-05-07T11:16:40.638000","service_bdf5b7dc-5664-42ca-ab1f-67b3db250555","service+bdf5b7dc-5664-42ca-ab1f-67b3db250555@no-reply.base44.com","false"
"","","","","Remaining Balance Invoice Number","Admin","","","69fc7494e3b751758072eb24","false","","","Checklist","","Not Acknowledged","12","69fc7498ef62a86e50e6e53a","2026-05-07T11:16:40.397000","2026-05-07T11:16:40.397000","service_bdf5b7dc-5664-42ca-ab1f-67b3db250555","service+bdf5b7dc-5664-42ca-ab1f-67b3db250555@no-reply.base44.com","false"
"","","","","Did we send an event flow reminder email?","Admin","","","69fc7494e3b751758072eb24","false","","","Checklist","","Not Acknowledged","11","69fc7498573bac4302e0b1fe","2026-05-07T11:16:40.129000","2026-05-07T11:16:40.129000","service_bdf5b7dc-5664-42ca-ab1f-67b3db250555","service+bdf5b7dc-5664-42ca-ab1f-67b3db250555@no-reply.base44.com","false"
"","","","","Final HC","Admin","","","69fc7494e3b751758072eb24","false","","","Checklist","","Not Acknowledged","10","69fc7497e6a8735bf8e4d84d","2026-05-07T11:16:39.958000","2026-05-07T11:16:39.958000","service_bdf5b7dc-5664-42ca-ab1f-67b3db250555","service+bdf5b7dc-5664-42ca-ab1f-67b3db250555@no-reply.base44.com","false"
"","","","","BEO?","Admin","","","69fc7494e3b751758072eb24","false","","","Checklist","","Not Acknowledged","9","69fc7497c342305ee691b5c0","2026-05-07T11:16:39.811000","2026-05-07T11:16:39.811000","service_bdf5b7dc-5664-42ca-ab1f-67b3db250555","service+bdf5b7dc-5664-42ca-ab1f-67b3db250555@no-reply.base44.com","false"
"","","","","If Yes, How many drink tickets / beverages per person?","Admin","","","69fc7494e3b751758072eb24","false","","","Checklist","","Not Acknowledged","8","69fc74977a8bca479736b4bd","2026-05-07T11:16:39.547000","2026-05-07T11:16:39.547000","service_bdf5b7dc-5664-42ca-ab1f-67b3db250555","service+bdf5b7dc-5664-42ca-ab1f-67b3db250555@no-reply.base44.com","false"
"","","","","Interest in consumption on-site Y or N (Includes: drink tickets)","Admin","","","69fc7494e3b751758072eb24","false","","","Checklist","","Not Acknowledged","7","69fc749729dbf7866569f44d","2026-05-07T11:16:39.304000","2026-05-07T11:16:39.304000","service_bdf5b7dc-5664-42ca-ab1f-67b3db250555","service+bdf5b7dc-5664-42ca-ab1f-67b3db250555@no-reply.base44.com","false"
"","","","","Did we send it to supplier?","Admin","","","69fc7494e3b751758072eb24","false","","","Checklist","","Not Acknowledged","6","69fc7497782d1bb8f9428b2d","2026-05-07T11:16:39.074000","2026-05-07T11:16:39.074000","service_bdf5b7dc-5664-42ca-ab1f-67b3db250555","service+bdf5b7dc-5664-42ca-ab1f-67b3db250555@no-reply.base44.com","false"
"","","","","Add Ons: Logo'd aprons, glassware and Cheese board","Admin","","","69fc7494e3b751758072eb24","false","","","Checklist","","Not Acknowledged","5","69fc7496164c863cd9a6222a","2026-05-07T11:16:38.842000","2026-05-07T11:16:38.842000","service_bdf5b7dc-5664-42ca-ab1f-67b3db250555","service+bdf5b7dc-5664-42ca-ab1f-67b3db250555@no-reply.base44.com","false"
"","","","","Participation List - Link","Admin","","","69fc7494e3b751758072eb24","false","","","Checklist","","Not Acknowledged","4","69fc74963598020dc7795eb8","2026-05-07T11:16:38.671000","2026-05-07T11:16:38.671000","service_bdf5b7dc-5664-42ca-ab1f-67b3db250555","service+bdf5b7dc-5664-42ca-ab1f-67b3db250555@no-reply.base44.com","false"
"","","","","Workflow document","Admin","","","69fc7494e3b751758072eb24","false","","","Checklist","","Not Acknowledged","3","69fc7496134339491ccd1f61","2026-05-07T11:16:38.417000","2026-05-07T11:16:38.417000","service_bdf5b7dc-5664-42ca-ab1f-67b3db250555","service+bdf5b7dc-5664-42ca-ab1f-67b3db250555@no-reply.base44.com","false"
"","","","","Is it documented in Fareharbor?","Admin","","","69fc7494e3b751758072eb24","false","","","Checklist","","Not Acknowledged","2","69fc7496002513da432a5d79","2026-05-07T11:16:38.156000","2026-05-07T11:16:38.156000","service_bdf5b7dc-5664-42ca-ab1f-67b3db250555","service+bdf5b7dc-5664-42ca-ab1f-67b3db250555@no-reply.base44.com","false"
"","","","","Did we update in Sales Alert of Slack?","Admin","","","69fc7494e3b751758072eb24","false","","","Checklist","","Not Acknowledged","1","69fc7495b0ac0fb76e6471bb","2026-05-07T11:16:37.884000","2026-05-07T11:16:37.884000","service_bdf5b7dc-5664-42ca-ab1f-67b3db250555","service+bdf5b7dc-5664-42ca-ab1f-67b3db250555@no-reply.base44.com","false"
"","","","","Has Operation Support confirmed when they are planning on meeting the location and time they are meeting (This can be done preferably by SMS or Email)","Admin","","","69fa177a4470f456863466fd","false","","","Checklist","","Not Acknowledged","16","69fa177fe0a8452dfc486ee6","2026-05-05T16:14:55.949000","2026-05-05T16:14:55.949000","service_bdf5b7dc-5664-42ca-ab1f-67b3db250555","service+bdf5b7dc-5664-42ca-ab1f-67b3db250555@no-reply.base44.com","false"
"","","","","Did we schedule an Internal BEO discussion with the instructor and Event Team Lead?","Admin","","","69fa177a4470f456863466fd","false","","","Checklist","","Not Acknowledged","15","69fa177f0e171de066e8f28d","2026-05-05T16:14:55.651000","2026-05-05T16:14:55.651000","service_bdf5b7dc-5664-42ca-ab1f-67b3db250555","service+bdf5b7dc-5664-42ca-ab1f-67b3db250555@no-reply.base44.com","false"
"","","","","CC form","Admin","","","69fa177a4470f456863466fd","false","","","Checklist","","Not Acknowledged","14","69fa177f37e0f70eaa3fb142","2026-05-05T16:14:55.359000","2026-05-05T16:14:55.359000","service_bdf5b7dc-5664-42ca-ab1f-67b3db250555","service+bdf5b7dc-5664-42ca-ab1f-67b3db250555@no-reply.base44.com","false"
"","","","","Remaining Balance and Headcount DUE","Admin","","","69fa177a4470f456863466fd","false","","","Checklist","","Not Acknowledged","13","69fa177fd6f886536e477de1","2026-05-05T16:14:55.148000","2026-05-05T16:14:55.148000","service_bdf5b7dc-5664-42ca-ab1f-67b3db250555","service+bdf5b7dc-5664-42ca-ab1f-67b3db250555@no-reply.base44.com","false"
"","","","","Remaining Balance Invoice Number","Admin","","","69fa177a4470f456863466fd","false","","","Checklist","","Not Acknowledged","12","69fa177e1cad697594e6f87b","2026-05-05T16:14:54.908000","2026-05-05T16:14:54.908000","service_bdf5b7dc-5664-42ca-ab1f-67b3db250555","service+bdf5b7dc-5664-42ca-ab1f-67b3db250555@no-reply.base44.com","false"
"","","","","Did we send an event flow reminder email?","Admin","","","69fa177a4470f456863466fd","false","","","Checklist","","Not Acknowledged","11","69fa177ebe1c3b40c0ac0d12","2026-05-05T16:14:54.683000","2026-05-05T16:14:54.683000","service_bdf5b7dc-5664-42ca-ab1f-67b3db250555","service+bdf5b7dc-5664-42ca-ab1f-67b3db250555@no-reply.base44.com","false"
"","","","","Final HC","Admin","","","69fa177a4470f456863466fd","false","","","Checklist","","Not Acknowledged","10","69fa177ea357c88174d612e6","2026-05-05T16:14:54.527000","2026-05-05T16:14:54.527000","service_bdf5b7dc-5664-42ca-ab1f-67b3db250555","service+bdf5b7dc-5664-42ca-ab1f-67b3db250555@no-reply.base44.com","false"
"","","","","BEO?","Admin","","","69fa177a4470f456863466fd","false","","","Checklist","","Not Acknowledged","9","69fa177e523dce27864f57e6","2026-05-05T16:14:54.238000","2026-05-05T16:14:54.238000","service_bdf5b7dc-5664-42ca-ab1f-67b3db250555","service+bdf5b7dc-5664-42ca-ab1f-67b3db250555@no-reply.base44.com","false"
"","","","","If Yes, How many drink tickets / beverages per person?","Admin","","","69fa177a4470f456863466fd","false","","","Checklist","","Not Acknowledged","8","69fa177dbcd76aefd9fd4459","2026-05-05T16:14:53.973000","2026-05-05T16:14:53.973000","service_bdf5b7dc-5664-42ca-ab1f-67b3db250555","service+bdf5b7dc-5664-42ca-ab1f-67b3db250555@no-reply.base44.com","false"
"","","","","Interest in consumption on-site Y or N (Includes: drink tickets)","Admin","","","69fa177a4470f456863466fd","false","","","Checklist","","Not Acknowledged","7","69fa177df4822d15870fb799","2026-05-05T16:14:53.739000","2026-05-05T16:14:53.739000","service_bdf5b7dc-5664-42ca-ab1f-67b3db250555","service+bdf5b7dc-5664-42ca-ab1f-67b3db250555@no-reply.base44.com","false"
"","","","","Did we send it to supplier?","Admin","","","69fa177a4470f456863466fd","false","","","Checklist","","Not Acknowledged","6","69fa177d831ddfadd3ad2248","2026-05-05T16:14:53.452000","2026-05-05T16:14:53.452000","service_bdf5b7dc-5664-42ca-ab1f-67b3db250555","service+bdf5b7dc-5664-42ca-ab1f-67b3db250555@no-reply.base44.com","false"
"","","","","Add Ons: Logo'd aprons, glassware and Cheese board","Admin","","","69fa177a4470f456863466fd","false","","","Checklist","","Not Acknowledged","5","69fa177d822ec0928662d05c","2026-05-05T16:14:53.137000","2026-05-05T16:14:53.137000","service_bdf5b7dc-5664-42ca-ab1f-67b3db250555","service+bdf5b7dc-5664-42ca-ab1f-67b3db250555@no-reply.base44.com","false"
"","","","","Participation List - Link","Admin","","","69fa177a4470f456863466fd","false","","","Checklist","","Not Acknowledged","4","69fa177c3a8566a9036975d2","2026-05-05T16:14:52.883000","2026-05-05T16:14:52.883000","service_bdf5b7dc-5664-42ca-ab1f-67b3db250555","service+bdf5b7dc-5664-42ca-ab1f-67b3db250555@no-reply.base44.com","false"
"","","","","Workflow document","Admin","","","69fa177a4470f456863466fd","false","","","Checklist","","Not Acknowledged","3","69fa177c8f2e3173d930520a","2026-05-05T16:14:52.610000","2026-05-05T16:14:52.610000","service_bdf5b7dc-5664-42ca-ab1f-67b3db250555","service+bdf5b7dc-5664-42ca-ab1f-67b3db250555@no-reply.base44.com","false"
"","","","","Is it documented in Fareharbor?","Admin","","","69fa177a4470f456863466fd","false","","","Checklist","","Not Acknowledged","2","69fa177c7303521135a1c2ce","2026-05-05T16:14:52.342000","2026-05-05T16:14:52.342000","service_bdf5b7dc-5664-42ca-ab1f-67b3db250555","service+bdf5b7dc-5664-42ca-ab1f-67b3db250555@no-reply.base44.com","false"
"","","","","Did we update in Sales Alert of Slack?","Admin","","","69fa177a4470f456863466fd","false","","","Checklist","","Not Acknowledged","1","69fa177ce08eb09022ac9849","2026-05-05T16:14:52.092000","2026-05-05T16:14:52.092000","service_bdf5b7dc-5664-42ca-ab1f-67b3db250555","service+bdf5b7dc-5664-42ca-ab1f-67b3db250555@no-reply.base44.com","false"
"","","","","Has Operation Support confirmed when they are planning on meeting the location and time they are meeting (This can be done preferably by SMS or Email)","Admin","","","69f89bd9f31e84deecb40966","false","","","Checklist","","Not Acknowledged","16","69f89bdeb581674ddd835929","2026-05-04T13:15:10.885000","2026-05-04T13:15:10.885000","service_bdf5b7dc-5664-42ca-ab1f-67b3db250555","service+bdf5b7dc-5664-42ca-ab1f-67b3db250555@no-reply.base44.com","false"
"","","","","Did we schedule an Internal BEO discussion with the instructor and Event Team Lead?","Admin","","","69f89bd9f31e84deecb40966","false","","","Checklist","","Not Acknowledged","15","69f89bdeef7e6d02b53f499f","2026-05-04T13:15:10.653000","2026-05-04T13:15:10.653000","service_bdf5b7dc-5664-42ca-ab1f-67b3db250555","service+bdf5b7dc-5664-42ca-ab1f-67b3db250555@no-reply.base44.com","false"
"","","","","CC form","Admin","","","69f89bd9f31e84deecb40966","false","","","Checklist","","Not Acknowledged","14","69f89bdeb0b9b8c48a609b9d","2026-05-04T13:15:10.401000","2026-05-04T13:15:10.401000","service_bdf5b7dc-5664-42ca-ab1f-67b3db250555","service+bdf5b7dc-5664-42ca-ab1f-67b3db250555@no-reply.base44.com","false"
"","","","","Remaining Balance and Headcount DUE","Admin","","","69f89bd9f31e84deecb40966","false","","","Checklist","","Not Acknowledged","13","69f89bde62d64455e3dfbaff","2026-05-04T13:15:10.171000","2026-05-04T13:15:10.171000","service_bdf5b7dc-5664-42ca-ab1f-67b3db250555","service+bdf5b7dc-5664-42ca-ab1f-67b3db250555@no-reply.base44.com","false"
"","","","","Remaining Balance Invoice Number","Admin","","","69f89bd9f31e84deecb40966","false","","","Checklist","","Not Acknowledged","12","69f89bdda85936eb9c397701","2026-05-04T13:15:09.994000","2026-05-04T13:15:09.994000","service_bdf5b7dc-5664-42ca-ab1f-67b3db250555","service+bdf5b7dc-5664-42ca-ab1f-67b3db250555@no-reply.base44.com","false"
"","","","","Did we send an event flow reminder email?","Admin","","","69f89bd9f31e84deecb40966","false","","","Checklist","","Not Acknowledged","11","69f89bdd0f90043e65f1f19f","2026-05-04T13:15:09.790000","2026-05-04T13:15:09.790000","service_bdf5b7dc-5664-42ca-ab1f-67b3db250555","service+bdf5b7dc-5664-42ca-ab1f-67b3db250555@no-reply.base44.com","false"
"","","","","Final HC","Admin","","","69f89bd9f31e84deecb40966","false","","","Checklist","","Not Acknowledged","10","69f89bddafba098b80d10e9e","2026-05-04T13:15:09.537000","2026-05-04T13:15:09.537000","service_bdf5b7dc-5664-42ca-ab1f-67b3db250555","service+bdf5b7dc-5664-42ca-ab1f-67b3db250555@no-reply.base44.com","false"
"","","","","BEO?","Admin","","","69f89bd9f31e84deecb40966","false","","","Checklist","","Not Acknowledged","9","69f89bdda0a01b2d7e377284","2026-05-04T13:15:09.315000","2026-05-04T13:15:09.315000","service_bdf5b7dc-5664-42ca-ab1f-67b3db250555","service+bdf5b7dc-5664-42ca-ab1f-67b3db250555@no-reply.base44.com","false"
"","","","","If Yes, How many drink tickets / beverages per person?","Admin","","","69f89bd9f31e84deecb40966","false","","","Checklist","","Not Acknowledged","8","69f89bdddd3999c2ce7d96c9","2026-05-04T13:15:09.109000","2026-05-04T13:15:09.109000","service_bdf5b7dc-5664-42ca-ab1f-67b3db250555","service+bdf5b7dc-5664-42ca-ab1f-67b3db250555@no-reply.base44.com","false"
"","","","","Interest in consumption on-site Y or N (Includes: drink tickets)","Admin","","","69f89bd9f31e84deecb40966","false","","","Checklist","","Not Acknowledged","7","69f89bdc58fe3e8c3b058ef0","2026-05-04T13:15:08.876000","2026-05-04T13:15:08.876000","service_bdf5b7dc-5664-42ca-ab1f-67b3db250555","service+bdf5b7dc-5664-42ca-ab1f-67b3db250555@no-reply.base44.com","false"
"","","","","Did we send it to supplier?","Admin","","","69f89bd9f31e84deecb40966","false","","","Checklist","","Not Acknowledged","6","69f89bdccebca921cc84071f","2026-05-04T13:15:08.595000","2026-05-04T13:15:08.595000","service_bdf5b7dc-5664-42ca-ab1f-67b3db250555","service+bdf5b7dc-5664-42ca-ab1f-67b3db250555@no-reply.base44.com","false"
"","","","","Add Ons: Logo'd aprons, glassware and Cheese board","Admin","","","69f89bd9f31e84deecb40966","false","","","Checklist","","Not Acknowledged","5","69f89bdc92abf09581074006","2026-05-04T13:15:08.351000","2026-05-04T13:15:08.352000","service_bdf5b7dc-5664-42ca-ab1f-67b3db250555","service+bdf5b7dc-5664-42ca-ab1f-67b3db250555@no-reply.base44.com","false"
"","","","","Participation List - Link","Admin","","","69f89bd9f31e84deecb40966","false","","","Checklist","","Not Acknowledged","4","69f89bdc735ebee876752e30","2026-05-04T13:15:08.071000","2026-05-04T13:15:08.071000","service_bdf5b7dc-5664-42ca-ab1f-67b3db250555","service+bdf5b7dc-5664-42ca-ab1f-67b3db250555@no-reply.base44.com","false"
"","","","","Workflow document","Admin","","","69f89bd9f31e84deecb40966","false","","","Checklist","","Not Acknowledged","3","69f89bdb1c58746b221d2e9c","2026-05-04T13:15:07.809000","2026-05-04T13:15:07.809000","service_bdf5b7dc-5664-42ca-ab1f-67b3db250555","service+bdf5b7dc-5664-42ca-ab1f-67b3db250555@no-reply.base44.com","false"
"","","","","Is it documented in Fareharbor?","Admin","","","69f89bd9f31e84deecb40966","false","","","Checklist","","Not Acknowledged","2","69f89bdb27e07c079cb8b5e3","2026-05-04T13:15:07.650000","2026-05-04T13:15:07.650000","service_bdf5b7dc-5664-42ca-ab1f-67b3db250555","service+bdf5b7dc-5664-42ca-ab1f-67b3db250555@no-reply.base44.com","false"
"","","","","Did we update in Sales Alert of Slack?","Admin","","","69f89bd9f31e84deecb40966","false","","","Checklist","","Not Acknowledged","1","69f89bdbede0b2c460ec1e29","2026-05-04T13:15:07.382000","2026-05-04T13:15:07.382000","service_bdf5b7dc-5664-42ca-ab1f-67b3db250555","service+bdf5b7dc-5664-42ca-ab1f-67b3db250555@no-reply.base44.com","false"
"","","","","Has Operation Support confirmed when they are planning on meeting the location and time they are meeting (This can be done preferably by SMS or Email)","Admin","","","69f4c9bef91f2bd7accbacc2","false","","","Checklist","","Not Acknowledged","16","69f4c9c3a8e4ff2c88b89dd2","2026-05-01T15:41:55.060000","2026-05-01T15:41:55.060000","service_bdf5b7dc-5664-42ca-ab1f-67b3db250555","service+bdf5b7dc-5664-42ca-ab1f-67b3db250555@no-reply.base44.com","false"
"","","","","Did we schedule an Internal BEO discussion with the instructor and Event Team Lead?","Admin","","","69f4c9bef91f2bd7accbacc2","false","","","Checklist","","Not Acknowledged","15","69f4c9c2d3c91186682d898c","2026-05-01T15:41:54.837000","2026-05-01T15:41:54.837000","service_bdf5b7dc-5664-42ca-ab1f-67b3db250555","service+bdf5b7dc-5664-42ca-ab1f-67b3db250555@no-reply.base44.com","false"
"","","","","CC form","Admin","","","69f4c9bef91f2bd7accbacc2","false","","","Checklist","","Not Acknowledged","14","69f4c9c2e3e443b41da498e1","2026-05-01T15:41:54.673000","2026-05-01T15:41:54.673000","service_bdf5b7dc-5664-42ca-ab1f-67b3db250555","service+bdf5b7dc-5664-42ca-ab1f-67b3db250555@no-reply.base44.com","false"
"","","","","Remaining Balance and Headcount DUE","Admin","","","69f4c9bef91f2bd7accbacc2","false","","","Checklist","","Not Acknowledged","13","69f4c9c298f1621981327e38","2026-05-01T15:41:54.441000","2026-05-01T15:41:54.441000","service_bdf5b7dc-5664-42ca-ab1f-67b3db250555","service+bdf5b7dc-5664-42ca-ab1f-67b3db250555@no-reply.base44.com","false"
"","","","","Remaining Balance Invoice Number","Admin","","","69f4c9bef91f2bd7accbacc2","false","","","Checklist","","Not Acknowledged","12","69f4c9c260723bb3d5549926","2026-05-01T15:41:54.180000","2026-05-01T15:41:54.180000","service_bdf5b7dc-5664-42ca-ab1f-67b3db250555","service+bdf5b7dc-5664-42ca-ab1f-67b3db250555@no-reply.base44.com","false"
"","","","","Did we send an event flow reminder email?","Admin","","","69f4c9bef91f2bd7accbacc2","false","","","Checklist","","Not Acknowledged","11","69f4c9c19ef6d165305bc024","2026-05-01T15:41:53.941000","2026-05-01T15:41:53.941000","service_bdf5b7dc-5664-42ca-ab1f-67b3db250555","service+bdf5b7dc-5664-42ca-ab1f-67b3db250555@no-reply.base44.com","false"
"","","","","Final HC","Admin","","","69f4c9bef91f2bd7accbacc2","false","","","Checklist","","Not Acknowledged","10","69f4c9c1859ab750fca6a6ca","2026-05-01T15:41:53.688000","2026-05-01T15:41:53.688000","service_bdf5b7dc-5664-42ca-ab1f-67b3db250555","service+bdf5b7dc-5664-42ca-ab1f-67b3db250555@no-reply.base44.com","false"
"","","","","BEO?","Admin","","","69f4c9bef91f2bd7accbacc2","false","","","Checklist","","Not Acknowledged","9","69f4c9c17ec137f63eee5e47","2026-05-01T15:41:53.537000","2026-05-01T15:41:53.537000","service_bdf5b7dc-5664-42ca-ab1f-67b3db250555","service+bdf5b7dc-5664-42ca-ab1f-67b3db250555@no-reply.base44.com","false"
"","","","","If Yes, How many drink tickets / beverages per person?","Admin","","","69f4c9bef91f2bd7accbacc2","false","","","Checklist","","Not Acknowledged","8","69f4c9c1a07b945cee2b1485","2026-05-01T15:41:53.272000","2026-05-01T15:41:53.272000","service_bdf5b7dc-5664-42ca-ab1f-67b3db250555","service+bdf5b7dc-5664-42ca-ab1f-67b3db250555@no-reply.base44.com","false"
"","","","","Interest in consumption on-site Y or N (Includes: drink tickets)","Admin","","","69f4c9bef91f2bd7accbacc2","false","","","Checklist","","Not Acknowledged","7","69f4c9c0406d2adca553d73e","2026-05-01T15:41:52.976000","2026-05-01T15:41:52.976000","service_bdf5b7dc-5664-42ca-ab1f-67b3db250555","service+bdf5b7dc-5664-42ca-ab1f-67b3db250555@no-reply.base44.com","false"
"","","","","Did we send it to supplier?","Admin","","","69f4c9bef91f2bd7accbacc2","false","","","Checklist","","Not Acknowledged","6","69f4c9c01f1813afabdf8ec2","2026-05-01T15:41:52.728000","2026-05-01T15:41:52.728000","service_bdf5b7dc-5664-42ca-ab1f-67b3db250555","service+bdf5b7dc-5664-42ca-ab1f-67b3db250555@no-reply.base44.com","false"
"","","","","Add Ons: Logo'd aprons, glassware and Cheese board","Admin","","","69f4c9bef91f2bd7accbacc2","false","","","Checklist","","Not Acknowledged","5","69f4c9c0d74afb72b8294165","2026-05-01T15:41:52.554000","2026-05-01T15:41:52.554000","service_bdf5b7dc-5664-42ca-ab1f-67b3db250555","service+bdf5b7dc-5664-42ca-ab1f-67b3db250555@no-reply.base44.com","false"
"","","","","Participation List - Link","Admin","","","69f4c9bef91f2bd7accbacc2","false","","","Checklist","","Not Acknowledged","4","69f4c9c0683d55e49ecabd86","2026-05-01T15:41:52.316000","2026-05-01T15:41:52.316000","service_bdf5b7dc-5664-42ca-ab1f-67b3db250555","service+bdf5b7dc-5664-42ca-ab1f-67b3db250555@no-reply.base44.com","false"
"","","","","Workflow document","Admin","","","69f4c9bef91f2bd7accbacc2","false","","","Checklist","","Not Acknowledged","3","69f4c9c0a57ddded8bd62161","2026-05-01T15:41:52.104000","2026-05-01T15:41:52.104000","service_bdf5b7dc-5664-42ca-ab1f-67b3db250555","service+bdf5b7dc-5664-42ca-ab1f-67b3db250555@no-reply.base44.com","false"
"","","","","Is it documented in Fareharbor?","Admin","","","69f4c9bef91f2bd7accbacc2","false","","","Checklist","","Not Acknowledged","2","69f4c9bfbae40bad1da14096","2026-05-01T15:41:51.786000","2026-05-01T15:41:51.786000","service_bdf5b7dc-5664-42ca-ab1f-67b3db250555","service+bdf5b7dc-5664-42ca-ab1f-67b3db250555@no-reply.base44.com","false"
"","","","","Did we update in Sales Alert of Slack?","Admin","","","69f4c9bef91f2bd7accbacc2","false","","","Checklist","","Not Acknowledged","1","69f4c9bf939aa3d0432d40e7","2026-05-01T15:41:51.512000","2026-05-01T15:41:51.512000","service_bdf5b7dc-5664-42ca-ab1f-67b3db250555","service+bdf5b7dc-5664-42ca-ab1f-67b3db250555@no-reply.base44.com","false"
"","","","","Has Operation Support confirmed when they are planning on meeting the location and time they are meeting (This can be done preferably by SMS or Email)","Admin","","","69f49dbf032b9f2b713d37c1","false","","","Checklist","","Not Acknowledged","16","69f49dc3194cd475267e5835","2026-05-01T12:34:11.926000","2026-05-01T12:34:11.926000","service_bdf5b7dc-5664-42ca-ab1f-67b3db250555","service+bdf5b7dc-5664-42ca-ab1f-67b3db250555@no-reply.base44.com","false"
"","","","","Did we schedule an Internal BEO discussion with the instructor and Event Team Lead?","Admin","","","69f49dbf032b9f2b713d37c1","false","","","Checklist","","Not Acknowledged","15","69f49dc3579e4687c0260c4c","2026-05-01T12:34:11.681000","2026-05-01T12:34:11.681000","service_bdf5b7dc-5664-42ca-ab1f-67b3db250555","service+bdf5b7dc-5664-42ca-ab1f-67b3db250555@no-reply.base44.com","false"
"","","","","CC form","Admin","","","69f49dbf032b9f2b713d37c1","false","","","Checklist","","Not Acknowledged","14","69f49dc32331289e6bcb3c32","2026-05-01T12:34:11.493000","2026-05-01T12:34:11.493000","service_bdf5b7dc-5664-42ca-ab1f-67b3db250555","service+bdf5b7dc-5664-42ca-ab1f-67b3db250555@no-reply.base44.com","false"
"","","","","Remaining Balance and Headcount DUE","Admin","","","69f49dbf032b9f2b713d37c1","false","","","Checklist","","Not Acknowledged","13","69f49dc35d0ead16006bfe8b","2026-05-01T12:34:11.269000","2026-05-01T12:34:11.269000","service_bdf5b7dc-5664-42ca-ab1f-67b3db250555","service+bdf5b7dc-5664-42ca-ab1f-67b3db250555@no-reply.base44.com","false"
"","","","","Remaining Balance Invoice Number","Admin","","","69f49dbf032b9f2b713d37c1","false","","","Checklist","","Not Acknowledged","12","69f49dc3c1fef4ca38caaf0b","2026-05-01T12:34:11.048000","2026-05-01T12:34:11.048000","service_bdf5b7dc-5664-42ca-ab1f-67b3db250555","service+bdf5b7dc-5664-42ca-ab1f-67b3db250555@no-reply.base44.com","false"
"","","","","Did we send an event flow reminder email?","Admin","","","69f49dbf032b9f2b713d37c1","false","","","Checklist","","Not Acknowledged","11","69f49dc2f243a06c67934078","2026-05-01T12:34:10.826000","2026-05-01T12:34:10.826000","service_bdf5b7dc-5664-42ca-ab1f-67b3db250555","service+bdf5b7dc-5664-42ca-ab1f-67b3db250555@no-reply.base44.com","false"
"","","","","Final HC","Admin","","","69f49dbf032b9f2b713d37c1","false","","","Checklist","","Not Acknowledged","10","69f49dc2e4f43826158b37b2","2026-05-01T12:34:10.527000","2026-05-01T12:34:10.527000","service_bdf5b7dc-5664-42ca-ab1f-67b3db250555","service+bdf5b7dc-5664-42ca-ab1f-67b3db250555@no-reply.base44.com","false"
"","","","","BEO?","Admin","","","69f49dbf032b9f2b713d37c1","false","","","Checklist","","Not Acknowledged","9","69f49dc2b49156bb7cdc3a71","2026-05-01T12:34:10.313000","2026-05-01T12:34:10.313000","service_bdf5b7dc-5664-42ca-ab1f-67b3db250555","service+bdf5b7dc-5664-42ca-ab1f-67b3db250555@no-reply.base44.com","false"
"","","","","If Yes, How many drink tickets / beverages per person?","Admin","","","69f49dbf032b9f2b713d37c1","false","","","Checklist","","Not Acknowledged","8","69f49dc2527ee7b62c310314","2026-05-01T12:34:10.107000","2026-05-01T12:34:10.107000","service_bdf5b7dc-5664-42ca-ab1f-67b3db250555","service+bdf5b7dc-5664-42ca-ab1f-67b3db250555@no-reply.base44.com","false"
"","","","","Interest in consumption on-site Y or N (Includes: drink tickets)","Admin","","","69f49dbf032b9f2b713d37c1","false","","","Checklist","","Not Acknowledged","7","69f49dc13a74746da518838f","2026-05-01T12:34:09.840000","2026-05-01T12:34:09.840000","service_bdf5b7dc-5664-42ca-ab1f-67b3db250555","service+bdf5b7dc-5664-42ca-ab1f-67b3db250555@no-reply.base44.com","false"
"","","","","Did we send it to supplier?","Admin","","","69f49dbf032b9f2b713d37c1","false","","","Checklist","","Not Acknowledged","6","69f49dc1585ef3703033aa6d","2026-05-01T12:34:09.665000","2026-05-01T12:34:09.665000","service_bdf5b7dc-5664-42ca-ab1f-67b3db250555","service+bdf5b7dc-5664-42ca-ab1f-67b3db250555@no-reply.base44.com","false"
"","","","","Add Ons: Logo'd aprons, glassware and Cheese board","Admin","","","69f49dbf032b9f2b713d37c1","false","","","Checklist","","Not Acknowledged","5","69f49dc11e2598bfda5e4d2a","2026-05-01T12:34:09.485000","2026-05-01T12:34:09.485000","service_bdf5b7dc-5664-42ca-ab1f-67b3db250555","service+bdf5b7dc-5664-42ca-ab1f-67b3db250555@no-reply.base44.com","false"
"","","","","Participation List - Link","Admin","","","69f49dbf032b9f2b713d37c1","false","","","Checklist","","Not Acknowledged","4","69f49dc1c3775c576b1cd1a9","2026-05-01T12:34:09.229000","2026-05-01T12:34:09.229000","service_bdf5b7dc-5664-42ca-ab1f-67b3db250555","service+bdf5b7dc-5664-42ca-ab1f-67b3db250555@no-reply.base44.com","false"
"","","","","Workflow document","Admin","","","69f49dbf032b9f2b713d37c1","false","","","Checklist","","Not Acknowledged","3","69f49dc072cc12576394a692","2026-05-01T12:34:08.996000","2026-05-01T12:34:08.996000","service_bdf5b7dc-5664-42ca-ab1f-67b3db250555","service+bdf5b7dc-5664-42ca-ab1f-67b3db250555@no-reply.base44.com","false"
"","","","","Is it documented in Fareharbor?","Admin","","","69f49dbf032b9f2b713d37c1","false","","","Checklist","","Not Acknowledged","2","69f49dc0e21ea64586253609","2026-05-01T12:34:08.770000","2026-05-01T12:34:08.770000","service_bdf5b7dc-5664-42ca-ab1f-67b3db250555","service+bdf5b7dc-5664-42ca-ab1f-67b3db250555@no-reply.base44.com","false"
"","","","","Did we update in Sales Alert of Slack?","Admin","","","69f49dbf032b9f2b713d37c1","false","","","Checklist","","Not Acknowledged","1","69f49dc04ff4cb141f19fcb1","2026-05-01T12:34:08.550000","2026-05-01T12:34:08.550000","service_bdf5b7dc-5664-42ca-ab1f-67b3db250555","service+bdf5b7dc-5664-42ca-ab1f-67b3db250555@no-reply.base44.com","false"
"","","","","Has Operation Support confirmed when they are planning on meeting the location and time they are meeting (This can be done preferably by SMS or Email)","Admin","","","69f48c7cd1a308dfaf34fbca","false","","","Checklist","","Not Acknowledged","16","69f48c8465ca2e6c089a4c23","2026-05-01T11:20:36.516000","2026-05-01T11:20:36.516000","service_bdf5b7dc-5664-42ca-ab1f-67b3db250555","service+bdf5b7dc-5664-42ca-ab1f-67b3db250555@no-reply.base44.com","false"
"","","","","Did we schedule an Internal BEO discussion with the instructor and Event Team Lead?","Admin","","","69f48c7cd1a308dfaf34fbca","false","","","Checklist","","Not Acknowledged","15","69f48c843ddb95b5b109670d","2026-05-01T11:20:36.325000","2026-05-01T11:20:36.325000","service_bdf5b7dc-5664-42ca-ab1f-67b3db250555","service+bdf5b7dc-5664-42ca-ab1f-67b3db250555@no-reply.base44.com","false"
"","","","","CC form","Admin","","","69f48c7cd1a308dfaf34fbca","false","","","Checklist","","Not Acknowledged","14","69f48c84d6a2800902807a78","2026-05-01T11:20:36.065000","2026-05-01T11:20:36.065000","service_bdf5b7dc-5664-42ca-ab1f-67b3db250555","service+bdf5b7dc-5664-42ca-ab1f-67b3db250555@no-reply.base44.com","false"
"","","","","Remaining Balance and Headcount DUE","Admin","","","69f48c7cd1a308dfaf34fbca","false","","","Checklist","","Not Acknowledged","13","69f48c820f63046c18a32d2f","2026-05-01T11:20:34.805000","2026-05-01T11:20:34.805000","service_bdf5b7dc-5664-42ca-ab1f-67b3db250555","service+bdf5b7dc-5664-42ca-ab1f-67b3db250555@no-reply.base44.com","false"
"","","","","Remaining Balance Invoice Number","Admin","","","69f48c7cd1a308dfaf34fbca","false","","","Checklist","","Not Acknowledged","12","69f48c7f5c79b545b9ec9d09","2026-05-01T11:20:31.880000","2026-05-01T11:20:31.880000","service_bdf5b7dc-5664-42ca-ab1f-67b3db250555","service+bdf5b7dc-5664-42ca-ab1f-67b3db250555@no-reply.base44.com","false"
"","","","","Did we send an event flow reminder email?","Admin","","","69f48c7cd1a308dfaf34fbca","false","","","Checklist","","Not Acknowledged","11","69f48c7f84a3bef472122478","2026-05-01T11:20:31.651000","2026-05-01T11:20:31.651000","service_bdf5b7dc-5664-42ca-ab1f-67b3db250555","service+bdf5b7dc-5664-42ca-ab1f-67b3db250555@no-reply.base44.com","false"
"","","","","Final HC","Admin","","","69f48c7cd1a308dfaf34fbca","false","","","Checklist","","Not Acknowledged","10","69f48c7fd0e02d1b8f7ca2b7","2026-05-01T11:20:31.496000","2026-05-01T11:20:31.496000","service_bdf5b7dc-5664-42ca-ab1f-67b3db250555","service+bdf5b7dc-5664-42ca-ab1f-67b3db250555@no-reply.base44.com","false"
"","","","","BEO?","Admin","","","69f48c7cd1a308dfaf34fbca","false","","","Checklist","","Not Acknowledged","9","69f48c7f52812e673abeec34","2026-05-01T11:20:31.287000","2026-05-01T11:20:31.287000","service_bdf5b7dc-5664-42ca-ab1f-67b3db250555","service+bdf5b7dc-5664-42ca-ab1f-67b3db250555@no-reply.base44.com","false"
"","","","","If Yes, How many drink tickets / beverages per person?","Admin","","","69f48c7cd1a308dfaf34fbca","false","","","Checklist","","Not Acknowledged","8","69f48c7f55dabd2283a59a1c","2026-05-01T11:20:31.077000","2026-05-01T11:20:31.077000","service_bdf5b7dc-5664-42ca-ab1f-67b3db250555","service+bdf5b7dc-5664-42ca-ab1f-67b3db250555@no-reply.base44.com","false"
"","","","","Interest in consumption on-site Y or N (Includes: drink tickets)","Admin","","","69f48c7cd1a308dfaf34fbca","false","","","Checklist","","Not Acknowledged","7","69f48c7e932e12527d5a41a1","2026-05-01T11:20:30.836000","2026-05-01T11:20:30.836000","service_bdf5b7dc-5664-42ca-ab1f-67b3db250555","service+bdf5b7dc-5664-42ca-ab1f-67b3db250555@no-reply.base44.com","false"
"","","","","Did we send it to supplier?","Admin","","","69f48c7cd1a308dfaf34fbca","false","","","Checklist","","Not Acknowledged","6","69f48c7e766d9cee67b7b466","2026-05-01T11:20:30.648000","2026-05-01T11:20:30.648000","service_bdf5b7dc-5664-42ca-ab1f-67b3db250555","service+bdf5b7dc-5664-42ca-ab1f-67b3db250555@no-reply.base44.com","false"
"","","","","Add Ons: Logo'd aprons, glassware and Cheese board","Admin","","","69f48c7cd1a308dfaf34fbca","false","","","Checklist","","Not Acknowledged","5","69f48c7ea08d4c299c66a472","2026-05-01T11:20:30.427000","2026-05-01T11:20:30.427000","service_bdf5b7dc-5664-42ca-ab1f-67b3db250555","service+bdf5b7dc-5664-42ca-ab1f-67b3db250555@no-reply.base44.com","false"
"","","","","Participation List - Link","Admin","","","69f48c7cd1a308dfaf34fbca","false","","","Checklist","","Not Acknowledged","4","69f48c7e066353d9a4c4b58f","2026-05-01T11:20:30.194000","2026-05-01T11:20:30.194000","service_bdf5b7dc-5664-42ca-ab1f-67b3db250555","service+bdf5b7dc-5664-42ca-ab1f-67b3db250555@no-reply.base44.com","false"
"","","","","Workflow document","Admin","","","69f48c7cd1a308dfaf34fbca","false","","","Checklist","","Not Acknowledged","3","69f48c7dc610d20af0369ea4","2026-05-01T11:20:29.945000","2026-05-01T11:20:29.945000","service_bdf5b7dc-5664-42ca-ab1f-67b3db250555","service+bdf5b7dc-5664-42ca-ab1f-67b3db250555@no-reply.base44.com","false"
"","","","","Is it documented in Fareharbor?","Admin","","","69f48c7cd1a308dfaf34fbca","false","","","Checklist","","Not Acknowledged","2","69f48c7d838945e773e570ca","2026-05-01T11:20:29.690000","2026-05-01T11:20:29.690000","service_bdf5b7dc-5664-42ca-ab1f-67b3db250555","service+bdf5b7dc-5664-42ca-ab1f-67b3db250555@no-reply.base44.com","false"
"","","","","Did we update in Sales Alert of Slack?","Admin","","","69f48c7cd1a308dfaf34fbca","false","","","Checklist","","Not Acknowledged","1","69f48c7dfcb1e5e52d570ac7","2026-05-01T11:20:29.494000","2026-05-01T11:20:29.494000","service_bdf5b7dc-5664-42ca-ab1f-67b3db250555","service+bdf5b7dc-5664-42ca-ab1f-67b3db250555@no-reply.base44.com","false"
"","","","","Has Operation Support confirmed when they are planning on meeting the location and time they are meeting (This can be done preferably by SMS or Email)","Admin","","","69f484f933ac2b162606b76a","false","","","Checklist","","Not Acknowledged","16","69f484fd62c0471695d9e918","2026-05-01T10:48:29.464000","2026-05-01T10:48:29.464000","service_bdf5b7dc-5664-42ca-ab1f-67b3db250555","service+bdf5b7dc-5664-42ca-ab1f-67b3db250555@no-reply.base44.com","false"
"","","","","Did we schedule an Internal BEO discussion with the instructor and Event Team Lead?","Admin","","","69f484f933ac2b162606b76a","false","","","Checklist","","Not Acknowledged","15","69f484fdb4be6502e61d803a","2026-05-01T10:48:29.258000","2026-05-01T10:48:29.258000","service_bdf5b7dc-5664-42ca-ab1f-67b3db250555","service+bdf5b7dc-5664-42ca-ab1f-67b3db250555@no-reply.base44.com","false"
"","","","","CC form","Admin","","","69f484f933ac2b162606b76a","false","","","Checklist","","Not Acknowledged","14","69f484fdfd732fd97aa490ef","2026-05-01T10:48:29.105000","2026-05-01T10:48:29.105000","service_bdf5b7dc-5664-42ca-ab1f-67b3db250555","service+bdf5b7dc-5664-42ca-ab1f-67b3db250555@no-reply.base44.com","false"
"","","","","Remaining Balance and Headcount DUE","Admin","","","69f484f933ac2b162606b76a","false","","","Checklist","","Not Acknowledged","13","69f484fc7d9eb335b1817225","2026-05-01T10:48:28.911000","2026-05-01T10:48:28.911000","service_bdf5b7dc-5664-42ca-ab1f-67b3db250555","service+bdf5b7dc-5664-42ca-ab1f-67b3db250555@no-reply.base44.com","false"
"","","","","Remaining Balance Invoice Number","Admin","","","69f484f933ac2b162606b76a","false","","","Checklist","","Not Acknowledged","12","69f484fc5583055c327b6206","2026-05-01T10:48:28.741000","2026-05-01T10:48:28.741000","service_bdf5b7dc-5664-42ca-ab1f-67b3db250555","service+bdf5b7dc-5664-42ca-ab1f-67b3db250555@no-reply.base44.com","false"
"","","","","Did we send an event flow reminder email?","Admin","","","69f484f933ac2b162606b76a","false","","","Checklist","","Not Acknowledged","11","69f484fc313821c9fef7f219","2026-05-01T10:48:28.570000","2026-05-01T10:48:28.570000","service_bdf5b7dc-5664-42ca-ab1f-67b3db250555","service+bdf5b7dc-5664-42ca-ab1f-67b3db250555@no-reply.base44.com","false"
"","","","","Final HC","Admin","","","69f484f933ac2b162606b76a","false","","","Checklist","","Not Acknowledged","10","69f484fc64bbb04c1552f94c","2026-05-01T10:48:28.315000","2026-05-01T10:48:28.315000","service_bdf5b7dc-5664-42ca-ab1f-67b3db250555","service+bdf5b7dc-5664-42ca-ab1f-67b3db250555@no-reply.base44.com","false"
"","","","","BEO?","Admin","","","69f484f933ac2b162606b76a","false","","","Checklist","","Not Acknowledged","9","69f484fc77e9ba698ddf61f1","2026-05-01T10:48:28.122000","2026-05-01T10:48:28.122000","service_bdf5b7dc-5664-42ca-ab1f-67b3db250555","service+bdf5b7dc-5664-42ca-ab1f-67b3db250555@no-reply.base44.com","false"
"","","","","If Yes, How many drink tickets / beverages per person?","Admin","","","69f484f933ac2b162606b76a","false","","","Checklist","","Not Acknowledged","8","69f484fba33e685c4c54f013","2026-05-01T10:48:27.959000","2026-05-01T10:48:27.959000","service_bdf5b7dc-5664-42ca-ab1f-67b3db250555","service+bdf5b7dc-5664-42ca-ab1f-67b3db250555@no-reply.base44.com","false"
"","","","","Interest in consumption on-site Y or N (Includes: drink tickets)","Admin","","","69f484f933ac2b162606b76a","false","","","Checklist","","Not Acknowledged","7","69f484fb6c214d209c7d6a46","2026-05-01T10:48:27.747000","2026-05-01T10:48:27.747000","service_bdf5b7dc-5664-42ca-ab1f-67b3db250555","service+bdf5b7dc-5664-42ca-ab1f-67b3db250555@no-reply.base44.com","false"
"","","","","Did we send it to supplier?","Admin","","","69f484f933ac2b162606b76a","false","","","Checklist","","Not Acknowledged","6","69f484fb396ad1b21783a9bb","2026-05-01T10:48:27.591000","2026-05-01T10:48:27.591000","service_bdf5b7dc-5664-42ca-ab1f-67b3db250555","service+bdf5b7dc-5664-42ca-ab1f-67b3db250555@no-reply.base44.com","false"
"","","","","Add Ons: Logo'd aprons, glassware and Cheese board","Admin","","","69f484f933ac2b162606b76a","false","","","Checklist","","Not Acknowledged","5","69f484fbcc59aad9e42f69f4","2026-05-01T10:48:27.412000","2026-05-01T10:48:27.412000","service_bdf5b7dc-5664-42ca-ab1f-67b3db250555","service+bdf5b7dc-5664-42ca-ab1f-67b3db250555@no-reply.base44.com","false"
"","","","","Participation List - Link","Admin","","","69f484f933ac2b162606b76a","false","","","Checklist","","Not Acknowledged","4","69f484fba152f1fe66dc05e2","2026-05-01T10:48:27.189000","2026-05-01T10:48:27.189000","service_bdf5b7dc-5664-42ca-ab1f-67b3db250555","service+bdf5b7dc-5664-42ca-ab1f-67b3db250555@no-reply.base44.com","false"
"","","","","Workflow document","Admin","","","69f484f933ac2b162606b76a","false","","","Checklist","","Not Acknowledged","3","69f484fa179c69398a2571ab","2026-05-01T10:48:26.897000","2026-05-01T10:48:26.897000","service_bdf5b7dc-5664-42ca-ab1f-67b3db250555","service+bdf5b7dc-5664-42ca-ab1f-67b3db250555@no-reply.base44.com","false"
"","","","","Is it documented in Fareharbor?","Admin","","","69f484f933ac2b162606b76a","false","","","Checklist","","Not Acknowledged","2","69f484faaf85286019bc761d","2026-05-01T10:48:26.648000","2026-05-01T10:48:26.648000","service_bdf5b7dc-5664-42ca-ab1f-67b3db250555","service+bdf5b7dc-5664-42ca-ab1f-67b3db250555@no-reply.base44.com","false"
"","","","","Did we update in Sales Alert of Slack?","Admin","","","69f484f933ac2b162606b76a","false","","","Checklist","","Not Acknowledged","1","69f484fa66504416ffa939ef","2026-05-01T10:48:26.444000","2026-05-01T10:48:26.444000","service_bdf5b7dc-5664-42ca-ab1f-67b3db250555","service+bdf5b7dc-5664-42ca-ab1f-67b3db250555@no-reply.base44.com","false"
"","","","","Has Operation Support confirmed when they are planning on meeting the location and time they are meeting (This can be done preferably by SMS or Email)","Admin","","","69f481a84ac8baac0a4cfeb5","false","","","Checklist","","Not Acknowledged","16","69f481ad96ea4c8f9f373cbd","2026-05-01T10:34:21.347000","2026-05-01T10:34:21.347000","service_bdf5b7dc-5664-42ca-ab1f-67b3db250555","service+bdf5b7dc-5664-42ca-ab1f-67b3db250555@no-reply.base44.com","false"
"","","","","Did we schedule an Internal BEO discussion with the instructor and Event Team Lead?","Admin","","","69f481a84ac8baac0a4cfeb5","false","","","Checklist","","Not Acknowledged","15","69f481ada33e685c4c54ee0c","2026-05-01T10:34:21.191000","2026-05-01T10:34:21.191000","service_bdf5b7dc-5664-42ca-ab1f-67b3db250555","service+bdf5b7dc-5664-42ca-ab1f-67b3db250555@no-reply.base44.com","false"
"","","","","CC form","Admin","","","69f481a84ac8baac0a4cfeb5","false","","","Checklist","","Not Acknowledged","14","69f481ac7e9f3e91cb4552c1","2026-05-01T10:34:20.947000","2026-05-01T10:34:20.947000","service_bdf5b7dc-5664-42ca-ab1f-67b3db250555","service+bdf5b7dc-5664-42ca-ab1f-67b3db250555@no-reply.base44.com","false"
"","","","","Remaining Balance and Headcount DUE","Admin","","","69f481a84ac8baac0a4cfeb5","false","","","Checklist","","Not Acknowledged","13","69f481ac8656007b0f16ff8a","2026-05-01T10:34:20.742000","2026-05-01T10:34:20.742000","service_bdf5b7dc-5664-42ca-ab1f-67b3db250555","service+bdf5b7dc-5664-42ca-ab1f-67b3db250555@no-reply.base44.com","false"
"","","","","Remaining Balance Invoice Number","Admin","","","69f481a84ac8baac0a4cfeb5","false","","","Checklist","","Not Acknowledged","12","69f481ac69c6e7031e36fd81","2026-05-01T10:34:20.526000","2026-05-01T10:34:20.526000","service_bdf5b7dc-5664-42ca-ab1f-67b3db250555","service+bdf5b7dc-5664-42ca-ab1f-67b3db250555@no-reply.base44.com","false"
"","","","","Did we send an event flow reminder email?","Admin","","","69f481a84ac8baac0a4cfeb5","false","","","Checklist","","Not Acknowledged","11","69f481acb3a7c57f96f2e55e","2026-05-01T10:34:20.305000","2026-05-01T10:34:20.305000","service_bdf5b7dc-5664-42ca-ab1f-67b3db250555","service+bdf5b7dc-5664-42ca-ab1f-67b3db250555@no-reply.base44.com","false"
"","","","","Final HC","Admin","","","69f481a84ac8baac0a4cfeb5","false","","","Checklist","","Not Acknowledged","10","69f481acc0fa21448dd52102","2026-05-01T10:34:20.072000","2026-05-01T10:34:20.072000","service_bdf5b7dc-5664-42ca-ab1f-67b3db250555","service+bdf5b7dc-5664-42ca-ab1f-67b3db250555@no-reply.base44.com","false"
"","","","","BEO?","Admin","","","69f481a84ac8baac0a4cfeb5","false","","","Checklist","","Not Acknowledged","9","69f481ab929d9b37a988146a","2026-05-01T10:34:19.794000","2026-05-01T10:34:19.794000","service_bdf5b7dc-5664-42ca-ab1f-67b3db250555","service+bdf5b7dc-5664-42ca-ab1f-67b3db250555@no-reply.base44.com","false"
"","","","","If Yes, How many drink tickets / beverages per person?","Admin","","","69f481a84ac8baac0a4cfeb5","false","","","Checklist","","Not Acknowledged","8","69f481ab8b3b91e124b77c9e","2026-05-01T10:34:19.630000","2026-05-01T10:34:19.630000","service_bdf5b7dc-5664-42ca-ab1f-67b3db250555","service+bdf5b7dc-5664-42ca-ab1f-67b3db250555@no-reply.base44.com","false"
"","","","","Interest in consumption on-site Y or N (Includes: drink tickets)","Admin","","","69f481a84ac8baac0a4cfeb5","false","","","Checklist","","Not Acknowledged","7","69f481ab05dd1f1a782159f9","2026-05-01T10:34:19.418000","2026-05-01T10:34:19.418000","service_bdf5b7dc-5664-42ca-ab1f-67b3db250555","service+bdf5b7dc-5664-42ca-ab1f-67b3db250555@no-reply.base44.com","false"
"","","","","Did we send it to supplier?","Admin","","","69f481a84ac8baac0a4cfeb5","false","","","Checklist","","Not Acknowledged","6","69f481ab0373ecdfee70633f","2026-05-01T10:34:19.164000","2026-05-01T10:34:19.164000","service_bdf5b7dc-5664-42ca-ab1f-67b3db250555","service+bdf5b7dc-5664-42ca-ab1f-67b3db250555@no-reply.base44.com","false"
"","","","","Add Ons: Logo'd aprons, glassware and Cheese board","Admin","","","69f481a84ac8baac0a4cfeb5","false","","","Checklist","","Not Acknowledged","5","69f481aae41964d6879246b8","2026-05-01T10:34:18.978000","2026-05-01T10:34:18.978000","service_bdf5b7dc-5664-42ca-ab1f-67b3db250555","service+bdf5b7dc-5664-42ca-ab1f-67b3db250555@no-reply.base44.com","false"
"","","","","Participation List - Link","Admin","","","69f481a84ac8baac0a4cfeb5","false","","","Checklist","","Not Acknowledged","4","69f481aa066353d9a4c4a2ae","2026-05-01T10:34:18.750000","2026-05-01T10:34:18.750000","service_bdf5b7dc-5664-42ca-ab1f-67b3db250555","service+bdf5b7dc-5664-42ca-ab1f-67b3db250555@no-reply.base44.com","false"
"","","","","Workflow document","Admin","","","69f481a84ac8baac0a4cfeb5","false","","","Checklist","","Not Acknowledged","3","69f481aa6303481195a7e1b3","2026-05-01T10:34:18.517000","2026-05-01T10:34:18.517000","service_bdf5b7dc-5664-42ca-ab1f-67b3db250555","service+bdf5b7dc-5664-42ca-ab1f-67b3db250555@no-reply.base44.com","false"
"","","","","Is it documented in Fareharbor?","Admin","","","69f481a84ac8baac0a4cfeb5","false","","","Checklist","","Not Acknowledged","2","69f481aae8f944874d76ecc4","2026-05-01T10:34:18.311000","2026-05-01T10:34:18.311000","service_bdf5b7dc-5664-42ca-ab1f-67b3db250555","service+bdf5b7dc-5664-42ca-ab1f-67b3db250555@no-reply.base44.com","false"
"","","","","Did we update in Sales Alert of Slack?","Admin","","","69f481a84ac8baac0a4cfeb5","false","","","Checklist","","Not Acknowledged","1","69f481aa7fb103997c017d2a","2026-05-01T10:34:18.021000","2026-05-01T10:34:18.021000","service_bdf5b7dc-5664-42ca-ab1f-67b3db250555","service+bdf5b7dc-5664-42ca-ab1f-67b3db250555@no-reply.base44.com","false"
"","","","","Has Operation Support confirmed when they are planning on meeting the location and time they are meeting (This can be done preferably by SMS or Email)","Admin","","","69f38a9d25963c74838e1da2","false","","","Checklist","","Not Acknowledged","16","69f38aa21077db0112b583b8","2026-04-30T17:00:18.774000","2026-04-30T17:00:18.774000","service_bdf5b7dc-5664-42ca-ab1f-67b3db250555","service+bdf5b7dc-5664-42ca-ab1f-67b3db250555@no-reply.base44.com","false"
"","","","","Did we schedule an Internal BEO discussion with the instructor and Event Team Lead?","Admin","","","69f38a9d25963c74838e1da2","false","","","Checklist","","Not Acknowledged","15","69f38aa20e56aed839cadca6","2026-04-30T17:00:18.501000","2026-04-30T17:00:18.501000","service_bdf5b7dc-5664-42ca-ab1f-67b3db250555","service+bdf5b7dc-5664-42ca-ab1f-67b3db250555@no-reply.base44.com","false"
"","","","","CC form","Admin","","","69f38a9d25963c74838e1da2","false","","","Checklist","","Not Acknowledged","14","69f38aa2c218cc26c0d42a2f","2026-04-30T17:00:18.215000","2026-04-30T17:00:18.215000","service_bdf5b7dc-5664-42ca-ab1f-67b3db250555","service+bdf5b7dc-5664-42ca-ab1f-67b3db250555@no-reply.base44.com","false"
"","","","","Remaining Balance and Headcount DUE","Admin","","","69f38a9d25963c74838e1da2","false","","","Checklist","","Not Acknowledged","13","69f38aa18d6cbe5f87327410","2026-04-30T17:00:17.930000","2026-04-30T17:00:17.930000","service_bdf5b7dc-5664-42ca-ab1f-67b3db250555","service+bdf5b7dc-5664-42ca-ab1f-67b3db250555@no-reply.base44.com","false"
"","","","","Remaining Balance Invoice Number","Admin","","","69f38a9d25963c74838e1da2","false","","","Checklist","","Not Acknowledged","12","69f38aa17402d08d0782cf94","2026-04-30T17:00:17.663000","2026-04-30T17:00:17.663000","service_bdf5b7dc-5664-42ca-ab1f-67b3db250555","service+bdf5b7dc-5664-42ca-ab1f-67b3db250555@no-reply.base44.com","false"
"","","","","Did we send an event flow reminder email?","Admin","","","69f38a9d25963c74838e1da2","false","","","Checklist","","Not Acknowledged","11","69f38aa12a362d68a35f3c8a","2026-04-30T17:00:17.384000","2026-04-30T17:00:17.384000","service_bdf5b7dc-5664-42ca-ab1f-67b3db250555","service+bdf5b7dc-5664-42ca-ab1f-67b3db250555@no-reply.base44.com","false"
"","","","","Final HC","Admin","","","69f38a9d25963c74838e1da2","false","","","Checklist","","Not Acknowledged","10","69f38aa1cf793a4ce2d4913c","2026-04-30T17:00:17.129000","2026-04-30T17:00:17.129000","service_bdf5b7dc-5664-42ca-ab1f-67b3db250555","service+bdf5b7dc-5664-42ca-ab1f-67b3db250555@no-reply.base44.com","false"
"","","","","BEO?","Admin","","","69f38a9d25963c74838e1da2","false","","","Checklist","","Not Acknowledged","9","69f38aa0e738ac317c0570a9","2026-04-30T17:00:16.838000","2026-04-30T17:00:16.838000","service_bdf5b7dc-5664-42ca-ab1f-67b3db250555","service+bdf5b7dc-5664-42ca-ab1f-67b3db250555@no-reply.base44.com","false"
"","","","","If Yes, How many drink tickets / beverages per person?","Admin","","","69f38a9d25963c74838e1da2","false","","","Checklist","","Not Acknowledged","8","69f38aa08e547d916e5b1dec","2026-04-30T17:00:16.588000","2026-04-30T17:00:16.588000","service_bdf5b7dc-5664-42ca-ab1f-67b3db250555","service+bdf5b7dc-5664-42ca-ab1f-67b3db250555@no-reply.base44.com","false"
"","","","","Interest in consumption on-site Y or N (Includes: drink tickets)","Admin","","","69f38a9d25963c74838e1da2","false","","","Checklist","","Not Acknowledged","7","69f38aa00b2a142d8d093e8c","2026-04-30T17:00:16.336000","2026-04-30T17:00:16.336000","service_bdf5b7dc-5664-42ca-ab1f-67b3db250555","service+bdf5b7dc-5664-42ca-ab1f-67b3db250555@no-reply.base44.com","false"
"","","","","Did we send it to supplier?","Admin","","","69f38a9d25963c74838e1da2","false","","","Checklist","","Not Acknowledged","6","69f38aa068c779b06325124c","2026-04-30T17:00:16.093000","2026-04-30T17:00:16.093000","service_bdf5b7dc-5664-42ca-ab1f-67b3db250555","service+bdf5b7dc-5664-42ca-ab1f-67b3db250555@no-reply.base44.com","false"
"","","","","Add Ons: Logo'd aprons, glassware and Cheese board","Admin","","","69f38a9d25963c74838e1da2","false","","","Checklist","","Not Acknowledged","5","69f38a9fd4ba1fbbb4184df3","2026-04-30T17:00:15.810000","2026-04-30T17:00:15.810000","service_bdf5b7dc-5664-42ca-ab1f-67b3db250555","service+bdf5b7dc-5664-42ca-ab1f-67b3db250555@no-reply.base44.com","false"
"","","","","Participation List - Link","Admin","","","69f38a9d25963c74838e1da2","false","","","Checklist","","Not Acknowledged","4","69f38a9f643e0537ba4c06f0","2026-04-30T17:00:15.532000","2026-04-30T17:00:15.532000","service_bdf5b7dc-5664-42ca-ab1f-67b3db250555","service+bdf5b7dc-5664-42ca-ab1f-67b3db250555@no-reply.base44.com","false"
"","","","","Workflow document","Admin","","","69f38a9d25963c74838e1da2","false","","","Checklist","","Not Acknowledged","3","69f38a9fdffb8fc4118beb14","2026-04-30T17:00:15.281000","2026-04-30T17:00:15.281000","service_bdf5b7dc-5664-42ca-ab1f-67b3db250555","service+bdf5b7dc-5664-42ca-ab1f-67b3db250555@no-reply.base44.com","false"
"","","","","Is it documented in Fareharbor?","Admin","","","69f38a9d25963c74838e1da2","false","","","Checklist","","Not Acknowledged","2","69f38a9f3f20fd1d37dcda26","2026-04-30T17:00:15.025000","2026-04-30T17:00:15.025000","service_bdf5b7dc-5664-42ca-ab1f-67b3db250555","service+bdf5b7dc-5664-42ca-ab1f-67b3db250555@no-reply.base44.com","false"
"","","","","Did we update in Sales Alert of Slack?","Admin","","","69f38a9d25963c74838e1da2","false","","","Checklist","","Not Acknowledged","1","69f38a9ed9a84017b2c908a1","2026-04-30T17:00:14.718000","2026-04-30T17:00:14.718000","service_bdf5b7dc-5664-42ca-ab1f-67b3db250555","service+bdf5b7dc-5664-42ca-ab1f-67b3db250555@no-reply.base44.com","false"
"","","","","Has Operation Support confirmed when they are planning on meeting the location and time they are meeting (This can be done preferably by SMS or Email)","Admin","","","69f378de74d63a89265908e0","false","","","Checklist","","Not Acknowledged","16","69f378e39b4ee9f6fdc9e807","2026-04-30T15:44:35.484000","2026-04-30T15:44:35.484000","service_bdf5b7dc-5664-42ca-ab1f-67b3db250555","service+bdf5b7dc-5664-42ca-ab1f-67b3db250555@no-reply.base44.com","false"
"","","","","Did we schedule an Internal BEO discussion with the instructor and Event Team Lead?","Admin","","","69f378de74d63a89265908e0","false","","","Checklist","","Not Acknowledged","15","69f378e3241de3c4794b7fc4","2026-04-30T15:44:35.300000","2026-04-30T15:44:35.300000","service_bdf5b7dc-5664-42ca-ab1f-67b3db250555","service+bdf5b7dc-5664-42ca-ab1f-67b3db250555@no-reply.base44.com","false"
"","","","","CC form","Admin","","","69f378de74d63a89265908e0","false","","","Checklist","","Not Acknowledged","14","69f378e3a85d180e806aabc5","2026-04-30T15:44:35.028000","2026-04-30T15:44:35.028000","service_bdf5b7dc-5664-42ca-ab1f-67b3db250555","service+bdf5b7dc-5664-42ca-ab1f-67b3db250555@no-reply.base44.com","false"
"","","","","Remaining Balance and Headcount DUE","Admin","","","69f378de74d63a89265908e0","false","","","Checklist","","Not Acknowledged","13","69f378e2ffe8230f5ff9cfb5","2026-04-30T15:44:34.804000","2026-04-30T15:44:34.804000","service_bdf5b7dc-5664-42ca-ab1f-67b3db250555","service+bdf5b7dc-5664-42ca-ab1f-67b3db250555@no-reply.base44.com","false"
"","","","","Remaining Balance Invoice Number","Admin","","","69f378de74d63a89265908e0","false","","","Checklist","","Not Acknowledged","12","69f378e26ea0c0c0650955dd","2026-04-30T15:44:34.541000","2026-04-30T15:44:34.541000","service_bdf5b7dc-5664-42ca-ab1f-67b3db250555","service+bdf5b7dc-5664-42ca-ab1f-67b3db250555@no-reply.base44.com","false"
"","","","","Did we send an event flow reminder email?","Admin","","","69f378de74d63a89265908e0","false","","","Checklist","","Not Acknowledged","11","69f378e20b24e57ab3d46111","2026-04-30T15:44:34.035000","2026-04-30T15:44:34.035000","service_bdf5b7dc-5664-42ca-ab1f-67b3db250555","service+bdf5b7dc-5664-42ca-ab1f-67b3db250555@no-reply.base44.com","false"
"","","","","Final HC","Admin","","","69f378de74d63a89265908e0","false","","","Checklist","","Not Acknowledged","10","69f378e1f9ce94bff58108d7","2026-04-30T15:44:33.858000","2026-04-30T15:44:33.858000","service_bdf5b7dc-5664-42ca-ab1f-67b3db250555","service+bdf5b7dc-5664-42ca-ab1f-67b3db250555@no-reply.base44.com","false"
"","","","","BEO?","Admin","","","69f378de74d63a89265908e0","false","","","Checklist","","Not Acknowledged","9","69f378e184cf8fd89a84f5de","2026-04-30T15:44:33.671000","2026-04-30T15:44:33.671000","service_bdf5b7dc-5664-42ca-ab1f-67b3db250555","service+bdf5b7dc-5664-42ca-ab1f-67b3db250555@no-reply.base44.com","false"
"","","","","If Yes, How many drink tickets / beverages per person?","Admin","","","69f378de74d63a89265908e0","false","","","Checklist","","Not Acknowledged","8","69f378e1445443fd0e3e9d29","2026-04-30T15:44:33.463000","2026-04-30T15:44:33.463000","service_bdf5b7dc-5664-42ca-ab1f-67b3db250555","service+bdf5b7dc-5664-42ca-ab1f-67b3db250555@no-reply.base44.com","false"
"","","","","Interest in consumption on-site Y or N (Includes: drink tickets)","Admin","","","69f378de74d63a89265908e0","false","","","Checklist","","Not Acknowledged","7","69f378e17f3194d97f2fc334","2026-04-30T15:44:33.218000","2026-04-30T15:44:33.218000","service_bdf5b7dc-5664-42ca-ab1f-67b3db250555","service+bdf5b7dc-5664-42ca-ab1f-67b3db250555@no-reply.base44.com","false"
"","","","","Did we send it to supplier?","Admin","","","69f378de74d63a89265908e0","false","","","Checklist","","Not Acknowledged","6","69f378e036e993303d5447d9","2026-04-30T15:44:32.980000","2026-04-30T15:44:32.980000","service_bdf5b7dc-5664-42ca-ab1f-67b3db250555","service+bdf5b7dc-5664-42ca-ab1f-67b3db250555@no-reply.base44.com","false"
"","","","","Add Ons: Logo'd aprons, glassware and Cheese board","Admin","","","69f378de74d63a89265908e0","false","","","Checklist","","Not Acknowledged","5","69f378e048290e966b915d71","2026-04-30T15:44:32.738000","2026-04-30T15:44:32.738000","service_bdf5b7dc-5664-42ca-ab1f-67b3db250555","service+bdf5b7dc-5664-42ca-ab1f-67b3db250555@no-reply.base44.com","false"
"","","","","Participation List - Link","Admin","","","69f378de74d63a89265908e0","false","","","Checklist","","Not Acknowledged","4","69f378e07eae77f41da21fb7","2026-04-30T15:44:32.489000","2026-04-30T15:44:32.489000","service_bdf5b7dc-5664-42ca-ab1f-67b3db250555","service+bdf5b7dc-5664-42ca-ab1f-67b3db250555@no-reply.base44.com","false"
"","","","","Workflow document","Admin","","","69f378de74d63a89265908e0","false","","","Checklist","","Not Acknowledged","3","69f378e0ba070dd455100a20","2026-04-30T15:44:32.300000","2026-04-30T15:44:32.300000","service_bdf5b7dc-5664-42ca-ab1f-67b3db250555","service+bdf5b7dc-5664-42ca-ab1f-67b3db250555@no-reply.base44.com","false"
"","","","","Is it documented in Fareharbor?","Admin","","","69f378de74d63a89265908e0","false","","","Checklist","","Not Acknowledged","2","69f378e0320ab0d1f840fe94","2026-04-30T15:44:32.054000","2026-04-30T15:44:32.054000","service_bdf5b7dc-5664-42ca-ab1f-67b3db250555","service+bdf5b7dc-5664-42ca-ab1f-67b3db250555@no-reply.base44.com","false"
"","","","","Did we update in Sales Alert of Slack?","Admin","","","69f378de74d63a89265908e0","false","","","Checklist","","Not Acknowledged","1","69f378dfd1a75c48e2029afd","2026-04-30T15:44:31.796000","2026-04-30T15:44:31.796000","service_bdf5b7dc-5664-42ca-ab1f-67b3db250555","service+bdf5b7dc-5664-42ca-ab1f-67b3db250555@no-reply.base44.com","false"
"","","","","Has Operation Support confirmed when they are planning on meeting the location and time they are meeting (This can be done preferably by SMS or Email)","Admin","","","69f1ebbd0f84aef380bdd550","false","","","Checklist","","Not Acknowledged","16","69f1ebc251358db1f2edcb42","2026-04-29T11:30:10.900000","2026-04-29T11:30:10.900000","service_bdf5b7dc-5664-42ca-ab1f-67b3db250555","service+bdf5b7dc-5664-42ca-ab1f-67b3db250555@no-reply.base44.com","false"
"","","","","Did we schedule an Internal BEO discussion with the instructor and Event Team Lead?","Admin","","","69f1ebbd0f84aef380bdd550","false","","","Checklist","","Not Acknowledged","15","69f1ebc20844789f7e6d2ea3","2026-04-29T11:30:10.628000","2026-04-29T11:30:10.628000","service_bdf5b7dc-5664-42ca-ab1f-67b3db250555","service+bdf5b7dc-5664-42ca-ab1f-67b3db250555@no-reply.base44.com","false"
"","","","","CC form","Admin","","","69f1ebbd0f84aef380bdd550","false","","","Checklist","","Not Acknowledged","14","69f1ebc2f3058b80bae4f2e8","2026-04-29T11:30:10.393000","2026-04-29T11:30:10.393000","service_bdf5b7dc-5664-42ca-ab1f-67b3db250555","service+bdf5b7dc-5664-42ca-ab1f-67b3db250555@no-reply.base44.com","false"
"","","","","Remaining Balance and Headcount DUE","Admin","","","69f1ebbd0f84aef380bdd550","false","","","Checklist","","Not Acknowledged","13","69f1ebc25bb868d9839a9a80","2026-04-29T11:30:10.131000","2026-04-29T11:30:10.131000","service_bdf5b7dc-5664-42ca-ab1f-67b3db250555","service+bdf5b7dc-5664-42ca-ab1f-67b3db250555@no-reply.base44.com","false"
"","","","","Remaining Balance Invoice Number","Admin","","","69f1ebbd0f84aef380bdd550","false","","","Checklist","","Not Acknowledged","12","69f1ebc1757b12be2bd08da8","2026-04-29T11:30:09.879000","2026-04-29T11:30:09.879000","service_bdf5b7dc-5664-42ca-ab1f-67b3db250555","service+bdf5b7dc-5664-42ca-ab1f-67b3db250555@no-reply.base44.com","false"
"","","","","Did we send an event flow reminder email?","Admin","","","69f1ebbd0f84aef380bdd550","false","","","Checklist","","Not Acknowledged","11","69f1ebc1679c9b5edc6439a7","2026-04-29T11:30:09.672000","2026-04-29T11:30:09.672000","service_bdf5b7dc-5664-42ca-ab1f-67b3db250555","service+bdf5b7dc-5664-42ca-ab1f-67b3db250555@no-reply.base44.com","false"
"","","","","Final HC","Admin","","","69f1ebbd0f84aef380bdd550","false","","","Checklist","","Not Acknowledged","10","69f1ebc108ada5168f3aa4e0","2026-04-29T11:30:09.380000","2026-04-29T11:30:09.380000","service_bdf5b7dc-5664-42ca-ab1f-67b3db250555","service+bdf5b7dc-5664-42ca-ab1f-67b3db250555@no-reply.base44.com","false"
"","","","","BEO?","Admin","","","69f1ebbd0f84aef380bdd550","false","","","Checklist","","Not Acknowledged","9","69f1ebc12a041ff66070968c","2026-04-29T11:30:09.139000","2026-04-29T11:30:09.139000","service_bdf5b7dc-5664-42ca-ab1f-67b3db250555","service+bdf5b7dc-5664-42ca-ab1f-67b3db250555@no-reply.base44.com","false"
"","","","","If Yes, How many drink tickets / beverages per person?","Admin","","","69f1ebbd0f84aef380bdd550","false","","","Checklist","","Not Acknowledged","8","69f1ebc09ea6e5fc705da0ad","2026-04-29T11:30:08.912000","2026-04-29T11:30:08.912000","service_bdf5b7dc-5664-42ca-ab1f-67b3db250555","service+bdf5b7dc-5664-42ca-ab1f-67b3db250555@no-reply.base44.com","false"
"","","","","Interest in consumption on-site Y or N (Includes: drink tickets)","Admin","","","69f1ebbd0f84aef380bdd550","false","","","Checklist","","Not Acknowledged","7","69f1ebc0b00e6efb27e3751d","2026-04-29T11:30:08.668000","2026-04-29T11:30:08.669000","service_bdf5b7dc-5664-42ca-ab1f-67b3db250555","service+bdf5b7dc-5664-42ca-ab1f-67b3db250555@no-reply.base44.com","false"
"","","","","Did we send it to supplier?","Admin","","","69f1ebbd0f84aef380bdd550","false","","","Checklist","","Not Acknowledged","6","69f1ebc0ea87b1ccb95ebbee","2026-04-29T11:30:08.426000","2026-04-29T11:30:08.426000","service_bdf5b7dc-5664-42ca-ab1f-67b3db250555","service+bdf5b7dc-5664-42ca-ab1f-67b3db250555@no-reply.base44.com","false"
"","","","","Add Ons: Logo'd aprons, glassware and Cheese board","Admin","","","69f1ebbd0f84aef380bdd550","false","","","Checklist","","Not Acknowledged","5","69f1ebc040385ff45ed93bd0","2026-04-29T11:30:08.196000","2026-04-29T11:30:08.196000","service_bdf5b7dc-5664-42ca-ab1f-67b3db250555","service+bdf5b7dc-5664-42ca-ab1f-67b3db250555@no-reply.base44.com","false"
"","","","","Participation List - Link","Admin","","","69f1ebbd0f84aef380bdd550","false","","","Checklist","","Not Acknowledged","4","69f1ebbf796686849f0efff2","2026-04-29T11:30:07.919000","2026-04-29T11:30:07.919000","service_bdf5b7dc-5664-42ca-ab1f-67b3db250555","service+bdf5b7dc-5664-42ca-ab1f-67b3db250555@no-reply.base44.com","false"
"","","","","Workflow document","Admin","","","69f1ebbd0f84aef380bdd550","false","","","Checklist","","Not Acknowledged","3","69f1ebbff4096440e81ac8d5","2026-04-29T11:30:07.653000","2026-04-29T11:30:07.653000","service_bdf5b7dc-5664-42ca-ab1f-67b3db250555","service+bdf5b7dc-5664-42ca-ab1f-67b3db250555@no-reply.base44.com","false"
"","","","","Is it documented in Fareharbor?","Admin","","","69f1ebbd0f84aef380bdd550","false","","","Checklist","","Not Acknowledged","2","69f1ebbfe5cc6a0ee508701e","2026-04-29T11:30:07.424000","2026-04-29T11:30:07.424000","service_bdf5b7dc-5664-42ca-ab1f-67b3db250555","service+bdf5b7dc-5664-42ca-ab1f-67b3db250555@no-reply.base44.com","false"
"","","","","Did we update in Sales Alert of Slack?","Admin","","","69f1ebbd0f84aef380bdd550","false","","","Checklist","","Not Acknowledged","1","69f1ebbfa9f73b71355fbebe","2026-04-29T11:30:07.200000","2026-04-29T11:30:07.200000","service_bdf5b7dc-5664-42ca-ab1f-67b3db250555","service+bdf5b7dc-5664-42ca-ab1f-67b3db250555@no-reply.base44.com","false"
"","","","","Has Operation Support confirmed when they are planning on meeting the location and time they are meeting (This can be done preferably by SMS or Email)","Admin","","","69f0ab9585b11d7e1ac26293","false","","","Checklist","","Not Acknowledged","16","69f0ab9cee491f45d97df161","2026-04-28T12:44:12.953000","2026-04-28T12:44:12.953000","service_bdf5b7dc-5664-42ca-ab1f-67b3db250555","service+bdf5b7dc-5664-42ca-ab1f-67b3db250555@no-reply.base44.com","false"
"","","","","Did we schedule an Internal BEO discussion with the instructor and Event Team Lead?","Admin","","","69f0ab9585b11d7e1ac26293","false","","","Checklist","","Not Acknowledged","15","69f0ab9c4b30cb116133c1dc","2026-04-28T12:44:12.729000","2026-04-28T12:44:12.729000","service_bdf5b7dc-5664-42ca-ab1f-67b3db250555","service+bdf5b7dc-5664-42ca-ab1f-67b3db250555@no-reply.base44.com","false"
"","","","","CC form","Admin","","","69f0ab9585b11d7e1ac26293","false","","","Checklist","","Not Acknowledged","14","69f0ab9ceb07c0a7acb77f9f","2026-04-28T12:44:12.467000","2026-04-28T12:44:12.467000","service_bdf5b7dc-5664-42ca-ab1f-67b3db250555","service+bdf5b7dc-5664-42ca-ab1f-67b3db250555@no-reply.base44.com","false"
"","","","","Remaining Balance and Headcount DUE","Admin","","","69f0ab9585b11d7e1ac26293","false","","","Checklist","","Not Acknowledged","13","69f0ab9c155ab6254234d4df","2026-04-28T12:44:12.216000","2026-04-28T12:44:12.216000","service_bdf5b7dc-5664-42ca-ab1f-67b3db250555","service+bdf5b7dc-5664-42ca-ab1f-67b3db250555@no-reply.base44.com","false"
"","","","","Remaining Balance Invoice Number","Admin","","","69f0ab9585b11d7e1ac26293","false","","","Checklist","","Not Acknowledged","12","69f0ab9b42ef4fc84b37969c","2026-04-28T12:44:11.991000","2026-04-28T12:44:11.991000","service_bdf5b7dc-5664-42ca-ab1f-67b3db250555","service+bdf5b7dc-5664-42ca-ab1f-67b3db250555@no-reply.base44.com","false"
"","","","","Did we send an event flow reminder email?","Admin","","","69f0ab9585b11d7e1ac26293","false","","","Checklist","","Not Acknowledged","11","69f0ab9b7cc7b2cc606da7b9","2026-04-28T12:44:11.667000","2026-04-28T12:44:11.667000","service_bdf5b7dc-5664-42ca-ab1f-67b3db250555","service+bdf5b7dc-5664-42ca-ab1f-67b3db250555@no-reply.base44.com","false"
"","","","","Final HC","Admin","","","69f0ab9585b11d7e1ac26293","false","","","Checklist","","Not Acknowledged","10","69f0ab9b88037b5ab1f862f1","2026-04-28T12:44:11.493000","2026-04-28T12:44:11.493000","service_bdf5b7dc-5664-42ca-ab1f-67b3db250555","service+bdf5b7dc-5664-42ca-ab1f-67b3db250555@no-reply.base44.com","false"
"","","","","BEO?","Admin","","","69f0ab9585b11d7e1ac26293","false","","","Checklist","","Not Acknowledged","9","69f0ab9b3f253d1ba17aff86","2026-04-28T12:44:11.312000","2026-04-28T12:44:11.312000","service_bdf5b7dc-5664-42ca-ab1f-67b3db250555","service+bdf5b7dc-5664-42ca-ab1f-67b3db250555@no-reply.base44.com","false"
"","","","","If Yes, How many drink tickets / beverages per person?","Admin","","","69f0ab9585b11d7e1ac26293","false","","","Checklist","","Not Acknowledged","8","69f0ab9b4a01a0da73b0c59d","2026-04-28T12:44:11.088000","2026-04-28T12:44:11.088000","service_bdf5b7dc-5664-42ca-ab1f-67b3db250555","service+bdf5b7dc-5664-42ca-ab1f-67b3db250555@no-reply.base44.com","false"
"","","","","Interest in consumption on-site Y or N (Includes: drink tickets)","Admin","","","69f0ab9585b11d7e1ac26293","false","","","Checklist","","Not Acknowledged","7","69f0ab9a95149e471b657209","2026-04-28T12:44:10.894000","2026-04-28T12:44:10.894000","service_bdf5b7dc-5664-42ca-ab1f-67b3db250555","service+bdf5b7dc-5664-42ca-ab1f-67b3db250555@no-reply.base44.com","false"
"","","","","Did we send it to supplier?","Admin","","","69f0ab9585b11d7e1ac26293","false","","","Checklist","","Not Acknowledged","6","69f0ab9a9517f15ebd635c2a","2026-04-28T12:44:10.643000","2026-04-28T12:44:10.643000","service_bdf5b7dc-5664-42ca-ab1f-67b3db250555","service+bdf5b7dc-5664-42ca-ab1f-67b3db250555@no-reply.base44.com","false"
"","","","","Add Ons: Logo'd aprons, glassware and Cheese board","Admin","","","69f0ab9585b11d7e1ac26293","false","","","Checklist","","Not Acknowledged","5","69f0ab9a0d6a4769fc9a7696","2026-04-28T12:44:10.413000","2026-04-28T12:44:10.413000","service_bdf5b7dc-5664-42ca-ab1f-67b3db250555","service+bdf5b7dc-5664-42ca-ab1f-67b3db250555@no-reply.base44.com","false"
"","","","","Participation List - Link","Admin","","","69f0ab9585b11d7e1ac26293","false","","","Checklist","","Not Acknowledged","4","69f0ab9a8d260434a09d8ae5","2026-04-28T12:44:10.183000","2026-04-28T12:44:10.183000","service_bdf5b7dc-5664-42ca-ab1f-67b3db250555","service+bdf5b7dc-5664-42ca-ab1f-67b3db250555@no-reply.base44.com","false"
"","","","","Workflow document","Admin","","","69f0ab9585b11d7e1ac26293","false","","","Checklist","","Not Acknowledged","3","69f0ab99b4b763b394f0afd2","2026-04-28T12:44:09.935000","2026-04-28T12:44:09.935000","service_bdf5b7dc-5664-42ca-ab1f-67b3db250555","service+bdf5b7dc-5664-42ca-ab1f-67b3db250555@no-reply.base44.com","false"
"","","","","Is it documented in Fareharbor?","Admin","","","69f0ab9585b11d7e1ac26293","false","","","Checklist","","Not Acknowledged","2","69f0ab991acd4cdbfb3d7bbf","2026-04-28T12:44:09.774000","2026-04-28T12:44:09.774000","service_bdf5b7dc-5664-42ca-ab1f-67b3db250555","service+bdf5b7dc-5664-42ca-ab1f-67b3db250555@no-reply.base44.com","false"
"","","","","Did we update in Sales Alert of Slack?","Admin","","","69f0ab9585b11d7e1ac26293","false","","","Checklist","","Not Acknowledged","1","69f0ab998241b98943aee696","2026-04-28T12:44:09.335000","2026-04-28T12:44:09.335000","service_bdf5b7dc-5664-42ca-ab1f-67b3db250555","service+bdf5b7dc-5664-42ca-ab1f-67b3db250555@no-reply.base44.com","false"
"","","","","Has Operation Support confirmed when they are planning on meeting the location and time they are meeting (This can be done preferably by SMS or Email)","Admin","","","69eb8b34cb8deb7a522fa45a","false","","","Checklist","","Not Acknowledged","16","69eb8b452ac154647047f599","2026-04-24T15:24:53.384000","2026-04-24T15:24:53.384000","service_bdf5b7dc-5664-42ca-ab1f-67b3db250555","service+bdf5b7dc-5664-42ca-ab1f-67b3db250555@no-reply.base44.com","false"
"","","","","Did we schedule an Internal BEO discussion with the instructor and Event Team Lead?","Admin","","","69eb8b34cb8deb7a522fa45a","false","","","Checklist","","Not Acknowledged","15","69eb8b44773ca66bcd5d4153","2026-04-24T15:24:52.851000","2026-04-24T15:24:52.851000","service_bdf5b7dc-5664-42ca-ab1f-67b3db250555","service+bdf5b7dc-5664-42ca-ab1f-67b3db250555@no-reply.base44.com","false"
"","","","","CC form","Admin","","","69eb8b34cb8deb7a522fa45a","false","","","Checklist","","Not Acknowledged","14","69eb8b3f8ee7794f4641fdac","2026-04-24T15:24:47.766000","2026-04-24T15:24:47.766000","service_bdf5b7dc-5664-42ca-ab1f-67b3db250555","service+bdf5b7dc-5664-42ca-ab1f-67b3db250555@no-reply.base44.com","false"
"","","","","Remaining Balance and Headcount DUE","Admin","","","69eb8b34cb8deb7a522fa45a","false","","","Checklist","","Not Acknowledged","13","69eb8b3f946218b4f3d458db","2026-04-24T15:24:47.320000","2026-04-24T15:24:47.320000","service_bdf5b7dc-5664-42ca-ab1f-67b3db250555","service+bdf5b7dc-5664-42ca-ab1f-67b3db250555@no-reply.base44.com","false"
"","","","","Remaining Balance Invoice Number","Admin","","","69eb8b34cb8deb7a522fa45a","false","","","Checklist","","Not Acknowledged","12","69eb8b3ea101f215c97f8902","2026-04-24T15:24:46.476000","2026-04-24T15:24:46.476000","service_bdf5b7dc-5664-42ca-ab1f-67b3db250555","service+bdf5b7dc-5664-42ca-ab1f-67b3db250555@no-reply.base44.com","false"
"","","","","Did we send an event flow reminder email?","Admin","","","69eb8b34cb8deb7a522fa45a","false","","","Checklist","","Not Acknowledged","11","69eb8b38504c097c7916c5eb","2026-04-24T15:24:40.645000","2026-04-24T15:24:40.645000","service_bdf5b7dc-5664-42ca-ab1f-67b3db250555","service+bdf5b7dc-5664-42ca-ab1f-67b3db250555@no-reply.base44.com","false"
"","","","","Final HC","Admin","","","69eb8b34cb8deb7a522fa45a","false","","","Checklist","","Not Acknowledged","10","69eb8b382e3f25800dd7ad37","2026-04-24T15:24:40.468000","2026-04-24T15:24:40.468000","service_bdf5b7dc-5664-42ca-ab1f-67b3db250555","service+bdf5b7dc-5664-42ca-ab1f-67b3db250555@no-reply.base44.com","false"
"","","","","BEO?","Admin","","","69eb8b34cb8deb7a522fa45a","false","","","Checklist","","Not Acknowledged","9","69eb8b38b7beecaa75986079","2026-04-24T15:24:40.250000","2026-04-24T15:24:40.250000","service_bdf5b7dc-5664-42ca-ab1f-67b3db250555","service+bdf5b7dc-5664-42ca-ab1f-67b3db250555@no-reply.base44.com","false"
"","","","","If Yes, How many drink tickets / beverages per person?","Admin","","","69eb8b34cb8deb7a522fa45a","false","","","Checklist","","Not Acknowledged","8","69eb8b37689f44b414b1e2dd","2026-04-24T15:24:39.902000","2026-04-24T15:24:39.902000","service_bdf5b7dc-5664-42ca-ab1f-67b3db250555","service+bdf5b7dc-5664-42ca-ab1f-67b3db250555@no-reply.base44.com","false"
"","","","","Interest in consumption on-site Y or N (Includes: drink tickets)","Admin","","","69eb8b34cb8deb7a522fa45a","false","","","Checklist","","Not Acknowledged","7","69eb8b37de64cfcc6538b5d5","2026-04-24T15:24:39.638000","2026-04-24T15:24:39.638000","service_bdf5b7dc-5664-42ca-ab1f-67b3db250555","service+bdf5b7dc-5664-42ca-ab1f-67b3db250555@no-reply.base44.com","false"
"","","","","Did we send it to supplier?","Admin","","","69eb8b34cb8deb7a522fa45a","false","","","Checklist","","Not Acknowledged","6","69eb8b37cf856b28dadb966e","2026-04-24T15:24:39.373000","2026-04-24T15:24:39.373000","service_bdf5b7dc-5664-42ca-ab1f-67b3db250555","service+bdf5b7dc-5664-42ca-ab1f-67b3db250555@no-reply.base44.com","false"
"","","","","Add Ons: Logo'd aprons, glassware and Cheese board","Admin","","","69eb8b34cb8deb7a522fa45a","false","","","Checklist","","Not Acknowledged","5","69eb8b370f2492281a9d1ca9","2026-04-24T15:24:39.127000","2026-04-24T15:24:39.127000","service_bdf5b7dc-5664-42ca-ab1f-67b3db250555","service+bdf5b7dc-5664-42ca-ab1f-67b3db250555@no-reply.base44.com","false"
"","","","","Participation List - Link","Admin","","","69eb8b34cb8deb7a522fa45a","false","","","Checklist","","Not Acknowledged","4","69eb8b369ba4c410fee5eec4","2026-04-24T15:24:38.922000","2026-04-24T15:24:38.922000","service_bdf5b7dc-5664-42ca-ab1f-67b3db250555","service+bdf5b7dc-5664-42ca-ab1f-67b3db250555@no-reply.base44.com","false"
"","","","","Workflow document","Admin","","","69eb8b34cb8deb7a522fa45a","false","","","Checklist","","Not Acknowledged","3","69eb8b3678068c6b9a4c6acc","2026-04-24T15:24:38.608000","2026-04-24T15:24:38.608000","service_bdf5b7dc-5664-42ca-ab1f-67b3db250555","service+bdf5b7dc-5664-42ca-ab1f-67b3db250555@no-reply.base44.com","false"
"","","","","Is it documented in Fareharbor?","Admin","","","69eb8b34cb8deb7a522fa45a","false","","","Checklist","","Not Acknowledged","2","69eb8b360a9cb2db24813947","2026-04-24T15:24:38.372000","2026-04-24T15:24:38.372000","service_bdf5b7dc-5664-42ca-ab1f-67b3db250555","service+bdf5b7dc-5664-42ca-ab1f-67b3db250555@no-reply.base44.com","false"
"","","","","Did we update in Sales Alert of Slack?","Admin","","","69eb8b34cb8deb7a522fa45a","false","","","Checklist","","Not Acknowledged","1","69eb8b36bc448bbf43790dcf","2026-04-24T15:24:38.075000","2026-04-24T15:24:38.075000","service_bdf5b7dc-5664-42ca-ab1f-67b3db250555","service+bdf5b7dc-5664-42ca-ab1f-67b3db250555@no-reply.base44.com","false"
"","","","","Has Operation Support confirmed when they are planning on meeting the location and time they are meeting (This can be done preferably by SMS or Email)","Admin","","","69e8d7e17a12e0995fe3a687","false","","","Checklist","","Not Acknowledged","16","69e8d7e786d1eaa39bc26d65","2026-04-22T14:15:03.394000","2026-04-22T14:15:03.394000","service_bdf5b7dc-5664-42ca-ab1f-67b3db250555","service+bdf5b7dc-5664-42ca-ab1f-67b3db250555@no-reply.base44.com","false"
"","","","","Did we schedule an Internal BEO discussion with the instructor and Event Team Lead?","Admin","","","69e8d7e17a12e0995fe3a687","false","","","Checklist","","Not Acknowledged","15","69e8d7e77c52b427164109da","2026-04-22T14:15:03.204000","2026-04-22T14:15:03.204000","service_bdf5b7dc-5664-42ca-ab1f-67b3db250555","service+bdf5b7dc-5664-42ca-ab1f-67b3db250555@no-reply.base44.com","false"
"","","","","CC form","Admin","","","69e8d7e17a12e0995fe3a687","false","","","Checklist","","Not Acknowledged","14","69e8d7e6c14e363c90c31e05","2026-04-22T14:15:02.945000","2026-04-22T14:15:02.945000","service_bdf5b7dc-5664-42ca-ab1f-67b3db250555","service+bdf5b7dc-5664-42ca-ab1f-67b3db250555@no-reply.base44.com","false"
"","","","","Remaining Balance and Headcount DUE","Admin","","","69e8d7e17a12e0995fe3a687","false","","","Checklist","","Not Acknowledged","13","69e8d7e6310cdbbe9bde09e1","2026-04-22T14:15:02.536000","2026-04-22T14:15:02.536000","service_bdf5b7dc-5664-42ca-ab1f-67b3db250555","service+bdf5b7dc-5664-42ca-ab1f-67b3db250555@no-reply.base44.com","false"
"","","","","Remaining Balance Invoice Number","Admin","","","69e8d7e17a12e0995fe3a687","false","","","Checklist","","Not Acknowledged","12","69e8d7e62b018420df321e3d","2026-04-22T14:15:02.146000","2026-04-22T14:15:02.146000","service_bdf5b7dc-5664-42ca-ab1f-67b3db250555","service+bdf5b7dc-5664-42ca-ab1f-67b3db250555@no-reply.base44.com","false"
"","","","","Did we send an event flow reminder email?","Admin","","","69e8d7e17a12e0995fe3a687","false","","","Checklist","","Not Acknowledged","11","69e8d7e5f67293b122c2eca5","2026-04-22T14:15:01.886000","2026-04-22T14:15:01.886000","service_bdf5b7dc-5664-42ca-ab1f-67b3db250555","service+bdf5b7dc-5664-42ca-ab1f-67b3db250555@no-reply.base44.com","false"
"","","","","Final HC","Admin","","","69e8d7e17a12e0995fe3a687","false","","","Checklist","","Not Acknowledged","10","69e8d7e5f8c7b70490b72a26","2026-04-22T14:15:01.682000","2026-04-22T14:15:01.682000","service_bdf5b7dc-5664-42ca-ab1f-67b3db250555","service+bdf5b7dc-5664-42ca-ab1f-67b3db250555@no-reply.base44.com","false"
"","","","","BEO?","Admin","","","69e8d7e17a12e0995fe3a687","false","","","Checklist","","Not Acknowledged","9","69e8d7e5f3eab250fb246421","2026-04-22T14:15:01.428000","2026-04-22T14:15:01.428000","service_bdf5b7dc-5664-42ca-ab1f-67b3db250555","service+bdf5b7dc-5664-42ca-ab1f-67b3db250555@no-reply.base44.com","false"
"","","","","If Yes, How many drink tickets / beverages per person?","Admin","","","69e8d7e17a12e0995fe3a687","false","","","Checklist","","Not Acknowledged","8","69e8d7e5949dfd88861eeb3c","2026-04-22T14:15:01.163000","2026-04-22T14:15:01.163000","service_bdf5b7dc-5664-42ca-ab1f-67b3db250555","service+bdf5b7dc-5664-42ca-ab1f-67b3db250555@no-reply.base44.com","false"
"","","","","Interest in consumption on-site Y or N (Includes: drink tickets)","Admin","","","69e8d7e17a12e0995fe3a687","false","","","Checklist","","Not Acknowledged","7","69e8d7e48f5ed5785cb32bbb","2026-04-22T14:15:00.883000","2026-04-22T14:15:00.883000","service_bdf5b7dc-5664-42ca-ab1f-67b3db250555","service+bdf5b7dc-5664-42ca-ab1f-67b3db250555@no-reply.base44.com","false"
"","","","","Did we send it to supplier?","Admin","","","69e8d7e17a12e0995fe3a687","false","","","Checklist","","Not Acknowledged","6","69e8d7e4f8d952fdc15663f4","2026-04-22T14:15:00.622000","2026-04-22T14:15:00.622000","service_bdf5b7dc-5664-42ca-ab1f-67b3db250555","service+bdf5b7dc-5664-42ca-ab1f-67b3db250555@no-reply.base44.com","false"
"","","","","Add Ons: Logo'd aprons, glassware and Cheese board","Admin","","","69e8d7e17a12e0995fe3a687","false","","","Checklist","","Not Acknowledged","5","69e8d7e48dafd50470cdd7a4","2026-04-22T14:15:00.366000","2026-04-22T14:15:00.366000","service_bdf5b7dc-5664-42ca-ab1f-67b3db250555","service+bdf5b7dc-5664-42ca-ab1f-67b3db250555@no-reply.base44.com","false"
"2026-04-23T13:41:33.617Z","","","","Participation List - Link","Admin","","2026-04-23T13:41:32.024Z","69e8d7e17a12e0995fe3a687","false","699c69418e04ef1c530e70c1","","Checklist","","Done","4","69e8d7e49a033890282bfc14","2026-04-22T14:15:00.090000","2026-04-23T13:40:43.589000","service_bdf5b7dc-5664-42ca-ab1f-67b3db250555","service+bdf5b7dc-5664-42ca-ab1f-67b3db250555@no-reply.base44.com","false"
"2026-04-23T13:41:29.696Z","","","","Workflow document","Admin","","2026-04-23T13:41:28.193Z","69e8d7e17a12e0995fe3a687","false","699c69418e04ef1c530e70c1","","Checklist","","Done","3","69e8d7e3b310240b3299cb96","2026-04-22T14:14:59.879000","2026-04-23T13:40:39.585000","service_bdf5b7dc-5664-42ca-ab1f-67b3db250555","service+bdf5b7dc-5664-42ca-ab1f-67b3db250555@no-reply.base44.com","false"
"2026-04-23T13:41:22.434Z","","","","Is it documented in Fareharbor?","Admin","","2026-04-23T13:41:19.681Z","69e8d7e17a12e0995fe3a687","false","699c69418e04ef1c530e70c1","","Checklist","","Done","2","69e8d7e32c66122df09e16aa","2026-04-22T14:14:59.694000","2026-04-23T13:40:32.339000","service_bdf5b7dc-5664-42ca-ab1f-67b3db250555","service+bdf5b7dc-5664-42ca-ab1f-67b3db250555@no-reply.base44.com","false"
"2026-04-23T13:41:20.721Z","","","","Did we update in Sales Alert of Slack?","Admin","","2026-04-23T13:41:17.080Z","69e8d7e17a12e0995fe3a687","false","699c69418e04ef1c530e70c1","","Checklist","","Done","1","69e8d7e37c316ee1121fc0b6","2026-04-22T14:14:59.521000","2026-04-23T13:40:30.606000","service_bdf5b7dc-5664-42ca-ab1f-67b3db250555","service+bdf5b7dc-5664-42ca-ab1f-67b3db250555@no-reply.base44.com","false"
"","","","","Has Operation Support confirmed when they are planning on meeting the location and time they are meeting (This can be done preferably by SMS or Email)","Admin","","","69e8d7ac8b23a56c703361bd","false","","","Checklist","","Not Acknowledged","16","69e8d7b52bf10f50afdfc320","2026-04-22T14:14:13.180000","2026-04-22T14:14:13.180000","service_bdf5b7dc-5664-42ca-ab1f-67b3db250555","service+bdf5b7dc-5664-42ca-ab1f-67b3db250555@no-reply.base44.com","false"
"","","","","Did we schedule an Internal BEO discussion with the instructor and Event Team Lead?","Admin","","","69e8d7ac8b23a56c703361bd","false","","","Checklist","","Not Acknowledged","15","69e8d7b41f6264cc59743777","2026-04-22T14:14:12.931000","2026-04-22T14:14:12.931000","service_bdf5b7dc-5664-42ca-ab1f-67b3db250555","service+bdf5b7dc-5664-42ca-ab1f-67b3db250555@no-reply.base44.com","false"
"","","","","CC form","Admin","","","69e8d7ac8b23a56c703361bd","false","","","Checklist","","Not Acknowledged","14","69e8d7b4798f26ce7465cde9","2026-04-22T14:14:12.754000","2026-04-22T14:14:12.754000","service_bdf5b7dc-5664-42ca-ab1f-67b3db250555","service+bdf5b7dc-5664-42ca-ab1f-67b3db250555@no-reply.base44.com","false"
"","","","","Remaining Balance and Headcount DUE","Admin","","","69e8d7ac8b23a56c703361bd","false","","","Checklist","","Not Acknowledged","13","69e8d7b40b588dd8632031b9","2026-04-22T14:14:12.508000","2026-04-22T14:14:12.508000","service_bdf5b7dc-5664-42ca-ab1f-67b3db250555","service+bdf5b7dc-5664-42ca-ab1f-67b3db250555@no-reply.base44.com","false"
"","","","","Remaining Balance Invoice Number","Admin","","","69e8d7ac8b23a56c703361bd","false","","","Checklist","","Not Acknowledged","12","69e8d7b43ef490667cc99dbd","2026-04-22T14:14:12.340000","2026-04-22T14:14:12.340000","service_bdf5b7dc-5664-42ca-ab1f-67b3db250555","service+bdf5b7dc-5664-42ca-ab1f-67b3db250555@no-reply.base44.com","false"
"","","","","Did we send an event flow reminder email?","Admin","","","69e8d7ac8b23a56c703361bd","false","","","Checklist","","Not Acknowledged","11","69e8d7b423823f11ffed64af","2026-04-22T14:14:12.135000","2026-04-22T14:14:12.135000","service_bdf5b7dc-5664-42ca-ab1f-67b3db250555","service+bdf5b7dc-5664-42ca-ab1f-67b3db250555@no-reply.base44.com","false"
"","","","","Final HC","Admin","","","69e8d7ac8b23a56c703361bd","false","","","Checklist","","Not Acknowledged","10","69e8d7b3c6454fe54859189a","2026-04-22T14:14:11.825000","2026-04-22T14:14:11.825000","service_bdf5b7dc-5664-42ca-ab1f-67b3db250555","service+bdf5b7dc-5664-42ca-ab1f-67b3db250555@no-reply.base44.com","false"
"","","","","BEO?","Admin","","","69e8d7ac8b23a56c703361bd","false","","","Checklist","","Not Acknowledged","9","69e8d7af892a30251223c949","2026-04-22T14:14:07.351000","2026-04-22T14:14:07.351000","service_bdf5b7dc-5664-42ca-ab1f-67b3db250555","service+bdf5b7dc-5664-42ca-ab1f-67b3db250555@no-reply.base44.com","false"
"","","","","If Yes, How many drink tickets / beverages per person?","Admin","","","69e8d7ac8b23a56c703361bd","false","","","Checklist","","Not Acknowledged","8","69e8d7af48791835081c7cfe","2026-04-22T14:14:07.161000","2026-04-22T14:14:07.161000","service_bdf5b7dc-5664-42ca-ab1f-67b3db250555","service+bdf5b7dc-5664-42ca-ab1f-67b3db250555@no-reply.base44.com","false"
"","","","","Interest in consumption on-site Y or N (Includes: drink tickets)","Admin","","","69e8d7ac8b23a56c703361bd","false","","","Checklist","","Not Acknowledged","7","69e8d7ae66989d5668e13708","2026-04-22T14:14:06.988000","2026-04-22T14:14:06.988000","service_bdf5b7dc-5664-42ca-ab1f-67b3db250555","service+bdf5b7dc-5664-42ca-ab1f-67b3db250555@no-reply.base44.com","false"
"","","","","Did we send it to supplier?","Admin","","","69e8d7ac8b23a56c703361bd","false","","","Checklist","","Not Acknowledged","6","69e8d7aef7497abb700f2192","2026-04-22T14:14:06.783000","2026-04-22T14:14:06.783000","service_bdf5b7dc-5664-42ca-ab1f-67b3db250555","service+bdf5b7dc-5664-42ca-ab1f-67b3db250555@no-reply.base44.com","false"
"","","","","Add Ons: Logo'd aprons, glassware and Cheese board","Admin","","","69e8d7ac8b23a56c703361bd","false","","","Checklist","","Not Acknowledged","5","69e8d7aea7f9cd3b5d7e9c38","2026-04-22T14:14:06.440000","2026-04-22T14:14:06.440000","service_bdf5b7dc-5664-42ca-ab1f-67b3db250555","service+bdf5b7dc-5664-42ca-ab1f-67b3db250555@no-reply.base44.com","false"
"","","","","Participation List - Link","Admin","","","69e8d7ac8b23a56c703361bd","false","","","Checklist","","Not Acknowledged","4","69e8d7ae21cd6643cbb2d28d","2026-04-22T14:14:06.261000","2026-04-22T14:14:06.261000","service_bdf5b7dc-5664-42ca-ab1f-67b3db250555","service+bdf5b7dc-5664-42ca-ab1f-67b3db250555@no-reply.base44.com","false"
"","","","","Workflow document","Admin","","","69e8d7ac8b23a56c703361bd","false","","","Checklist","","Not Acknowledged","3","69e8d7aea9e5c1d8233a4472","2026-04-22T14:14:06.046000","2026-04-22T14:14:06.046000","service_bdf5b7dc-5664-42ca-ab1f-67b3db250555","service+bdf5b7dc-5664-42ca-ab1f-67b3db250555@no-reply.base44.com","false"
"","","","","Is it documented in Fareharbor?","Admin","","","69e8d7ac8b23a56c703361bd","false","","","Checklist","","Not Acknowledged","2","69e8d7ad7065444e80b6e3fd","2026-04-22T14:14:05.763000","2026-04-22T14:14:05.763000","service_bdf5b7dc-5664-42ca-ab1f-67b3db250555","service+bdf5b7dc-5664-42ca-ab1f-67b3db250555@no-reply.base44.com","false"
"","","","","Did we update in Sales Alert of Slack?","Admin","","","69e8d7ac8b23a56c703361bd","false","","","Checklist","","Not Acknowledged","1","69e8d7ad2c352fc432d4548c","2026-04-22T14:14:05.396000","2026-04-22T14:14:05.396000","service_bdf5b7dc-5664-42ca-ab1f-67b3db250555","service+bdf5b7dc-5664-42ca-ab1f-67b3db250555@no-reply.base44.com","false"
"","","","","Has Operation Support confirmed when they are planning on meeting the location and time they are meeting (This can be done preferably by SMS or Email)","Admin","","","69e8d7105805f41fe7400ecc","false","","","Checklist","","Not Acknowledged","16","69e8d7145f367f0ebf3630a6","2026-04-22T14:11:32.867000","2026-04-22T14:11:32.867000","service_bdf5b7dc-5664-42ca-ab1f-67b3db250555","service+bdf5b7dc-5664-42ca-ab1f-67b3db250555@no-reply.base44.com","false"
"","","","","Did we schedule an Internal BEO discussion with the instructor and Event Team Lead?","Admin","","","69e8d7105805f41fe7400ecc","false","","","Checklist","","Not Acknowledged","15","69e8d7143f0845a711d349ad","2026-04-22T14:11:32.686000","2026-04-22T14:11:32.686000","service_bdf5b7dc-5664-42ca-ab1f-67b3db250555","service+bdf5b7dc-5664-42ca-ab1f-67b3db250555@no-reply.base44.com","false"
"","","","","CC form","Admin","","","69e8d7105805f41fe7400ecc","false","","","Checklist","","Not Acknowledged","14","69e8d71482a3d330203c174d","2026-04-22T14:11:32.461000","2026-04-22T14:11:32.461000","service_bdf5b7dc-5664-42ca-ab1f-67b3db250555","service+bdf5b7dc-5664-42ca-ab1f-67b3db250555@no-reply.base44.com","false"
"","","","","Remaining Balance and Headcount DUE","Admin","","","69e8d7105805f41fe7400ecc","false","","","Checklist","","Not Acknowledged","13","69e8d7141ed4e9c7869ef1ee","2026-04-22T14:11:32.215000","2026-04-22T14:11:32.215000","service_bdf5b7dc-5664-42ca-ab1f-67b3db250555","service+bdf5b7dc-5664-42ca-ab1f-67b3db250555@no-reply.base44.com","false"
"","","","","Remaining Balance Invoice Number","Admin","","","69e8d7105805f41fe7400ecc","false","","","Checklist","","Not Acknowledged","12","69e8d71321cd6643cbb2d12b","2026-04-22T14:11:31.992000","2026-04-22T14:11:31.992000","service_bdf5b7dc-5664-42ca-ab1f-67b3db250555","service+bdf5b7dc-5664-42ca-ab1f-67b3db250555@no-reply.base44.com","false"
"","","","","Did we send an event flow reminder email?","Admin","","","69e8d7105805f41fe7400ecc","false","","","Checklist","","Not Acknowledged","11","69e8d713a86407e83218013e","2026-04-22T14:11:31.748000","2026-04-22T14:11:31.748000","service_bdf5b7dc-5664-42ca-ab1f-67b3db250555","service+bdf5b7dc-5664-42ca-ab1f-67b3db250555@no-reply.base44.com","false"
"","","","","Final HC","Admin","","","69e8d7105805f41fe7400ecc","false","","","Checklist","","Not Acknowledged","10","69e8d713c57c49299194b17d","2026-04-22T14:11:31.509000","2026-04-22T14:11:31.509000","service_bdf5b7dc-5664-42ca-ab1f-67b3db250555","service+bdf5b7dc-5664-42ca-ab1f-67b3db250555@no-reply.base44.com","false"
"","","","","BEO?","Admin","","","69e8d7105805f41fe7400ecc","false","","","Checklist","","Not Acknowledged","9","69e8d7138b23a56c70336155","2026-04-22T14:11:31.273000","2026-04-22T14:11:31.273000","service_bdf5b7dc-5664-42ca-ab1f-67b3db250555","service+bdf5b7dc-5664-42ca-ab1f-67b3db250555@no-reply.base44.com","false"
"","","","","If Yes, How many drink tickets / beverages per person?","Admin","","","69e8d7105805f41fe7400ecc","false","","","Checklist","","Not Acknowledged","8","69e8d7137447d3cf8439b9b4","2026-04-22T14:11:31.034000","2026-04-22T14:11:31.034000","service_bdf5b7dc-5664-42ca-ab1f-67b3db250555","service+bdf5b7dc-5664-42ca-ab1f-67b3db250555@no-reply.base44.com","false"
"","","","","Interest in consumption on-site Y or N (Includes: drink tickets)","Admin","","","69e8d7105805f41fe7400ecc","false","","","Checklist","","Not Acknowledged","7","69e8d71294efca3aa7e58a07","2026-04-22T14:11:30.816000","2026-04-22T14:11:30.816000","service_bdf5b7dc-5664-42ca-ab1f-67b3db250555","service+bdf5b7dc-5664-42ca-ab1f-67b3db250555@no-reply.base44.com","false"
"","","","","Did we send it to supplier?","Admin","","","69e8d7105805f41fe7400ecc","false","","","Checklist","","Not Acknowledged","6","69e8d712c14e363c90c31daa","2026-04-22T14:11:30.526000","2026-04-22T14:11:30.526000","service_bdf5b7dc-5664-42ca-ab1f-67b3db250555","service+bdf5b7dc-5664-42ca-ab1f-67b3db250555@no-reply.base44.com","false"
"","","","","Add Ons: Logo'd aprons, glassware and Cheese board","Admin","","","69e8d7105805f41fe7400ecc","false","","","Checklist","","Not Acknowledged","5","69e8d712821de649a4cb4a07","2026-04-22T14:11:30.292000","2026-04-22T14:11:30.292000","service_bdf5b7dc-5664-42ca-ab1f-67b3db250555","service+bdf5b7dc-5664-42ca-ab1f-67b3db250555@no-reply.base44.com","false"
"","","","","Participation List - Link","Admin","","","69e8d7105805f41fe7400ecc","false","","","Checklist","","Not Acknowledged","4","69e8d7122f0369aedd9531e0","2026-04-22T14:11:30.048000","2026-04-22T14:11:30.049000","service_bdf5b7dc-5664-42ca-ab1f-67b3db250555","service+bdf5b7dc-5664-42ca-ab1f-67b3db250555@no-reply.base44.com","false"
"","","","","Workflow document","Admin","","","69e8d7105805f41fe7400ecc","false","","","Checklist","","Not Acknowledged","3","69e8d7117c8140e7e6d1c9d1","2026-04-22T14:11:29.813000","2026-04-22T14:11:29.813000","service_bdf5b7dc-5664-42ca-ab1f-67b3db250555","service+bdf5b7dc-5664-42ca-ab1f-67b3db250555@no-reply.base44.com","false"
"","","","","Is it documented in Fareharbor?","Admin","","","69e8d7105805f41fe7400ecc","false","","","Checklist","","Not Acknowledged","2","69e8d7116e67f0dfd82e7d6f","2026-04-22T14:11:29.640000","2026-04-22T14:11:29.640000","service_bdf5b7dc-5664-42ca-ab1f-67b3db250555","service+bdf5b7dc-5664-42ca-ab1f-67b3db250555@no-reply.base44.com","false"
"","","","","Did we update in Sales Alert of Slack?","Admin","","","69e8d7105805f41fe7400ecc","false","","","Checklist","","Not Acknowledged","1","69e8d711272d07896caf48db","2026-04-22T14:11:29.357000","2026-04-22T14:11:29.357000","service_bdf5b7dc-5664-42ca-ab1f-67b3db250555","service+bdf5b7dc-5664-42ca-ab1f-67b3db250555@no-reply.base44.com","false"
"","","","","Has Operation Support confirmed when they are planning on meeting the location and time they are meeting (This can be done preferably by SMS or Email)","Admin","","","69e78e07bc712479bc660863","false","","","Checklist","","Not Acknowledged","16","69e78e16669164d143a45f98","2026-04-21T14:47:50.924000","2026-04-21T14:47:50.924000","service_bdf5b7dc-5664-42ca-ab1f-67b3db250555","service+bdf5b7dc-5664-42ca-ab1f-67b3db250555@no-reply.base44.com","false"
"","","","","Did we schedule an Internal BEO discussion with the instructor and Event Team Lead?","Admin","","","69e78e07bc712479bc660863","false","","","Checklist","","Not Acknowledged","15","69e78e157a91d9cf23908af9","2026-04-21T14:47:49.271000","2026-04-21T14:47:49.271000","service_bdf5b7dc-5664-42ca-ab1f-67b3db250555","service+bdf5b7dc-5664-42ca-ab1f-67b3db250555@no-reply.base44.com","false"
"","","","","CC form","Admin","","","69e78e07bc712479bc660863","false","","","Checklist","","Not Acknowledged","14","69e78e132351014a8b80ba06","2026-04-21T14:47:47.406000","2026-04-21T14:47:47.406000","service_bdf5b7dc-5664-42ca-ab1f-67b3db250555","service+bdf5b7dc-5664-42ca-ab1f-67b3db250555@no-reply.base44.com","false"
"","","","","Remaining Balance and Headcount DUE","Admin","","","69e78e07bc712479bc660863","false","","","Checklist","","Not Acknowledged","13","69e78e12c9ad3a4ce08f264b","2026-04-21T14:47:46.517000","2026-04-21T14:47:46.517000","service_bdf5b7dc-5664-42ca-ab1f-67b3db250555","service+bdf5b7dc-5664-42ca-ab1f-67b3db250555@no-reply.base44.com","false"
"","","","","Remaining Balance Invoice Number","Admin","","","69e78e07bc712479bc660863","false","","","Checklist","","Not Acknowledged","12","69e78e119507b5a02061bd24","2026-04-21T14:47:45.710000","2026-04-21T14:47:45.710000","service_bdf5b7dc-5664-42ca-ab1f-67b3db250555","service+bdf5b7dc-5664-42ca-ab1f-67b3db250555@no-reply.base44.com","false"
"","","","","Did we send an event flow reminder email?","Admin","","","69e78e07bc712479bc660863","false","","","Checklist","","Not Acknowledged","11","69e78e11c80b2c76895958fa","2026-04-21T14:47:45.135000","2026-04-21T14:47:45.135000","service_bdf5b7dc-5664-42ca-ab1f-67b3db250555","service+bdf5b7dc-5664-42ca-ab1f-67b3db250555@no-reply.base44.com","false"
"","","","","Final HC","Admin","","","69e78e07bc712479bc660863","false","","","Checklist","","Not Acknowledged","10","69e78e1030ff5fba9a6eaa5a","2026-04-21T14:47:44.639000","2026-04-21T14:47:44.639000","service_bdf5b7dc-5664-42ca-ab1f-67b3db250555","service+bdf5b7dc-5664-42ca-ab1f-67b3db250555@no-reply.base44.com","false"
"","","","","BEO?","Admin","","","69e78e07bc712479bc660863","false","","","Checklist","","Not Acknowledged","9","69e78e0fd5264946106739f2","2026-04-21T14:47:43.959000","2026-04-21T14:47:43.959000","service_bdf5b7dc-5664-42ca-ab1f-67b3db250555","service+bdf5b7dc-5664-42ca-ab1f-67b3db250555@no-reply.base44.com","false"
"","","","","If Yes, How many drink tickets / beverages per person?","Admin","","","69e78e07bc712479bc660863","false","","","Checklist","","Not Acknowledged","8","69e78e0e1b2acfec037c0010","2026-04-21T14:47:42.776000","2026-04-21T14:47:42.776000","service_bdf5b7dc-5664-42ca-ab1f-67b3db250555","service+bdf5b7dc-5664-42ca-ab1f-67b3db250555@no-reply.base44.com","false"
"","","","","Interest in consumption on-site Y or N (Includes: drink tickets)","Admin","","","69e78e07bc712479bc660863","false","","","Checklist","","Not Acknowledged","7","69e78e0ef97705cb01069435","2026-04-21T14:47:42.052000","2026-04-21T14:47:42.052000","service_bdf5b7dc-5664-42ca-ab1f-67b3db250555","service+bdf5b7dc-5664-42ca-ab1f-67b3db250555@no-reply.base44.com","false"
"","","","","Did we send it to supplier?","Admin","","","69e78e07bc712479bc660863","false","","","Checklist","","Not Acknowledged","6","69e78e0d37d6d61d1cf2a537","2026-04-21T14:47:41.457000","2026-04-21T14:47:41.457000","service_bdf5b7dc-5664-42ca-ab1f-67b3db250555","service+bdf5b7dc-5664-42ca-ab1f-67b3db250555@no-reply.base44.com","false"
"","","","","Add Ons: Logo'd aprons, glassware and Cheese board","Admin","","","69e78e07bc712479bc660863","false","","","Checklist","","Not Acknowledged","5","69e78e0df4cc27d564d81e2b","2026-04-21T14:47:41.072000","2026-04-21T14:47:41.072000","service_bdf5b7dc-5664-42ca-ab1f-67b3db250555","service+bdf5b7dc-5664-42ca-ab1f-67b3db250555@no-reply.base44.com","false"
"","","","","Participation List - Link","Admin","","","69e78e07bc712479bc660863","false","","","Checklist","","Not Acknowledged","4","69e78e0c0292a79f5cb433b6","2026-04-21T14:47:40.838000","2026-04-21T14:47:40.838000","service_bdf5b7dc-5664-42ca-ab1f-67b3db250555","service+bdf5b7dc-5664-42ca-ab1f-67b3db250555@no-reply.base44.com","false"
"","","","","Workflow document","Admin","","","69e78e07bc712479bc660863","false","","","Checklist","","Not Acknowledged","3","69e78e0c3eb08a20dbf44bd0","2026-04-21T14:47:40.541000","2026-04-21T14:47:40.541000","service_bdf5b7dc-5664-42ca-ab1f-67b3db250555","service+bdf5b7dc-5664-42ca-ab1f-67b3db250555@no-reply.base44.com","false"
"","","","","Is it documented in Fareharbor?","Admin","","","69e78e07bc712479bc660863","false","","","Checklist","","Not Acknowledged","2","69e78e0c025a10821800ea71","2026-04-21T14:47:40.219000","2026-04-21T14:47:40.219000","service_bdf5b7dc-5664-42ca-ab1f-67b3db250555","service+bdf5b7dc-5664-42ca-ab1f-67b3db250555@no-reply.base44.com","false"
"","","","","Did we update in Sales Alert of Slack?","Admin","","","69e78e07bc712479bc660863","false","","","Checklist","","Not Acknowledged","1","69e78e0bf26279eab508d5c1","2026-04-21T14:47:39.960000","2026-04-21T14:47:39.960000","service_bdf5b7dc-5664-42ca-ab1f-67b3db250555","service+bdf5b7dc-5664-42ca-ab1f-67b3db250555@no-reply.base44.com","false"
"","","","","Has Operation Support confirmed when they are planning on meeting the location and time they are meeting (This can be done preferably by SMS or Email)","Admin","","","69e656bfa50d20bf6793b7a1","false","","","Checklist","","Not Acknowledged","16","69e656c4a4834597491c8d94","2026-04-20T16:39:32.800000","2026-04-20T16:39:32.800000","service_bdf5b7dc-5664-42ca-ab1f-67b3db250555","service+bdf5b7dc-5664-42ca-ab1f-67b3db250555@no-reply.base44.com","false"
"","","","","Did we schedule an Internal BEO discussion with the instructor and Event Team Lead?","Admin","","","69e656bfa50d20bf6793b7a1","false","","","Checklist","","Not Acknowledged","15","69e656c422a4213b7de000a4","2026-04-20T16:39:32.505000","2026-04-20T16:39:32.505000","service_bdf5b7dc-5664-42ca-ab1f-67b3db250555","service+bdf5b7dc-5664-42ca-ab1f-67b3db250555@no-reply.base44.com","false"
"","","","","CC form","Admin","","","69e656bfa50d20bf6793b7a1","false","","","Checklist","","Not Acknowledged","14","69e656c4eb250b29f8e36768","2026-04-20T16:39:32.252000","2026-04-20T16:39:32.252000","service_bdf5b7dc-5664-42ca-ab1f-67b3db250555","service+bdf5b7dc-5664-42ca-ab1f-67b3db250555@no-reply.base44.com","false"
"","","","","Remaining Balance and Headcount DUE","Admin","","","69e656bfa50d20bf6793b7a1","false","","","Checklist","","Not Acknowledged","13","69e656c32575936712332cf9","2026-04-20T16:39:31.981000","2026-04-20T16:39:31.981000","service_bdf5b7dc-5664-42ca-ab1f-67b3db250555","service+bdf5b7dc-5664-42ca-ab1f-67b3db250555@no-reply.base44.com","false"
"","","","","Remaining Balance Invoice Number","Admin","","","69e656bfa50d20bf6793b7a1","false","","","Checklist","","Not Acknowledged","12","69e656c3260f342e2737f91b","2026-04-20T16:39:31.773000","2026-04-20T16:39:31.773000","service_bdf5b7dc-5664-42ca-ab1f-67b3db250555","service+bdf5b7dc-5664-42ca-ab1f-67b3db250555@no-reply.base44.com","false"
"","","","","Did we send an event flow reminder email?","Admin","","","69e656bfa50d20bf6793b7a1","false","","","Checklist","","Not Acknowledged","11","69e656c3181e2571ee705901","2026-04-20T16:39:31.442000","2026-04-20T16:39:31.442000","service_bdf5b7dc-5664-42ca-ab1f-67b3db250555","service+bdf5b7dc-5664-42ca-ab1f-67b3db250555@no-reply.base44.com","false"
"","","","","Final HC","Admin","","","69e656bfa50d20bf6793b7a1","false","","","Checklist","","Not Acknowledged","10","69e656c3214ce295ef639e33","2026-04-20T16:39:31.154000","2026-04-20T16:39:31.154000","service_bdf5b7dc-5664-42ca-ab1f-67b3db250555","service+bdf5b7dc-5664-42ca-ab1f-67b3db250555@no-reply.base44.com","false"
"","","","","BEO?","Admin","","","69e656bfa50d20bf6793b7a1","false","","","Checklist","","Not Acknowledged","9","69e656c253794f89d981b24b","2026-04-20T16:39:30.956000","2026-04-20T16:39:30.956000","service_bdf5b7dc-5664-42ca-ab1f-67b3db250555","service+bdf5b7dc-5664-42ca-ab1f-67b3db250555@no-reply.base44.com","false"
"","","","","If Yes, How many drink tickets / beverages per person?","Admin","","","69e656bfa50d20bf6793b7a1","false","","","Checklist","","Not Acknowledged","8","69e656c2cb27f2c998fea224","2026-04-20T16:39:30.686000","2026-04-20T16:39:30.686000","service_bdf5b7dc-5664-42ca-ab1f-67b3db250555","service+bdf5b7dc-5664-42ca-ab1f-67b3db250555@no-reply.base44.com","false"
"","","","","Interest in consumption on-site Y or N (Includes: drink tickets)","Admin","","","69e656bfa50d20bf6793b7a1","false","","","Checklist","","Not Acknowledged","7","69e656c217105e2ecff28f28","2026-04-20T16:39:30.397000","2026-04-20T16:39:30.397000","service_bdf5b7dc-5664-42ca-ab1f-67b3db250555","service+bdf5b7dc-5664-42ca-ab1f-67b3db250555@no-reply.base44.com","false"
"","","","","Did we send it to supplier?","Admin","","","69e656bfa50d20bf6793b7a1","false","","","Checklist","","Not Acknowledged","6","69e656c25067cb4fc5b5245a","2026-04-20T16:39:30.225000","2026-04-20T16:39:30.225000","service_bdf5b7dc-5664-42ca-ab1f-67b3db250555","service+bdf5b7dc-5664-42ca-ab1f-67b3db250555@no-reply.base44.com","false"
"","","","","Add Ons: Logo'd aprons, glassware and Cheese board","Admin","","","69e656bfa50d20bf6793b7a1","false","","","Checklist","","Not Acknowledged","5","69e656c158e846e65610d9fc","2026-04-20T16:39:29.909000","2026-04-20T16:39:29.909000","service_bdf5b7dc-5664-42ca-ab1f-67b3db250555","service+bdf5b7dc-5664-42ca-ab1f-67b3db250555@no-reply.base44.com","false"
"","","","","Participation List - Link","Admin","","","69e656bfa50d20bf6793b7a1","false","","","Checklist","","Not Acknowledged","4","69e656c1685e3014a489075d","2026-04-20T16:39:29.539000","2026-04-20T16:39:29.539000","service_bdf5b7dc-5664-42ca-ab1f-67b3db250555","service+bdf5b7dc-5664-42ca-ab1f-67b3db250555@no-reply.base44.com","false"
"","","","","Workflow document","Admin","","","69e656bfa50d20bf6793b7a1","false","","","Checklist","","Not Acknowledged","3","69e656c156ed901b33934137","2026-04-20T16:39:29.272000","2026-04-20T16:39:29.272000","service_bdf5b7dc-5664-42ca-ab1f-67b3db250555","service+bdf5b7dc-5664-42ca-ab1f-67b3db250555@no-reply.base44.com","false"
"","","","","Is it documented in Fareharbor?","Admin","","","69e656bfa50d20bf6793b7a1","false","","","Checklist","","Not Acknowledged","2","69e656c0ce6e44ed47394878","2026-04-20T16:39:28.978000","2026-04-20T16:39:28.978000","service_bdf5b7dc-5664-42ca-ab1f-67b3db250555","service+bdf5b7dc-5664-42ca-ab1f-67b3db250555@no-reply.base44.com","false"
"","","","","Did we update in Sales Alert of Slack?","Admin","","","69e656bfa50d20bf6793b7a1","false","","","Checklist","","Not Acknowledged","1","69e656c0c61179fbf2c5aa20","2026-04-20T16:39:28.652000","2026-04-20T16:39:28.652000","service_bdf5b7dc-5664-42ca-ab1f-67b3db250555","service+bdf5b7dc-5664-42ca-ab1f-67b3db250555@no-reply.base44.com","false"
"","","","","Has Operation Support confirmed when they are planning on meeting the location and time they are meeting (This can be done preferably by SMS or Email)","Admin","","","69e1002b8d6bd23d65d1d943","false","","","Checklist","","Not Acknowledged","16","69e10030dc0f7bf7c707779e","2026-04-16T15:28:48.454000","2026-04-16T15:28:48.454000","service_bdf5b7dc-5664-42ca-ab1f-67b3db250555","service+bdf5b7dc-5664-42ca-ab1f-67b3db250555@no-reply.base44.com","false"
"","","","","Did we schedule an Internal BEO discussion with the instructor and Event Team Lead?","Admin","","","69e1002b8d6bd23d65d1d943","false","","","Checklist","","Not Acknowledged","15","69e1003082e876a7aeabf97e","2026-04-16T15:28:48.152000","2026-04-16T15:28:48.152000","service_bdf5b7dc-5664-42ca-ab1f-67b3db250555","service+bdf5b7dc-5664-42ca-ab1f-67b3db250555@no-reply.base44.com","false"
"","","","","CC form","Admin","","","69e1002b8d6bd23d65d1d943","false","","","Checklist","","Not Acknowledged","14","69e1002f8d5a5d6b07801ad3","2026-04-16T15:28:47.908000","2026-04-16T15:28:47.908000","service_bdf5b7dc-5664-42ca-ab1f-67b3db250555","service+bdf5b7dc-5664-42ca-ab1f-67b3db250555@no-reply.base44.com","false"
"","","","","Remaining Balance and Headcount DUE","Admin","","","69e1002b8d6bd23d65d1d943","false","","","Checklist","","Not Acknowledged","13","69e1002f93c96c2b0f1354fd","2026-04-16T15:28:47.651000","2026-04-16T15:28:47.651000","service_bdf5b7dc-5664-42ca-ab1f-67b3db250555","service+bdf5b7dc-5664-42ca-ab1f-67b3db250555@no-reply.base44.com","false"
"","","","","Remaining Balance Invoice Number","Admin","","","69e1002b8d6bd23d65d1d943","false","","","Checklist","","Not Acknowledged","12","69e1002f454f0113c3adb262","2026-04-16T15:28:47.388000","2026-04-16T15:28:47.388000","service_bdf5b7dc-5664-42ca-ab1f-67b3db250555","service+bdf5b7dc-5664-42ca-ab1f-67b3db250555@no-reply.base44.com","false"
"","","","","Did we send an event flow reminder email?","Admin","","","69e1002b8d6bd23d65d1d943","false","","","Checklist","","Not Acknowledged","11","69e1002f86b7b5d86114a842","2026-04-16T15:28:47.119000","2026-04-16T15:28:47.119000","service_bdf5b7dc-5664-42ca-ab1f-67b3db250555","service+bdf5b7dc-5664-42ca-ab1f-67b3db250555@no-reply.base44.com","false"
"","","","","Final HC","Admin","","","69e1002b8d6bd23d65d1d943","false","","","Checklist","","Not Acknowledged","10","69e1002ebe2bea8e80d45380","2026-04-16T15:28:46.844000","2026-04-16T15:28:46.844000","service_bdf5b7dc-5664-42ca-ab1f-67b3db250555","service+bdf5b7dc-5664-42ca-ab1f-67b3db250555@no-reply.base44.com","false"
"","","","","BEO?","Admin","","","69e1002b8d6bd23d65d1d943","false","","","Checklist","","Not Acknowledged","9","69e1002e796f8c16073cdb25","2026-04-16T15:28:46.575000","2026-04-16T15:28:46.575000","service_bdf5b7dc-5664-42ca-ab1f-67b3db250555","service+bdf5b7dc-5664-42ca-ab1f-67b3db250555@no-reply.base44.com","false"
"","","","","If Yes, How many drink tickets / beverages per person?","Admin","","","69e1002b8d6bd23d65d1d943","false","","","Checklist","","Not Acknowledged","8","69e1002e454f0113c3adb260","2026-04-16T15:28:46.300000","2026-04-16T15:28:46.300000","service_bdf5b7dc-5664-42ca-ab1f-67b3db250555","service+bdf5b7dc-5664-42ca-ab1f-67b3db250555@no-reply.base44.com","false"
"","","","","Interest in consumption on-site Y or N (Includes: drink tickets)","Admin","","","69e1002b8d6bd23d65d1d943","false","","","Checklist","","Not Acknowledged","7","69e1002ead15273f5bb07721","2026-04-16T15:28:46.037000","2026-04-16T15:28:46.037000","service_bdf5b7dc-5664-42ca-ab1f-67b3db250555","service+bdf5b7dc-5664-42ca-ab1f-67b3db250555@no-reply.base44.com","false"
"","","","","Did we send it to supplier?","Admin","","","69e1002b8d6bd23d65d1d943","false","","","Checklist","","Not Acknowledged","6","69e1002d0ec2d2fa986be1da","2026-04-16T15:28:45.804000","2026-04-16T15:28:45.804000","service_bdf5b7dc-5664-42ca-ab1f-67b3db250555","service+bdf5b7dc-5664-42ca-ab1f-67b3db250555@no-reply.base44.com","false"
"","","","","Add Ons: Logo'd aprons, glassware and Cheese board","Admin","","","69e1002b8d6bd23d65d1d943","false","","","Checklist","","Not Acknowledged","5","69e1002d796bdf6e272c0bfb","2026-04-16T15:28:45.558000","2026-04-16T15:28:45.558000","service_bdf5b7dc-5664-42ca-ab1f-67b3db250555","service+bdf5b7dc-5664-42ca-ab1f-67b3db250555@no-reply.base44.com","false"
"","","","","Participation List - Link","Admin","","","69e1002b8d6bd23d65d1d943","false","","","Checklist","","Not Acknowledged","4","69e1002d2753b31d7a7e9601","2026-04-16T15:28:45.295000","2026-04-16T15:28:45.295000","service_bdf5b7dc-5664-42ca-ab1f-67b3db250555","service+bdf5b7dc-5664-42ca-ab1f-67b3db250555@no-reply.base44.com","false"
"","","","","Workflow document","Admin","","","69e1002b8d6bd23d65d1d943","false","","","Checklist","","Not Acknowledged","3","69e1002d327e53245343140b","2026-04-16T15:28:45.066000","2026-04-16T15:28:45.066000","service_bdf5b7dc-5664-42ca-ab1f-67b3db250555","service+bdf5b7dc-5664-42ca-ab1f-67b3db250555@no-reply.base44.com","false"
"","","","","Is it documented in Fareharbor?","Admin","","","69e1002b8d6bd23d65d1d943","false","","","Checklist","","Not Acknowledged","2","69e1002ce353b359310c4402","2026-04-16T15:28:44.764000","2026-04-16T15:28:44.764000","service_bdf5b7dc-5664-42ca-ab1f-67b3db250555","service+bdf5b7dc-5664-42ca-ab1f-67b3db250555@no-reply.base44.com","false"
"","","","","Did we update in Sales Alert of Slack?","Admin","","","69e1002b8d6bd23d65d1d943","false","","","Checklist","","Not Acknowledged","1","69e1002cc1c53fa79e863b60","2026-04-16T15:28:44.518000","2026-04-16T15:28:44.518000","service_bdf5b7dc-5664-42ca-ab1f-67b3db250555","service+bdf5b7dc-5664-42ca-ab1f-67b3db250555@no-reply.base44.com","false"
"","","","","Has Operation Support confirmed when they are planning on meeting the location and time they are meeting (This can be done preferably by SMS or Email)","Admin","","","69de610781b8dedf8deb60fd","false","","","Checklist","","Not Acknowledged","16","69de61128bb0211e016f0592","2026-04-14T15:45:22.306000","2026-04-14T15:45:22.306000","service_bdf5b7dc-5664-42ca-ab1f-67b3db250555","service+bdf5b7dc-5664-42ca-ab1f-67b3db250555@no-reply.base44.com","false"
"","","","","Did we schedule an Internal BEO discussion with the instructor and Event Team Lead?","Admin","","","69de610781b8dedf8deb60fd","false","","","Checklist","","Not Acknowledged","15","69de61127c1bdebbcf586b09","2026-04-14T15:45:22.059000","2026-04-14T15:45:22.059000","service_bdf5b7dc-5664-42ca-ab1f-67b3db250555","service+bdf5b7dc-5664-42ca-ab1f-67b3db250555@no-reply.base44.com","false"
"","","","","CC form","Admin","","","69de610781b8dedf8deb60fd","false","","","Checklist","","Not Acknowledged","14","69de6111b625da9a53d8c33c","2026-04-14T15:45:21.822000","2026-04-14T15:45:21.822000","service_bdf5b7dc-5664-42ca-ab1f-67b3db250555","service+bdf5b7dc-5664-42ca-ab1f-67b3db250555@no-reply.base44.com","false"
"","","","","Remaining Balance and Headcount DUE","Admin","","","69de610781b8dedf8deb60fd","false","","","Checklist","","Not Acknowledged","13","69de6111a83fc28c5cc6ccdc","2026-04-14T15:45:21.478000","2026-04-14T15:45:21.478000","service_bdf5b7dc-5664-42ca-ab1f-67b3db250555","service+bdf5b7dc-5664-42ca-ab1f-67b3db250555@no-reply.base44.com","false"
"","","","","Remaining Balance Invoice Number","Admin","","","69de610781b8dedf8deb60fd","false","","","Checklist","","Not Acknowledged","12","69de61115c919d6379253cfa","2026-04-14T15:45:21.223000","2026-04-14T15:45:21.223000","service_bdf5b7dc-5664-42ca-ab1f-67b3db250555","service+bdf5b7dc-5664-42ca-ab1f-67b3db250555@no-reply.base44.com","false"
"","","","","Did we send an event flow reminder email?","Admin","","","69de610781b8dedf8deb60fd","false","","","Checklist","","Not Acknowledged","11","69de61102031f948e04d9a91","2026-04-14T15:45:20.949000","2026-04-14T15:45:20.949000","service_bdf5b7dc-5664-42ca-ab1f-67b3db250555","service+bdf5b7dc-5664-42ca-ab1f-67b3db250555@no-reply.base44.com","false"
"","","","","Final HC","Admin","","","69de610781b8dedf8deb60fd","false","","","Checklist","","Not Acknowledged","10","69de6110d6b644834cfa48bc","2026-04-14T15:45:20.675000","2026-04-14T15:45:20.675000","service_bdf5b7dc-5664-42ca-ab1f-67b3db250555","service+bdf5b7dc-5664-42ca-ab1f-67b3db250555@no-reply.base44.com","false"
"","","","","BEO?","Admin","","","69de610781b8dedf8deb60fd","false","","","Checklist","","Not Acknowledged","9","69de6110339f94365a74fc2a","2026-04-14T15:45:20.411000","2026-04-14T15:45:20.411000","service_bdf5b7dc-5664-42ca-ab1f-67b3db250555","service+bdf5b7dc-5664-42ca-ab1f-67b3db250555@no-reply.base44.com","false"
"","","","","If Yes, How many drink tickets / beverages per person?","Admin","","","69de610781b8dedf8deb60fd","false","","","Checklist","","Not Acknowledged","8","69de610e11b8a1774e1b5b72","2026-04-14T15:45:18.881000","2026-04-14T15:45:18.881000","service_bdf5b7dc-5664-42ca-ab1f-67b3db250555","service+bdf5b7dc-5664-42ca-ab1f-67b3db250555@no-reply.base44.com","false"
"","","","","Interest in consumption on-site Y or N (Includes: drink tickets)","Admin","","","69de610781b8dedf8deb60fd","false","","","Checklist","","Not Acknowledged","7","69de610d716d860ddafc6e0d","2026-04-14T15:45:17.276000","2026-04-14T15:45:17.276000","service_bdf5b7dc-5664-42ca-ab1f-67b3db250555","service+bdf5b7dc-5664-42ca-ab1f-67b3db250555@no-reply.base44.com","false"
"","","","","Did we send it to supplier?","Admin","","","69de610781b8dedf8deb60fd","false","","","Checklist","","Not Acknowledged","6","69de610d560fb1a053e53c15","2026-04-14T15:45:17.001000","2026-04-14T15:45:17.001000","service_bdf5b7dc-5664-42ca-ab1f-67b3db250555","service+bdf5b7dc-5664-42ca-ab1f-67b3db250555@no-reply.base44.com","false"
"","","","","Add Ons: Logo'd aprons, glassware and Cheese board","Admin","","","69de610781b8dedf8deb60fd","false","","","Checklist","","Not Acknowledged","5","69de610b28ae251f1a94df3f","2026-04-14T15:45:15.007000","2026-04-14T15:45:15.007000","service_bdf5b7dc-5664-42ca-ab1f-67b3db250555","service+bdf5b7dc-5664-42ca-ab1f-67b3db250555@no-reply.base44.com","false"
"","","","","Participation List - Link","Admin","","","69de610781b8dedf8deb60fd","false","","","Checklist","","Not Acknowledged","4","69de610a233e1275c4cc7e7c","2026-04-14T15:45:14.720000","2026-04-14T15:45:14.720000","service_bdf5b7dc-5664-42ca-ab1f-67b3db250555","service+bdf5b7dc-5664-42ca-ab1f-67b3db250555@no-reply.base44.com","false"
"","","","","Workflow document","Admin","","","69de610781b8dedf8deb60fd","false","","","Checklist","","Not Acknowledged","3","69de610aaa942250b935bb89","2026-04-14T15:45:14.403000","2026-04-14T15:45:14.403000","service_bdf5b7dc-5664-42ca-ab1f-67b3db250555","service+bdf5b7dc-5664-42ca-ab1f-67b3db250555@no-reply.base44.com","false"
"","","","","Is it documented in Fareharbor?","Admin","","","69de610781b8dedf8deb60fd","false","","","Checklist","","Not Acknowledged","2","69de610a95680ce333afdfe0","2026-04-14T15:45:14.103000","2026-04-14T15:45:14.103000","service_bdf5b7dc-5664-42ca-ab1f-67b3db250555","service+bdf5b7dc-5664-42ca-ab1f-67b3db250555@no-reply.base44.com","false"
"","","","","Did we update in Sales Alert of Slack?","Admin","","","69de610781b8dedf8deb60fd","false","","","Checklist","","Not Acknowledged","1","69de610977ea76ca1b17a525","2026-04-14T15:45:13.226000","2026-04-14T15:45:13.226000","service_bdf5b7dc-5664-42ca-ab1f-67b3db250555","service+bdf5b7dc-5664-42ca-ab1f-67b3db250555@no-reply.base44.com","false"
"","","","","Has Operation Support confirmed when they are planning on meeting the location and time they are meeting (This can be done preferably by SMS or Email)","Admin","","","69dcf05e2d2be086c093a179","false","","","Checklist","","Not Acknowledged","16","69dcf06333f5412c5e2c55e0","2026-04-13T13:32:19.043000","2026-04-13T13:32:19.043000","service_bdf5b7dc-5664-42ca-ab1f-67b3db250555","service+bdf5b7dc-5664-42ca-ab1f-67b3db250555@no-reply.base44.com","false"
"","","","","Did we schedule an Internal BEO discussion with the instructor and Event Team Lead?","Admin","","","69dcf05e2d2be086c093a179","false","","","Checklist","","Not Acknowledged","15","69dcf062ce9925d9ae0a7a50","2026-04-13T13:32:18.797000","2026-04-13T13:32:18.797000","service_bdf5b7dc-5664-42ca-ab1f-67b3db250555","service+bdf5b7dc-5664-42ca-ab1f-67b3db250555@no-reply.base44.com","false"
"","","","","CC form","Admin","","","69dcf05e2d2be086c093a179","false","","","Checklist","","Not Acknowledged","14","69dcf062943c0e5879439843","2026-04-13T13:32:18.612000","2026-04-13T13:32:18.612000","service_bdf5b7dc-5664-42ca-ab1f-67b3db250555","service+bdf5b7dc-5664-42ca-ab1f-67b3db250555@no-reply.base44.com","false"
"","","","","Remaining Balance and Headcount DUE","Admin","","","69dcf05e2d2be086c093a179","false","","","Checklist","","Not Acknowledged","13","69dcf062d2cd5c84990dcde7","2026-04-13T13:32:18.420000","2026-04-13T13:32:18.420000","service_bdf5b7dc-5664-42ca-ab1f-67b3db250555","service+bdf5b7dc-5664-42ca-ab1f-67b3db250555@no-reply.base44.com","false"
"","","","","Remaining Balance Invoice Number","Admin","","","69dcf05e2d2be086c093a179","false","","","Checklist","","Not Acknowledged","12","69dcf062cbe7b6ba7c43538c","2026-04-13T13:32:18.248000","2026-04-13T13:32:18.248000","service_bdf5b7dc-5664-42ca-ab1f-67b3db250555","service+bdf5b7dc-5664-42ca-ab1f-67b3db250555@no-reply.base44.com","false"
"","","","","Did we send an event flow reminder email?","Admin","","","69dcf05e2d2be086c093a179","false","","","Checklist","","Not Acknowledged","11","69dcf0626cf3c9fe1b3e0bb0","2026-04-13T13:32:18.048000","2026-04-13T13:32:18.048000","service_bdf5b7dc-5664-42ca-ab1f-67b3db250555","service+bdf5b7dc-5664-42ca-ab1f-67b3db250555@no-reply.base44.com","false"
"","","","","Final HC","Admin","","","69dcf05e2d2be086c093a179","false","","","Checklist","","Not Acknowledged","10","69dcf06106440a8005852db6","2026-04-13T13:32:17.777000","2026-04-13T13:32:17.777000","service_bdf5b7dc-5664-42ca-ab1f-67b3db250555","service+bdf5b7dc-5664-42ca-ab1f-67b3db250555@no-reply.base44.com","false"
"","","","","BEO?","Admin","","","69dcf05e2d2be086c093a179","false","","","Checklist","","Not Acknowledged","9","69dcf061675987f1c28eb645","2026-04-13T13:32:17.512000","2026-04-13T13:32:17.512000","service_bdf5b7dc-5664-42ca-ab1f-67b3db250555","service+bdf5b7dc-5664-42ca-ab1f-67b3db250555@no-reply.base44.com","false"
"","","","","If Yes, How many drink tickets / beverages per person?","Admin","","","69dcf05e2d2be086c093a179","false","","","Checklist","","Not Acknowledged","8","69dcf061b59a40a5db4f4e2c","2026-04-13T13:32:17.322000","2026-04-13T13:32:17.322000","service_bdf5b7dc-5664-42ca-ab1f-67b3db250555","service+bdf5b7dc-5664-42ca-ab1f-67b3db250555@no-reply.base44.com","false"
"","","","","Interest in consumption on-site Y or N (Includes: drink tickets)","Admin","","","69dcf05e2d2be086c093a179","false","","","Checklist","","Not Acknowledged","7","69dcf0619aa94e6d6aa159b5","2026-04-13T13:32:17.106000","2026-04-13T13:32:17.106000","service_bdf5b7dc-5664-42ca-ab1f-67b3db250555","service+bdf5b7dc-5664-42ca-ab1f-67b3db250555@no-reply.base44.com","false"
"","","","","Did we send it to supplier?","Admin","","","69dcf05e2d2be086c093a179","false","","","Checklist","","Not Acknowledged","6","69dcf060d0b670a3bba90ab1","2026-04-13T13:32:16.880000","2026-04-13T13:32:16.880000","service_bdf5b7dc-5664-42ca-ab1f-67b3db250555","service+bdf5b7dc-5664-42ca-ab1f-67b3db250555@no-reply.base44.com","false"
"","","","","Add Ons: Logo'd aprons, glassware and Cheese board","Admin","","","69dcf05e2d2be086c093a179","false","","","Checklist","","Not Acknowledged","5","69dcf060de07e4c4ac18c125","2026-04-13T13:32:16.661000","2026-04-13T13:32:16.661000","service_bdf5b7dc-5664-42ca-ab1f-67b3db250555","service+bdf5b7dc-5664-42ca-ab1f-67b3db250555@no-reply.base44.com","false"
"","","","","Participation List - Link","Admin","","","69dcf05e2d2be086c093a179","false","","","Checklist","","Not Acknowledged","4","69dcf0608606c1c207db4938","2026-04-13T13:32:16.427000","2026-04-13T13:32:16.427000","service_bdf5b7dc-5664-42ca-ab1f-67b3db250555","service+bdf5b7dc-5664-42ca-ab1f-67b3db250555@no-reply.base44.com","false"
"","","","","Workflow document","Admin","","","69dcf05e2d2be086c093a179","false","","","Checklist","","Not Acknowledged","3","69dcf0602d2be086c093a17a","2026-04-13T13:32:16.169000","2026-04-13T13:32:16.169000","service_bdf5b7dc-5664-42ca-ab1f-67b3db250555","service+bdf5b7dc-5664-42ca-ab1f-67b3db250555@no-reply.base44.com","false"
"","","","","Is it documented in Fareharbor?","Admin","","","69dcf05e2d2be086c093a179","false","","","Checklist","","Not Acknowledged","2","69dcf05f47a64cce04535626","2026-04-13T13:32:15.960000","2026-04-13T13:32:15.960000","service_bdf5b7dc-5664-42ca-ab1f-67b3db250555","service+bdf5b7dc-5664-42ca-ab1f-67b3db250555@no-reply.base44.com","false"
"","","","","Did we update in Sales Alert of Slack?","Admin","","","69dcf05e2d2be086c093a179","false","","","Checklist","","Not Acknowledged","1","69dcf05fc3063bb797f092d4","2026-04-13T13:32:15.724000","2026-04-13T13:32:15.724000","service_bdf5b7dc-5664-42ca-ab1f-67b3db250555","service+bdf5b7dc-5664-42ca-ab1f-67b3db250555@no-reply.base44.com","false"
"","","","","Has Operation Support confirmed when they are planning on meeting the location and time they are meeting (This can be done preferably by SMS or Email)","Admin","","","69d67079f022f8ed8afc4878","false","","","Checklist","","Not Acknowledged","16","69d6707f2a0945da7c3bc275","2026-04-08T15:13:03.056000","2026-04-08T15:13:03.056000","service_bdf5b7dc-5664-42ca-ab1f-67b3db250555","service+bdf5b7dc-5664-42ca-ab1f-67b3db250555@no-reply.base44.com","false"
"","","","","Did we schedule an Internal BEO discussion with the instructor and Event Team Lead?","Admin","","","69d67079f022f8ed8afc4878","false","","","Checklist","","Not Acknowledged","15","69d6707e4c861dcd080f0a7b","2026-04-08T15:13:02.800000","2026-04-08T15:13:02.800000","service_bdf5b7dc-5664-42ca-ab1f-67b3db250555","service+bdf5b7dc-5664-42ca-ab1f-67b3db250555@no-reply.base44.com","false"
"","","","","CC form","Admin","","","69d67079f022f8ed8afc4878","false","","","Checklist","","Not Acknowledged","14","69d6707e65a1fd7b6e990bf9","2026-04-08T15:13:02.566000","2026-04-08T15:13:02.566000","service_bdf5b7dc-5664-42ca-ab1f-67b3db250555","service+bdf5b7dc-5664-42ca-ab1f-67b3db250555@no-reply.base44.com","false"
"","","","","Remaining Balance and Headcount DUE","Admin","","","69d67079f022f8ed8afc4878","false","","","Checklist","","Not Acknowledged","13","69d6707e126b84767e9e2814","2026-04-08T15:13:02.295000","2026-04-08T15:13:02.295000","service_bdf5b7dc-5664-42ca-ab1f-67b3db250555","service+bdf5b7dc-5664-42ca-ab1f-67b3db250555@no-reply.base44.com","false"
"","","","","Remaining Balance Invoice Number","Admin","","","69d67079f022f8ed8afc4878","false","","","Checklist","","Not Acknowledged","12","69d6707e5c9fcf4764e50a9b","2026-04-08T15:13:02.068000","2026-04-08T15:13:02.068000","service_bdf5b7dc-5664-42ca-ab1f-67b3db250555","service+bdf5b7dc-5664-42ca-ab1f-67b3db250555@no-reply.base44.com","false"
"","","","","Did we send an event flow reminder email?","Admin","","","69d67079f022f8ed8afc4878","false","","","Checklist","","Not Acknowledged","11","69d6707d2d5f3a76a841cd90","2026-04-08T15:13:01.751000","2026-04-08T15:13:01.751000","service_bdf5b7dc-5664-42ca-ab1f-67b3db250555","service+bdf5b7dc-5664-42ca-ab1f-67b3db250555@no-reply.base44.com","false"
"","","","","Final HC","Admin","","","69d67079f022f8ed8afc4878","false","","","Checklist","","Not Acknowledged","10","69d6707db5bdedf40dceba9d","2026-04-08T15:13:01.513000","2026-04-08T15:13:01.513000","service_bdf5b7dc-5664-42ca-ab1f-67b3db250555","service+bdf5b7dc-5664-42ca-ab1f-67b3db250555@no-reply.base44.com","false"
"","","","","BEO?","Admin","","","69d67079f022f8ed8afc4878","false","","","Checklist","","Not Acknowledged","9","69d6707d8f572cfd033cb443","2026-04-08T15:13:01.278000","2026-04-08T15:13:01.278000","service_bdf5b7dc-5664-42ca-ab1f-67b3db250555","service+bdf5b7dc-5664-42ca-ab1f-67b3db250555@no-reply.base44.com","false"
"","","","","If Yes, How many drink tickets / beverages per person?","Admin","","","69d67079f022f8ed8afc4878","false","","","Checklist","","Not Acknowledged","8","69d6707dee9a2135e114e87d","2026-04-08T15:13:01.087000","2026-04-08T15:13:01.087000","service_bdf5b7dc-5664-42ca-ab1f-67b3db250555","service+bdf5b7dc-5664-42ca-ab1f-67b3db250555@no-reply.base44.com","false"
"","","","","Interest in consumption on-site Y or N (Includes: drink tickets)","Admin","","","69d67079f022f8ed8afc4878","false","","","Checklist","","Not Acknowledged","7","69d6707cb0abd747a9cb9b87","2026-04-08T15:13:00.910000","2026-04-08T15:13:00.910000","service_bdf5b7dc-5664-42ca-ab1f-67b3db250555","service+bdf5b7dc-5664-42ca-ab1f-67b3db250555@no-reply.base44.com","false"
"","","","","Did we send it to supplier?","Admin","","","69d67079f022f8ed8afc4878","false","","","Checklist","","Not Acknowledged","6","69d6707cb43072b2718ae5a9","2026-04-08T15:13:00.699000","2026-04-08T15:13:00.699000","service_bdf5b7dc-5664-42ca-ab1f-67b3db250555","service+bdf5b7dc-5664-42ca-ab1f-67b3db250555@no-reply.base44.com","false"
"","","","","Add Ons: Logo'd aprons, glassware and Cheese board","Admin","","","69d67079f022f8ed8afc4878","false","","","Checklist","","Not Acknowledged","5","69d6707c3047921215bdb77c","2026-04-08T15:13:00.480000","2026-04-08T15:13:00.480000","service_bdf5b7dc-5664-42ca-ab1f-67b3db250555","service+bdf5b7dc-5664-42ca-ab1f-67b3db250555@no-reply.base44.com","false"
"","","","","Participation List - Link","Admin","","","69d67079f022f8ed8afc4878","false","","","Checklist","","Not Acknowledged","4","69d6707c477d87893143551f","2026-04-08T15:13:00.248000","2026-04-08T15:13:00.248000","service_bdf5b7dc-5664-42ca-ab1f-67b3db250555","service+bdf5b7dc-5664-42ca-ab1f-67b3db250555@no-reply.base44.com","false"
"","","","","Workflow document","Admin","","","69d67079f022f8ed8afc4878","false","","","Checklist","","Not Acknowledged","3","69d6707cfe94c4d01bf80785","2026-04-08T15:13:00.008000","2026-04-08T15:13:00.008000","service_bdf5b7dc-5664-42ca-ab1f-67b3db250555","service+bdf5b7dc-5664-42ca-ab1f-67b3db250555@no-reply.base44.com","false"
"","","","","Is it documented in Fareharbor?","Admin","","","69d67079f022f8ed8afc4878","false","","","Checklist","","Not Acknowledged","2","69d6707b3f398cf2bad8075e","2026-04-08T15:12:59.746000","2026-04-08T15:12:59.746000","service_bdf5b7dc-5664-42ca-ab1f-67b3db250555","service+bdf5b7dc-5664-42ca-ab1f-67b3db250555@no-reply.base44.com","false"
"","","","","Did we update in Sales Alert of Slack?","Admin","","","69d67079f022f8ed8afc4878","false","","","Checklist","","Not Acknowledged","1","69d6707b9342a62536ae57ab","2026-04-08T15:12:59.463000","2026-04-08T15:12:59.463000","service_bdf5b7dc-5664-42ca-ab1f-67b3db250555","service+bdf5b7dc-5664-42ca-ab1f-67b3db250555@no-reply.base44.com","false"
"","","","","Has Operation Support confirmed when they are planning on meeting the location and time they are meeting (This can be done preferably by SMS or Email)","Admin","","","69d65fdc9e5390661ad8ae64","false","","","Checklist","","Not Acknowledged","16","69d65fe1c001c77344470188","2026-04-08T14:02:09.961000","2026-04-08T14:02:09.961000","service_bdf5b7dc-5664-42ca-ab1f-67b3db250555","service+bdf5b7dc-5664-42ca-ab1f-67b3db250555@no-reply.base44.com","false"
"","","","","Did we schedule an Internal BEO discussion with the instructor and Event Team Lead?","Admin","","","69d65fdc9e5390661ad8ae64","false","","","Checklist","","Not Acknowledged","15","69d65fe14ebd8fb65f005d94","2026-04-08T14:02:09.743000","2026-04-08T14:02:09.743000","service_bdf5b7dc-5664-42ca-ab1f-67b3db250555","service+bdf5b7dc-5664-42ca-ab1f-67b3db250555@no-reply.base44.com","false"
"","","","","CC form","Admin","","","69d65fdc9e5390661ad8ae64","false","","","Checklist","","Not Acknowledged","14","69d65fe1ee4ae1e21286d746","2026-04-08T14:02:09.494000","2026-04-08T14:02:09.494000","service_bdf5b7dc-5664-42ca-ab1f-67b3db250555","service+bdf5b7dc-5664-42ca-ab1f-67b3db250555@no-reply.base44.com","false"
"","","","","Remaining Balance and Headcount DUE","Admin","","","69d65fdc9e5390661ad8ae64","false","","","Checklist","","Not Acknowledged","13","69d65fe159729d9b80f7e27a","2026-04-08T14:02:09.252000","2026-04-08T14:02:09.252000","service_bdf5b7dc-5664-42ca-ab1f-67b3db250555","service+bdf5b7dc-5664-42ca-ab1f-67b3db250555@no-reply.base44.com","false"
"","","","","Remaining Balance Invoice Number","Admin","","","69d65fdc9e5390661ad8ae64","false","","","Checklist","","Not Acknowledged","12","69d65fe03583b4bed76bed07","2026-04-08T14:02:08.925000","2026-04-08T14:02:08.925000","service_bdf5b7dc-5664-42ca-ab1f-67b3db250555","service+bdf5b7dc-5664-42ca-ab1f-67b3db250555@no-reply.base44.com","false"
"","","","","Did we send an event flow reminder email?","Admin","","","69d65fdc9e5390661ad8ae64","false","","","Checklist","","Not Acknowledged","11","69d65fe02e609e286c68e368","2026-04-08T14:02:08.708000","2026-04-08T14:02:08.708000","service_bdf5b7dc-5664-42ca-ab1f-67b3db250555","service+bdf5b7dc-5664-42ca-ab1f-67b3db250555@no-reply.base44.com","false"
"","","","","Final HC","Admin","","","69d65fdc9e5390661ad8ae64","false","","","Checklist","","Not Acknowledged","10","69d65fe0cc960d772984f285","2026-04-08T14:02:08.468000","2026-04-08T14:02:08.468000","service_bdf5b7dc-5664-42ca-ab1f-67b3db250555","service+bdf5b7dc-5664-42ca-ab1f-67b3db250555@no-reply.base44.com","false"
"","","","","BEO?","Admin","","","69d65fdc9e5390661ad8ae64","false","","","Checklist","","Not Acknowledged","9","69d65fe0b285f9aac24b4cf6","2026-04-08T14:02:08.315000","2026-04-08T14:02:08.315000","service_bdf5b7dc-5664-42ca-ab1f-67b3db250555","service+bdf5b7dc-5664-42ca-ab1f-67b3db250555@no-reply.base44.com","false"
"","","","","If Yes, How many drink tickets / beverages per person?","Admin","","","69d65fdc9e5390661ad8ae64","false","","","Checklist","","Not Acknowledged","8","69d65fe0b3fe6b5b42daf6aa","2026-04-08T14:02:08.101000","2026-04-08T14:02:08.101000","service_bdf5b7dc-5664-42ca-ab1f-67b3db250555","service+bdf5b7dc-5664-42ca-ab1f-67b3db250555@no-reply.base44.com","false"
"","","","","Interest in consumption on-site Y or N (Includes: drink tickets)","Admin","","","69d65fdc9e5390661ad8ae64","false","","","Checklist","","Not Acknowledged","7","69d65fdf782a616ef23151c4","2026-04-08T14:02:07.844000","2026-04-08T14:02:07.844000","service_bdf5b7dc-5664-42ca-ab1f-67b3db250555","service+bdf5b7dc-5664-42ca-ab1f-67b3db250555@no-reply.base44.com","false"
"","","","","Did we send it to supplier?","Admin","","","69d65fdc9e5390661ad8ae64","false","","","Checklist","","Not Acknowledged","6","69d65fdfcc960d772984f284","2026-04-08T14:02:07.667000","2026-04-08T14:02:07.667000","service_bdf5b7dc-5664-42ca-ab1f-67b3db250555","service+bdf5b7dc-5664-42ca-ab1f-67b3db250555@no-reply.base44.com","false"
"","","","","Add Ons: Logo'd aprons, glassware and Cheese board","Admin","","","69d65fdc9e5390661ad8ae64","false","","","Checklist","","Not Acknowledged","5","69d65fdf1ea4efd89407d49b","2026-04-08T14:02:07.444000","2026-04-08T14:02:07.444000","service_bdf5b7dc-5664-42ca-ab1f-67b3db250555","service+bdf5b7dc-5664-42ca-ab1f-67b3db250555@no-reply.base44.com","false"
"","","","","Participation List - Link","Admin","","","69d65fdc9e5390661ad8ae64","false","","","Checklist","","Not Acknowledged","4","69d65fdfcfc1fc41961124a8","2026-04-08T14:02:07.206000","2026-04-08T14:02:07.206000","service_bdf5b7dc-5664-42ca-ab1f-67b3db250555","service+bdf5b7dc-5664-42ca-ab1f-67b3db250555@no-reply.base44.com","false"
"","","","","Workflow document","Admin","","","69d65fdc9e5390661ad8ae64","false","","","Checklist","","Not Acknowledged","3","69d65fdfc01d2171334753c3","2026-04-08T14:02:07.038000","2026-04-08T14:02:07.038000","service_bdf5b7dc-5664-42ca-ab1f-67b3db250555","service+bdf5b7dc-5664-42ca-ab1f-67b3db250555@no-reply.base44.com","false"
"","","","","Is it documented in Fareharbor?","Admin","","","69d65fdc9e5390661ad8ae64","false","","","Checklist","","Not Acknowledged","2","69d65fde83062461207d1296","2026-04-08T14:02:06.800000","2026-04-08T14:02:06.800000","service_bdf5b7dc-5664-42ca-ab1f-67b3db250555","service+bdf5b7dc-5664-42ca-ab1f-67b3db250555@no-reply.base44.com","false"
"","","","","Did we update in Sales Alert of Slack?","Admin","","","69d65fdc9e5390661ad8ae64","false","","","Checklist","","Not Acknowledged","1","69d65fdec6b71c69aea49422","2026-04-08T14:02:06.523000","2026-04-08T14:02:06.523000","service_bdf5b7dc-5664-42ca-ab1f-67b3db250555","service+bdf5b7dc-5664-42ca-ab1f-67b3db250555@no-reply.base44.com","false"
"","","","","Has Operation Support confirmed when they are planning on meeting the location and time they are meeting (This can be done preferably by SMS or Email)","Admin","","","69d3a3085dbca0c8f8168688","false","","","Checklist","","Not Acknowledged","16","69d3a30cd4f0de0dea160fd3","2026-04-06T12:11:56.433000","2026-04-06T12:11:56.433000","service_bdf5b7dc-5664-42ca-ab1f-67b3db250555","service+bdf5b7dc-5664-42ca-ab1f-67b3db250555@no-reply.base44.com","false"
"","","","","Did we schedule an Internal BEO discussion with the instructor and Event Team Lead?","Admin","","","69d3a3085dbca0c8f8168688","false","","","Checklist","","Not Acknowledged","15","69d3a30cf40b779d2f88018d","2026-04-06T12:11:56.263000","2026-04-06T12:11:56.263000","service_bdf5b7dc-5664-42ca-ab1f-67b3db250555","service+bdf5b7dc-5664-42ca-ab1f-67b3db250555@no-reply.base44.com","false"
"","","","","CC form","Admin","","","69d3a3085dbca0c8f8168688","false","","","Checklist","","Not Acknowledged","14","69d3a30c55bbae0e65ef07f4","2026-04-06T12:11:56.097000","2026-04-06T12:11:56.097000","service_bdf5b7dc-5664-42ca-ab1f-67b3db250555","service+bdf5b7dc-5664-42ca-ab1f-67b3db250555@no-reply.base44.com","false"
"","","","","Remaining Balance and Headcount DUE","Admin","","","69d3a3085dbca0c8f8168688","false","","","Checklist","","Not Acknowledged","13","69d3a30b25ab907fcf47e1d8","2026-04-06T12:11:55.942000","2026-04-06T12:11:55.942000","service_bdf5b7dc-5664-42ca-ab1f-67b3db250555","service+bdf5b7dc-5664-42ca-ab1f-67b3db250555@no-reply.base44.com","false"
"","","","","Remaining Balance Invoice Number","Admin","","","69d3a3085dbca0c8f8168688","false","","","Checklist","","Not Acknowledged","12","69d3a30b2911391a41b9b1b8","2026-04-06T12:11:55.771000","2026-04-06T12:11:55.771000","service_bdf5b7dc-5664-42ca-ab1f-67b3db250555","service+bdf5b7dc-5664-42ca-ab1f-67b3db250555@no-reply.base44.com","false"
"","","","","Did we send an event flow reminder email?","Admin","","","69d3a3085dbca0c8f8168688","false","","","Checklist","","Not Acknowledged","11","69d3a30bcb2d3d735b515b30","2026-04-06T12:11:55.632000","2026-04-06T12:11:55.632000","service_bdf5b7dc-5664-42ca-ab1f-67b3db250555","service+bdf5b7dc-5664-42ca-ab1f-67b3db250555@no-reply.base44.com","false"
"","","","","Final HC","Admin","","","69d3a3085dbca0c8f8168688","false","","","Checklist","","Not Acknowledged","10","69d3a30bd4520f926a943480","2026-04-06T12:11:55.461000","2026-04-06T12:11:55.461000","service_bdf5b7dc-5664-42ca-ab1f-67b3db250555","service+bdf5b7dc-5664-42ca-ab1f-67b3db250555@no-reply.base44.com","false"
"","","","","BEO?","Admin","","","69d3a3085dbca0c8f8168688","false","","","Checklist","","Not Acknowledged","9","69d3a30b8a0a36b91b33cdd1","2026-04-06T12:11:55.254000","2026-04-06T12:11:55.254000","service_bdf5b7dc-5664-42ca-ab1f-67b3db250555","service+bdf5b7dc-5664-42ca-ab1f-67b3db250555@no-reply.base44.com","false"
"","","","","If Yes, How many drink tickets / beverages per person?","Admin","","","69d3a3085dbca0c8f8168688","false","","","Checklist","","Not Acknowledged","8","69d3a30b0e5c266a2c973f34","2026-04-06T12:11:55.037000","2026-04-06T12:11:55.037000","service_bdf5b7dc-5664-42ca-ab1f-67b3db250555","service+bdf5b7dc-5664-42ca-ab1f-67b3db250555@no-reply.base44.com","false"
"","","","","Interest in consumption on-site Y or N (Includes: drink tickets)","Admin","","","69d3a3085dbca0c8f8168688","false","","","Checklist","","Not Acknowledged","7","69d3a30a2ec3befe9b26ae93","2026-04-06T12:11:54.795000","2026-04-06T12:11:54.795000","service_bdf5b7dc-5664-42ca-ab1f-67b3db250555","service+bdf5b7dc-5664-42ca-ab1f-67b3db250555@no-reply.base44.com","false"
"","","","","Did we send it to supplier?","Admin","","","69d3a3085dbca0c8f8168688","false","","","Checklist","","Not Acknowledged","6","69d3a30a5fab9be6fc337866","2026-04-06T12:11:54.408000","2026-04-06T12:11:54.408000","service_bdf5b7dc-5664-42ca-ab1f-67b3db250555","service+bdf5b7dc-5664-42ca-ab1f-67b3db250555@no-reply.base44.com","false"
"","","","","Add Ons: Logo'd aprons, glassware and Cheese board","Admin","","","69d3a3085dbca0c8f8168688","false","","","Checklist","","Not Acknowledged","5","69d3a30ae992ff7d3374c42c","2026-04-06T12:11:54.210000","2026-04-06T12:11:54.210000","service_bdf5b7dc-5664-42ca-ab1f-67b3db250555","service+bdf5b7dc-5664-42ca-ab1f-67b3db250555@no-reply.base44.com","false"
"","","","","Participation List - Link","Admin","","","69d3a3085dbca0c8f8168688","false","","","Checklist","","Not Acknowledged","4","69d3a30928ebf39890e91552","2026-04-06T12:11:53.985000","2026-04-06T12:11:53.985000","service_bdf5b7dc-5664-42ca-ab1f-67b3db250555","service+bdf5b7dc-5664-42ca-ab1f-67b3db250555@no-reply.base44.com","false"
"","","","","Workflow document","Admin","","","69d3a3085dbca0c8f8168688","false","","","Checklist","","Not Acknowledged","3","69d3a309f40b779d2f88018b","2026-04-06T12:11:53.818000","2026-04-06T12:11:53.818000","service_bdf5b7dc-5664-42ca-ab1f-67b3db250555","service+bdf5b7dc-5664-42ca-ab1f-67b3db250555@no-reply.base44.com","false"
"","","","","Is it documented in Fareharbor?","Admin","","","69d3a3085dbca0c8f8168688","false","","","Checklist","","Not Acknowledged","2","69d3a30977dd00d13a4ba204","2026-04-06T12:11:53.599000","2026-04-06T12:11:53.599000","service_bdf5b7dc-5664-42ca-ab1f-67b3db250555","service+bdf5b7dc-5664-42ca-ab1f-67b3db250555@no-reply.base44.com","false"
"","","","","Did we update in Sales Alert of Slack?","Admin","","","69d3a3085dbca0c8f8168688","false","","","Checklist","","Not Acknowledged","1","69d3a3094ee1f89daae77a0a","2026-04-06T12:11:53.373000","2026-04-06T12:11:53.373000","service_bdf5b7dc-5664-42ca-ab1f-67b3db250555","service+bdf5b7dc-5664-42ca-ab1f-67b3db250555@no-reply.base44.com","false"
"","","","","Has Operation Support confirmed when they are planning on meeting the location and time they are meeting (This can be done preferably by SMS or Email)","Admin","","","69d39f05f7127f7fe7a11e1a","false","","","Checklist","","Not Acknowledged","16","69d39f0acc97f8becf590436","2026-04-06T11:54:50.088000","2026-04-06T11:54:50.088000","service_bdf5b7dc-5664-42ca-ab1f-67b3db250555","service+bdf5b7dc-5664-42ca-ab1f-67b3db250555@no-reply.base44.com","false"
"","","","","Did we schedule an Internal BEO discussion with the instructor and Event Team Lead?","Admin","","","69d39f05f7127f7fe7a11e1a","false","","","Checklist","","Not Acknowledged","15","69d39f09d72f848d3888195d","2026-04-06T11:54:49.880000","2026-04-06T11:54:49.880000","service_bdf5b7dc-5664-42ca-ab1f-67b3db250555","service+bdf5b7dc-5664-42ca-ab1f-67b3db250555@no-reply.base44.com","false"
"","","","","CC form","Admin","","","69d39f05f7127f7fe7a11e1a","false","","","Checklist","","Not Acknowledged","14","69d39f0941fd29315be22c09","2026-04-06T11:54:49.669000","2026-04-06T11:54:49.669000","service_bdf5b7dc-5664-42ca-ab1f-67b3db250555","service+bdf5b7dc-5664-42ca-ab1f-67b3db250555@no-reply.base44.com","false"
"","","","","Remaining Balance and Headcount DUE","Admin","","","69d39f05f7127f7fe7a11e1a","false","","","Checklist","","Not Acknowledged","13","69d39f098fe3a3de11888d40","2026-04-06T11:54:49.460000","2026-04-06T11:54:49.460000","service_bdf5b7dc-5664-42ca-ab1f-67b3db250555","service+bdf5b7dc-5664-42ca-ab1f-67b3db250555@no-reply.base44.com","false"
"","","","","Remaining Balance Invoice Number","Admin","","","69d39f05f7127f7fe7a11e1a","false","","","Checklist","","Not Acknowledged","12","69d39f0920c9f3ab3e344265","2026-04-06T11:54:49.263000","2026-04-06T11:54:49.263000","service_bdf5b7dc-5664-42ca-ab1f-67b3db250555","service+bdf5b7dc-5664-42ca-ab1f-67b3db250555@no-reply.base44.com","false"
"","","","","Did we send an event flow reminder email?","Admin","","","69d39f05f7127f7fe7a11e1a","false","","","Checklist","","Not Acknowledged","11","69d39f09d48ae6e04946c80e","2026-04-06T11:54:49.060000","2026-04-06T11:54:49.060000","service_bdf5b7dc-5664-42ca-ab1f-67b3db250555","service+bdf5b7dc-5664-42ca-ab1f-67b3db250555@no-reply.base44.com","false"
"","","","","Final HC","Admin","","","69d39f05f7127f7fe7a11e1a","false","","","Checklist","","Not Acknowledged","10","69d39f08062eeccf2636e86a","2026-04-06T11:54:48.829000","2026-04-06T11:54:48.829000","service_bdf5b7dc-5664-42ca-ab1f-67b3db250555","service+bdf5b7dc-5664-42ca-ab1f-67b3db250555@no-reply.base44.com","false"
"","","","","BEO?","Admin","","","69d39f05f7127f7fe7a11e1a","false","","","Checklist","","Not Acknowledged","9","69d39f081401d75fd6479409","2026-04-06T11:54:48.681000","2026-04-06T11:54:48.681000","service_bdf5b7dc-5664-42ca-ab1f-67b3db250555","service+bdf5b7dc-5664-42ca-ab1f-67b3db250555@no-reply.base44.com","false"
"","","","","If Yes, How many drink tickets / beverages per person?","Admin","","","69d39f05f7127f7fe7a11e1a","false","","","Checklist","","Not Acknowledged","8","69d39f0815b8b1eead5b8291","2026-04-06T11:54:48.457000","2026-04-06T11:54:48.457000","service_bdf5b7dc-5664-42ca-ab1f-67b3db250555","service+bdf5b7dc-5664-42ca-ab1f-67b3db250555@no-reply.base44.com","false"
"","","","","Interest in consumption on-site Y or N (Includes: drink tickets)","Admin","","","69d39f05f7127f7fe7a11e1a","false","","","Checklist","","Not Acknowledged","7","69d39f08731b892176a2f6f8","2026-04-06T11:54:48.283000","2026-04-06T11:54:48.283000","service_bdf5b7dc-5664-42ca-ab1f-67b3db250555","service+bdf5b7dc-5664-42ca-ab1f-67b3db250555@no-reply.base44.com","false"
"","","","","Did we send it to supplier?","Admin","","","69d39f05f7127f7fe7a11e1a","false","","","Checklist","","Not Acknowledged","6","69d39f07c08b314887505a9c","2026-04-06T11:54:47.990000","2026-04-06T11:54:47.990000","service_bdf5b7dc-5664-42ca-ab1f-67b3db250555","service+bdf5b7dc-5664-42ca-ab1f-67b3db250555@no-reply.base44.com","false"
"","","","","Add Ons: Logo'd aprons, glassware and Cheese board","Admin","","","69d39f05f7127f7fe7a11e1a","false","","","Checklist","","Not Acknowledged","5","69d39f07b9721822bfc46ec1","2026-04-06T11:54:47.777000","2026-04-06T11:54:47.777000","service_bdf5b7dc-5664-42ca-ab1f-67b3db250555","service+bdf5b7dc-5664-42ca-ab1f-67b3db250555@no-reply.base44.com","false"
"","","","","Participation List - Link","Admin","","","69d39f05f7127f7fe7a11e1a","false","","","Checklist","","Not Acknowledged","4","69d39f077d2a4e77a66697bf","2026-04-06T11:54:47.533000","2026-04-06T11:54:47.533000","service_bdf5b7dc-5664-42ca-ab1f-67b3db250555","service+bdf5b7dc-5664-42ca-ab1f-67b3db250555@no-reply.base44.com","false"
"","","","","Workflow document","Admin","","","69d39f05f7127f7fe7a11e1a","false","","","Checklist","","Not Acknowledged","3","69d39f072c7b825f9cfad803","2026-04-06T11:54:47.213000","2026-04-06T11:54:47.213000","service_bdf5b7dc-5664-42ca-ab1f-67b3db250555","service+bdf5b7dc-5664-42ca-ab1f-67b3db250555@no-reply.base44.com","false"
"","","","","Is it documented in Fareharbor?","Admin","","","69d39f05f7127f7fe7a11e1a","false","","","Checklist","","Not Acknowledged","2","69d39f06dfd463d34027998c","2026-04-06T11:54:46.925000","2026-04-06T11:54:46.925000","service_bdf5b7dc-5664-42ca-ab1f-67b3db250555","service+bdf5b7dc-5664-42ca-ab1f-67b3db250555@no-reply.base44.com","false"
"","","","","Did we update in Sales Alert of Slack?","Admin","","","69d39f05f7127f7fe7a11e1a","false","","","Checklist","","Not Acknowledged","1","69d39f0634245970ffc545db","2026-04-06T11:54:46.680000","2026-04-06T11:54:46.680000","service_bdf5b7dc-5664-42ca-ab1f-67b3db250555","service+bdf5b7dc-5664-42ca-ab1f-67b3db250555@no-reply.base44.com","false"
"","","","","Has Operation Support confirmed when they are planning on meeting the location and time they are meeting (This can be done preferably by SMS or Email)","Admin","","","69cfc47ccce5815ac7fe8e6e","false","","","Checklist","","Not Acknowledged","16","69cfc480c1609541e6750834","2026-04-03T13:45:36.278000","2026-04-03T13:45:36.278000","service_bdf5b7dc-5664-42ca-ab1f-67b3db250555","service+bdf5b7dc-5664-42ca-ab1f-67b3db250555@no-reply.base44.com","false"
"","","","","Did we schedule an Internal BEO discussion with the instructor and Event Team Lead?","Admin","","","69cfc47ccce5815ac7fe8e6e","false","","","Checklist","","Not Acknowledged","15","69cfc4809b1478e594b08fb7","2026-04-03T13:45:36.112000","2026-04-03T13:45:36.112000","service_bdf5b7dc-5664-42ca-ab1f-67b3db250555","service+bdf5b7dc-5664-42ca-ab1f-67b3db250555@no-reply.base44.com","false"
"","","","","CC form","Admin","","","69cfc47ccce5815ac7fe8e6e","false","","","Checklist","","Not Acknowledged","14","69cfc47fc5a6763f9b7829db","2026-04-03T13:45:35.900000","2026-04-03T13:45:35.900000","service_bdf5b7dc-5664-42ca-ab1f-67b3db250555","service+bdf5b7dc-5664-42ca-ab1f-67b3db250555@no-reply.base44.com","false"
"","","","","Remaining Balance and Headcount DUE","Admin","","","69cfc47ccce5815ac7fe8e6e","false","","","Checklist","","Not Acknowledged","13","69cfc47fe31513c8582d8f6b","2026-04-03T13:45:35.692000","2026-04-03T13:45:35.692000","service_bdf5b7dc-5664-42ca-ab1f-67b3db250555","service+bdf5b7dc-5664-42ca-ab1f-67b3db250555@no-reply.base44.com","false"
"","","","","Remaining Balance Invoice Number","Admin","","","69cfc47ccce5815ac7fe8e6e","false","","","Checklist","","Not Acknowledged","12","69cfc47f0ba43ca0c49017a0","2026-04-03T13:45:35.519000","2026-04-03T13:45:35.519000","service_bdf5b7dc-5664-42ca-ab1f-67b3db250555","service+bdf5b7dc-5664-42ca-ab1f-67b3db250555@no-reply.base44.com","false"
"","","","","Did we send an event flow reminder email?","Admin","","","69cfc47ccce5815ac7fe8e6e","false","","","Checklist","","Not Acknowledged","11","69cfc47f23df95dcc0b61f49","2026-04-03T13:45:35.312000","2026-04-03T13:45:35.312000","service_bdf5b7dc-5664-42ca-ab1f-67b3db250555","service+bdf5b7dc-5664-42ca-ab1f-67b3db250555@no-reply.base44.com","false"
"","","","","Final HC","Admin","","","69cfc47ccce5815ac7fe8e6e","false","","","Checklist","","Not Acknowledged","10","69cfc47f39e7031e303656bb","2026-04-03T13:45:35.093000","2026-04-03T13:45:35.093000","service_bdf5b7dc-5664-42ca-ab1f-67b3db250555","service+bdf5b7dc-5664-42ca-ab1f-67b3db250555@no-reply.base44.com","false"
"","","","","BEO?","Admin","","","69cfc47ccce5815ac7fe8e6e","false","","","Checklist","","Not Acknowledged","9","69cfc47e4a8a843d5ca95306","2026-04-03T13:45:34.936000","2026-04-03T13:45:34.936000","service_bdf5b7dc-5664-42ca-ab1f-67b3db250555","service+bdf5b7dc-5664-42ca-ab1f-67b3db250555@no-reply.base44.com","false"
"","","","","If Yes, How many drink tickets / beverages per person?","Admin","","","69cfc47ccce5815ac7fe8e6e","false","","","Checklist","","Not Acknowledged","8","69cfc47e48234d38386093b3","2026-04-03T13:45:34.716000","2026-04-03T13:45:34.716000","service_bdf5b7dc-5664-42ca-ab1f-67b3db250555","service+bdf5b7dc-5664-42ca-ab1f-67b3db250555@no-reply.base44.com","false"
"","","","","Interest in consumption on-site Y or N (Includes: drink tickets)","Admin","","","69cfc47ccce5815ac7fe8e6e","false","","","Checklist","","Not Acknowledged","7","69cfc47edacada2e2021ac4f","2026-04-03T13:45:34.481000","2026-04-03T13:45:34.481000","service_bdf5b7dc-5664-42ca-ab1f-67b3db250555","service+bdf5b7dc-5664-42ca-ab1f-67b3db250555@no-reply.base44.com","false"
"","","","","Did we send it to supplier?","Admin","","","69cfc47ccce5815ac7fe8e6e","false","","","Checklist","","Not Acknowledged","6","69cfc47e6e11993875feb377","2026-04-03T13:45:34.283000","2026-04-03T13:45:34.283000","service_bdf5b7dc-5664-42ca-ab1f-67b3db250555","service+bdf5b7dc-5664-42ca-ab1f-67b3db250555@no-reply.base44.com","false"
"","","","","Add Ons: Logo'd aprons, glassware and Cheese board","Admin","","","69cfc47ccce5815ac7fe8e6e","false","","","Checklist","","Not Acknowledged","5","69cfc47e40e162bb1f84be0f","2026-04-03T13:45:34.132000","2026-04-03T13:45:34.132000","service_bdf5b7dc-5664-42ca-ab1f-67b3db250555","service+bdf5b7dc-5664-42ca-ab1f-67b3db250555@no-reply.base44.com","false"
"","","","","Participation List - Link","Admin","","","69cfc47ccce5815ac7fe8e6e","false","","","Checklist","","Not Acknowledged","4","69cfc47d5a84936078fee3da","2026-04-03T13:45:33.901000","2026-04-03T13:45:33.901000","service_bdf5b7dc-5664-42ca-ab1f-67b3db250555","service+bdf5b7dc-5664-42ca-ab1f-67b3db250555@no-reply.base44.com","false"
"","","","","Workflow document","Admin","","","69cfc47ccce5815ac7fe8e6e","false","","","Checklist","","Not Acknowledged","3","69cfc47d4779237a4be404d4","2026-04-03T13:45:33.673000","2026-04-03T13:45:33.673000","service_bdf5b7dc-5664-42ca-ab1f-67b3db250555","service+bdf5b7dc-5664-42ca-ab1f-67b3db250555@no-reply.base44.com","false"
"","","","","Is it documented in Fareharbor?","Admin","","","69cfc47ccce5815ac7fe8e6e","false","","","Checklist","","Not Acknowledged","2","69cfc47d2028be160f98e3ef","2026-04-03T13:45:33.513000","2026-04-03T13:45:33.513000","service_bdf5b7dc-5664-42ca-ab1f-67b3db250555","service+bdf5b7dc-5664-42ca-ab1f-67b3db250555@no-reply.base44.com","false"
"","","","","Did we update in Sales Alert of Slack?","Admin","","","69cfc47ccce5815ac7fe8e6e","false","","","Checklist","","Not Acknowledged","1","69cfc47dca38b5041b42e3e8","2026-04-03T13:45:33.240000","2026-04-03T13:45:33.240000","service_bdf5b7dc-5664-42ca-ab1f-67b3db250555","service+bdf5b7dc-5664-42ca-ab1f-67b3db250555@no-reply.base44.com","false"
"","","","","Has Operation Support confirmed when they are planning on meeting the location and time they are meeting (This can be done preferably by SMS or Email)","Admin","","","69cbbc064534c5f0c7bc0d54","false","","","Checklist","","Not Acknowledged","16","69cbbc0b890152d572ba6eb7","2026-03-31T12:20:27.671000","2026-03-31T12:20:27.671000","service_bdf5b7dc-5664-42ca-ab1f-67b3db250555","service+bdf5b7dc-5664-42ca-ab1f-67b3db250555@no-reply.base44.com","false"
"","","","","Did we schedule an Internal BEO discussion with the instructor and Event Team Lead?","Admin","","","69cbbc064534c5f0c7bc0d54","false","","","Checklist","","Not Acknowledged","15","69cbbc0bd197338f8a42e2fe","2026-03-31T12:20:27.439000","2026-03-31T12:20:27.439000","service_bdf5b7dc-5664-42ca-ab1f-67b3db250555","service+bdf5b7dc-5664-42ca-ab1f-67b3db250555@no-reply.base44.com","false"
"","","","","CC form","Admin","","","69cbbc064534c5f0c7bc0d54","false","","","Checklist","","Not Acknowledged","14","69cbbc0ba895400bca894726","2026-03-31T12:20:27.207000","2026-03-31T12:20:27.207000","service_bdf5b7dc-5664-42ca-ab1f-67b3db250555","service+bdf5b7dc-5664-42ca-ab1f-67b3db250555@no-reply.base44.com","false"
"","","","","Remaining Balance and Headcount DUE","Admin","","","69cbbc064534c5f0c7bc0d54","false","","","Checklist","","Not Acknowledged","13","69cbbc0ad0d0f7728ac6176a","2026-03-31T12:20:26.977000","2026-03-31T12:20:26.977000","service_bdf5b7dc-5664-42ca-ab1f-67b3db250555","service+bdf5b7dc-5664-42ca-ab1f-67b3db250555@no-reply.base44.com","false"
"","","","","Remaining Balance Invoice Number","Admin","","","69cbbc064534c5f0c7bc0d54","false","","","Checklist","","Not Acknowledged","12","69cbbc0ac13ce57484f7fafb","2026-03-31T12:20:26.750000","2026-03-31T12:20:26.750000","service_bdf5b7dc-5664-42ca-ab1f-67b3db250555","service+bdf5b7dc-5664-42ca-ab1f-67b3db250555@no-reply.base44.com","false"
"","","","","Did we send an event flow reminder email?","Admin","","","69cbbc064534c5f0c7bc0d54","false","","","Checklist","","Not Acknowledged","11","69cbbc0a9e33fcf58e764e32","2026-03-31T12:20:26.523000","2026-03-31T12:20:26.523000","service_bdf5b7dc-5664-42ca-ab1f-67b3db250555","service+bdf5b7dc-5664-42ca-ab1f-67b3db250555@no-reply.base44.com","false"
"","","","","Final HC","Admin","","","69cbbc064534c5f0c7bc0d54","false","","","Checklist","","Not Acknowledged","10","69cbbc0a96d024dfc2001fa1","2026-03-31T12:20:26.288000","2026-03-31T12:20:26.288000","service_bdf5b7dc-5664-42ca-ab1f-67b3db250555","service+bdf5b7dc-5664-42ca-ab1f-67b3db250555@no-reply.base44.com","false"
"","","","","BEO?","Admin","","","69cbbc064534c5f0c7bc0d54","false","","","Checklist","","Not Acknowledged","9","69cbbc0a21c3b46518def82d","2026-03-31T12:20:26.042000","2026-03-31T12:20:26.042000","service_bdf5b7dc-5664-42ca-ab1f-67b3db250555","service+bdf5b7dc-5664-42ca-ab1f-67b3db250555@no-reply.base44.com","false"
"","","","","If Yes, How many drink tickets / beverages per person?","Admin","","","69cbbc064534c5f0c7bc0d54","false","","","Checklist","","Not Acknowledged","8","69cbbc093f3e991f9feaa963","2026-03-31T12:20:25.773000","2026-03-31T12:20:25.773000","service_bdf5b7dc-5664-42ca-ab1f-67b3db250555","service+bdf5b7dc-5664-42ca-ab1f-67b3db250555@no-reply.base44.com","false"
"","","","","Interest in consumption on-site Y or N (Includes: drink tickets)","Admin","","","69cbbc064534c5f0c7bc0d54","false","","","Checklist","","Not Acknowledged","7","69cbbc09affbb568ff31389f","2026-03-31T12:20:25.554000","2026-03-31T12:20:25.554000","service_bdf5b7dc-5664-42ca-ab1f-67b3db250555","service+bdf5b7dc-5664-42ca-ab1f-67b3db250555@no-reply.base44.com","false"
"","","","","Did we send it to supplier?","Admin","","","69cbbc064534c5f0c7bc0d54","false","","","Checklist","","Not Acknowledged","6","69cbbc098d4d9d26811a75e3","2026-03-31T12:20:25.354000","2026-03-31T12:20:25.354000","service_bdf5b7dc-5664-42ca-ab1f-67b3db250555","service+bdf5b7dc-5664-42ca-ab1f-67b3db250555@no-reply.base44.com","false"
"","","","","Add Ons: Logo'd aprons, glassware and Cheese board","Admin","","","69cbbc064534c5f0c7bc0d54","false","","","Checklist","","Not Acknowledged","5","69cbbc08d6d9ebcc6d134815","2026-03-31T12:20:24.817000","2026-03-31T12:20:24.817000","service_bdf5b7dc-5664-42ca-ab1f-67b3db250555","service+bdf5b7dc-5664-42ca-ab1f-67b3db250555@no-reply.base44.com","false"
"","","","","Participation List - Link","Admin","","","69cbbc064534c5f0c7bc0d54","false","","","Checklist","","Not Acknowledged","4","69cbbc08ef8711b60ba463d5","2026-03-31T12:20:24.586000","2026-03-31T12:20:24.586000","service_bdf5b7dc-5664-42ca-ab1f-67b3db250555","service+bdf5b7dc-5664-42ca-ab1f-67b3db250555@no-reply.base44.com","false"
"","","","","Workflow document","Admin","","","69cbbc064534c5f0c7bc0d54","false","","","Checklist","","Not Acknowledged","3","69cbbc08dfc33c05641560fa","2026-03-31T12:20:24.360000","2026-03-31T12:20:24.360000","service_bdf5b7dc-5664-42ca-ab1f-67b3db250555","service+bdf5b7dc-5664-42ca-ab1f-67b3db250555@no-reply.base44.com","false"
"","","","","Is it documented in Fareharbor?","Admin","","","69cbbc064534c5f0c7bc0d54","false","","","Checklist","","Not Acknowledged","2","69cbbc08a45a88928ae8ee6c","2026-03-31T12:20:24.126000","2026-03-31T12:20:24.126000","service_bdf5b7dc-5664-42ca-ab1f-67b3db250555","service+bdf5b7dc-5664-42ca-ab1f-67b3db250555@no-reply.base44.com","false"
"","","","","Did we update in Sales Alert of Slack?","Admin","","","69cbbc064534c5f0c7bc0d54","false","","","Checklist","","Not Acknowledged","1","69cbbc0760f5d13346c9d1c5","2026-03-31T12:20:23.846000","2026-03-31T12:20:23.846000","service_bdf5b7dc-5664-42ca-ab1f-67b3db250555","service+bdf5b7dc-5664-42ca-ab1f-67b3db250555@no-reply.base44.com","false"
"","","","","Has Operation Support confirmed when they are planning on meeting the location and time they are meeting (This can be done preferably by SMS or Email)","Admin","","","69ca7f4f48bf79600d2df525","false","","","Checklist","","Not Acknowledged","16","69ca7f54267f6d49694d5fac","2026-03-30T13:49:08.320000","2026-03-30T13:49:08.320000","service_bdf5b7dc-5664-42ca-ab1f-67b3db250555","service+bdf5b7dc-5664-42ca-ab1f-67b3db250555@no-reply.base44.com","false"
"","","","","Did we schedule an Internal BEO discussion with the instructor and Event Team Lead?","Admin","","","69ca7f4f48bf79600d2df525","false","","","Checklist","","Not Acknowledged","15","69ca7f54b30ce07d009ae193","2026-03-30T13:49:08.029000","2026-03-30T13:49:08.029000","service_bdf5b7dc-5664-42ca-ab1f-67b3db250555","service+bdf5b7dc-5664-42ca-ab1f-67b3db250555@no-reply.base44.com","false"
"","","","","CC form","Admin","","","69ca7f4f48bf79600d2df525","false","","","Checklist","","Not Acknowledged","14","69ca7f531e3715a36bc49c26","2026-03-30T13:49:07.797000","2026-03-30T13:49:07.797000","service_bdf5b7dc-5664-42ca-ab1f-67b3db250555","service+bdf5b7dc-5664-42ca-ab1f-67b3db250555@no-reply.base44.com","false"
"","","","","Remaining Balance and Headcount DUE","Admin","","","69ca7f4f48bf79600d2df525","false","","","Checklist","","Not Acknowledged","13","69ca7f5358be7b12bb21d58d","2026-03-30T13:49:07.550000","2026-03-30T13:49:07.550000","service_bdf5b7dc-5664-42ca-ab1f-67b3db250555","service+bdf5b7dc-5664-42ca-ab1f-67b3db250555@no-reply.base44.com","false"
"","","","","Remaining Balance Invoice Number","Admin","","","69ca7f4f48bf79600d2df525","false","","","Checklist","","Not Acknowledged","12","69ca7f53589f60f107af778a","2026-03-30T13:49:07.307000","2026-03-30T13:49:07.307000","service_bdf5b7dc-5664-42ca-ab1f-67b3db250555","service+bdf5b7dc-5664-42ca-ab1f-67b3db250555@no-reply.base44.com","false"
"","","","","Did we send an event flow reminder email?","Admin","","","69ca7f4f48bf79600d2df525","false","","","Checklist","","Not Acknowledged","11","69ca7f53a18d008211cdee2e","2026-03-30T13:49:07.054000","2026-03-30T13:49:07.054000","service_bdf5b7dc-5664-42ca-ab1f-67b3db250555","service+bdf5b7dc-5664-42ca-ab1f-67b3db250555@no-reply.base44.com","false"
"","","","","Final HC","Admin","","","69ca7f4f48bf79600d2df525","false","","","Checklist","","Not Acknowledged","10","69ca7f52e6cc79524ebc4afe","2026-03-30T13:49:06.797000","2026-03-30T13:49:06.797000","service_bdf5b7dc-5664-42ca-ab1f-67b3db250555","service+bdf5b7dc-5664-42ca-ab1f-67b3db250555@no-reply.base44.com","false"
"","","","","BEO?","Admin","","","69ca7f4f48bf79600d2df525","false","","","Checklist","","Not Acknowledged","9","69ca7f52d32aa55018292501","2026-03-30T13:49:06.587000","2026-03-30T13:49:06.587000","service_bdf5b7dc-5664-42ca-ab1f-67b3db250555","service+bdf5b7dc-5664-42ca-ab1f-67b3db250555@no-reply.base44.com","false"
"","","","","If Yes, How many drink tickets / beverages per person?","Admin","","","69ca7f4f48bf79600d2df525","false","","","Checklist","","Not Acknowledged","8","69ca7f525a5e1232f4936a5f","2026-03-30T13:49:06.323000","2026-03-30T13:49:06.323000","service_bdf5b7dc-5664-42ca-ab1f-67b3db250555","service+bdf5b7dc-5664-42ca-ab1f-67b3db250555@no-reply.base44.com","false"
"","","","","Interest in consumption on-site Y or N (Includes: drink tickets)","Admin","","","69ca7f4f48bf79600d2df525","false","","","Checklist","","Not Acknowledged","7","69ca7f524a850c15fa1a8945","2026-03-30T13:49:06.113000","2026-03-30T13:49:06.113000","service_bdf5b7dc-5664-42ca-ab1f-67b3db250555","service+bdf5b7dc-5664-42ca-ab1f-67b3db250555@no-reply.base44.com","false"
"","","","","Did we send it to supplier?","Admin","","","69ca7f4f48bf79600d2df525","false","","","Checklist","","Not Acknowledged","6","69ca7f51d8467b26b56c03dd","2026-03-30T13:49:05.917000","2026-03-30T13:49:05.917000","service_bdf5b7dc-5664-42ca-ab1f-67b3db250555","service+bdf5b7dc-5664-42ca-ab1f-67b3db250555@no-reply.base44.com","false"
"","","","","Add Ons: Logo'd aprons, glassware and Cheese board","Admin","","","69ca7f4f48bf79600d2df525","false","","","Checklist","","Not Acknowledged","5","69ca7f51aedcd3408f021e01","2026-03-30T13:49:05.669000","2026-03-30T13:49:05.669000","service_bdf5b7dc-5664-42ca-ab1f-67b3db250555","service+bdf5b7dc-5664-42ca-ab1f-67b3db250555@no-reply.base44.com","false"
"","","","","Participation List - Link","Admin","","","69ca7f4f48bf79600d2df525","false","","","Checklist","","Not Acknowledged","4","69ca7f5154f3756a6fb9ce66","2026-03-30T13:49:05.398000","2026-03-30T13:49:05.398000","service_bdf5b7dc-5664-42ca-ab1f-67b3db250555","service+bdf5b7dc-5664-42ca-ab1f-67b3db250555@no-reply.base44.com","false"
"","","","","Workflow document","Admin","","","69ca7f4f48bf79600d2df525","false","","","Checklist","","Not Acknowledged","3","69ca7f5106f3e46c3e466840","2026-03-30T13:49:05.182000","2026-03-30T13:49:05.182000","service_bdf5b7dc-5664-42ca-ab1f-67b3db250555","service+bdf5b7dc-5664-42ca-ab1f-67b3db250555@no-reply.base44.com","false"
"","","","","Is it documented in Fareharbor?","Admin","","","69ca7f4f48bf79600d2df525","false","","","Checklist","","Not Acknowledged","2","69ca7f5004794d6db40132c2","2026-03-30T13:49:04.876000","2026-03-30T13:49:04.876000","service_bdf5b7dc-5664-42ca-ab1f-67b3db250555","service+bdf5b7dc-5664-42ca-ab1f-67b3db250555@no-reply.base44.com","false"
"","","","","Did we update in Sales Alert of Slack?","Admin","","","69ca7f4f48bf79600d2df525","false","","","Checklist","","Not Acknowledged","1","69ca7f509e06b3cbcf1ec1b8","2026-03-30T13:49:04.559000","2026-03-30T13:49:04.559000","service_bdf5b7dc-5664-42ca-ab1f-67b3db250555","service+bdf5b7dc-5664-42ca-ab1f-67b3db250555@no-reply.base44.com","false"
"","","","","Has Operation Support confirmed when they are planning on meeting the location and time they are meeting (This can be done preferably by SMS or Email)","Admin","","","69c7b430852388af1a5fc204","false","","","Checklist","","Not Acknowledged","16","69c7b434b82926ff99897f89","2026-03-28T10:57:56.848000","2026-03-28T10:57:56.848000","service_bdf5b7dc-5664-42ca-ab1f-67b3db250555","service+bdf5b7dc-5664-42ca-ab1f-67b3db250555@no-reply.base44.com","false"
"","","","","Did we schedule an Internal BEO discussion with the instructor and Event Team Lead?","Admin","","","69c7b430852388af1a5fc204","false","","","Checklist","","Not Acknowledged","15","69c7b434d0fff112766b252c","2026-03-28T10:57:56.617000","2026-03-28T10:57:56.617000","service_bdf5b7dc-5664-42ca-ab1f-67b3db250555","service+bdf5b7dc-5664-42ca-ab1f-67b3db250555@no-reply.base44.com","false"
"","","","","CC form","Admin","","","69c7b430852388af1a5fc204","false","","","Checklist","","Not Acknowledged","14","69c7b43467143f2ab0c8b283","2026-03-28T10:57:56.400000","2026-03-28T10:57:56.400000","service_bdf5b7dc-5664-42ca-ab1f-67b3db250555","service+bdf5b7dc-5664-42ca-ab1f-67b3db250555@no-reply.base44.com","false"
"","","","","Remaining Balance and Headcount DUE","Admin","","","69c7b430852388af1a5fc204","false","","","Checklist","","Not Acknowledged","13","69c7b434f6e2bdbbbdf65411","2026-03-28T10:57:56.187000","2026-03-28T10:57:56.187000","service_bdf5b7dc-5664-42ca-ab1f-67b3db250555","service+bdf5b7dc-5664-42ca-ab1f-67b3db250555@no-reply.base44.com","false"
"","","","","Remaining Balance Invoice Number","Admin","","","69c7b430852388af1a5fc204","false","","","Checklist","","Not Acknowledged","12","69c7b433ab0e6d8b8b06ed44","2026-03-28T10:57:55.968000","2026-03-28T10:57:55.968000","service_bdf5b7dc-5664-42ca-ab1f-67b3db250555","service+bdf5b7dc-5664-42ca-ab1f-67b3db250555@no-reply.base44.com","false"
"","","","","Did we send an event flow reminder email?","Admin","","","69c7b430852388af1a5fc204","false","","","Checklist","","Not Acknowledged","11","69c7b4334ac98ff51d196efd","2026-03-28T10:57:55.701000","2026-03-28T10:57:55.701000","service_bdf5b7dc-5664-42ca-ab1f-67b3db250555","service+bdf5b7dc-5664-42ca-ab1f-67b3db250555@no-reply.base44.com","false"
"","","","","Final HC","Admin","","","69c7b430852388af1a5fc204","false","","","Checklist","","Not Acknowledged","10","69c7b4339a8da3eb6ffed394","2026-03-28T10:57:55.469000","2026-03-28T10:57:55.469000","service_bdf5b7dc-5664-42ca-ab1f-67b3db250555","service+bdf5b7dc-5664-42ca-ab1f-67b3db250555@no-reply.base44.com","false"
"","","","","BEO?","Admin","","","69c7b430852388af1a5fc204","false","","","Checklist","","Not Acknowledged","9","69c7b4336325389d8a3ff022","2026-03-28T10:57:55.232000","2026-03-28T10:57:55.232000","service_bdf5b7dc-5664-42ca-ab1f-67b3db250555","service+bdf5b7dc-5664-42ca-ab1f-67b3db250555@no-reply.base44.com","false"
"","","","","If Yes, How many drink tickets / beverages per person?","Admin","","","69c7b430852388af1a5fc204","false","","","Checklist","","Not Acknowledged","8","69c7b432302af62468f1fdd7","2026-03-28T10:57:54.997000","2026-03-28T10:57:54.997000","service_bdf5b7dc-5664-42ca-ab1f-67b3db250555","service+bdf5b7dc-5664-42ca-ab1f-67b3db250555@no-reply.base44.com","false"
"","","","","Interest in consumption on-site Y or N (Includes: drink tickets)","Admin","","","69c7b430852388af1a5fc204","false","","","Checklist","","Not Acknowledged","7","69c7b432312fa39e45a2df4a","2026-03-28T10:57:54.742000","2026-03-28T10:57:54.742000","service_bdf5b7dc-5664-42ca-ab1f-67b3db250555","service+bdf5b7dc-5664-42ca-ab1f-67b3db250555@no-reply.base44.com","false"
"","","","","Did we send it to supplier?","Admin","","","69c7b430852388af1a5fc204","false","","","Checklist","","Not Acknowledged","6","69c7b43299fddf2253ba0af8","2026-03-28T10:57:54.497000","2026-03-28T10:57:54.497000","service_bdf5b7dc-5664-42ca-ab1f-67b3db250555","service+bdf5b7dc-5664-42ca-ab1f-67b3db250555@no-reply.base44.com","false"
"","","","","Add Ons: Logo'd aprons, glassware and Cheese board","Admin","","","69c7b430852388af1a5fc204","false","","","Checklist","","Not Acknowledged","5","69c7b4323d9b1880e6e9a167","2026-03-28T10:57:54.278000","2026-03-28T10:57:54.278000","service_bdf5b7dc-5664-42ca-ab1f-67b3db250555","service+bdf5b7dc-5664-42ca-ab1f-67b3db250555@no-reply.base44.com","false"
"","","","","Participation List - Link","Admin","","","69c7b430852388af1a5fc204","false","","","Checklist","","Not Acknowledged","4","69c7b4321d847400ed63d267","2026-03-28T10:57:54.050000","2026-03-28T10:57:54.050000","service_bdf5b7dc-5664-42ca-ab1f-67b3db250555","service+bdf5b7dc-5664-42ca-ab1f-67b3db250555@no-reply.base44.com","false"
"","","","","Workflow document","Admin","","","69c7b430852388af1a5fc204","false","","","Checklist","","Not Acknowledged","3","69c7b431c492f779eace0abe","2026-03-28T10:57:53.801000","2026-03-28T10:57:53.801000","service_bdf5b7dc-5664-42ca-ab1f-67b3db250555","service+bdf5b7dc-5664-42ca-ab1f-67b3db250555@no-reply.base44.com","false"
"","","","","Is it documented in Fareharbor?","Admin","","","69c7b430852388af1a5fc204","false","","","Checklist","","Not Acknowledged","2","69c7b431708d5ff9d13f3c90","2026-03-28T10:57:53.595000","2026-03-28T10:57:53.595000","service_bdf5b7dc-5664-42ca-ab1f-67b3db250555","service+bdf5b7dc-5664-42ca-ab1f-67b3db250555@no-reply.base44.com","false"
"","","","","Did we update in Sales Alert of Slack?","Admin","","","69c7b430852388af1a5fc204","false","","","Checklist","","Not Acknowledged","1","69c7b4314f9833ae7dd8cd18","2026-03-28T10:57:53.394000","2026-03-28T10:57:53.394000","service_bdf5b7dc-5664-42ca-ab1f-67b3db250555","service+bdf5b7dc-5664-42ca-ab1f-67b3db250555@no-reply.base44.com","false"
"","","","","Has Operation Support confirmed when they are planning on meeting the location and time they are meeting (This can be done preferably by SMS or Email)","Admin","","","69c7b088ec172256146dec58","false","","","Checklist","","Not Acknowledged","16","69c7b08dd1f0c62d5e2bdbc1","2026-03-28T10:42:21.015000","2026-03-28T10:42:21.015000","service_bdf5b7dc-5664-42ca-ab1f-67b3db250555","service+bdf5b7dc-5664-42ca-ab1f-67b3db250555@no-reply.base44.com","false"
"","","","","Did we schedule an Internal BEO discussion with the instructor and Event Team Lead?","Admin","","","69c7b088ec172256146dec58","false","","","Checklist","","Not Acknowledged","15","69c7b08caecfe648eb27c67f","2026-03-28T10:42:20.766000","2026-03-28T10:42:20.766000","service_bdf5b7dc-5664-42ca-ab1f-67b3db250555","service+bdf5b7dc-5664-42ca-ab1f-67b3db250555@no-reply.base44.com","false"
"","","","","CC form","Admin","","","69c7b088ec172256146dec58","false","","","Checklist","","Not Acknowledged","14","69c7b08cd8cf0d449525e7cc","2026-03-28T10:42:20.554000","2026-03-28T10:42:20.554000","service_bdf5b7dc-5664-42ca-ab1f-67b3db250555","service+bdf5b7dc-5664-42ca-ab1f-67b3db250555@no-reply.base44.com","false"
"","","","","Remaining Balance and Headcount DUE","Admin","","","69c7b088ec172256146dec58","false","","","Checklist","","Not Acknowledged","13","69c7b08c8db5cecb5a339701","2026-03-28T10:42:20.307000","2026-03-28T10:42:20.307000","service_bdf5b7dc-5664-42ca-ab1f-67b3db250555","service+bdf5b7dc-5664-42ca-ab1f-67b3db250555@no-reply.base44.com","false"
"","","","","Remaining Balance Invoice Number","Admin","","","69c7b088ec172256146dec58","false","","","Checklist","","Not Acknowledged","12","69c7b08c0079a4ced25eac94","2026-03-28T10:42:20.101000","2026-03-28T10:42:20.101000","service_bdf5b7dc-5664-42ca-ab1f-67b3db250555","service+bdf5b7dc-5664-42ca-ab1f-67b3db250555@no-reply.base44.com","false"
"","","","","Did we send an event flow reminder email?","Admin","","","69c7b088ec172256146dec58","false","","","Checklist","","Not Acknowledged","11","69c7b08bd18fa02ccf04b606","2026-03-28T10:42:19.848000","2026-03-28T10:42:19.848000","service_bdf5b7dc-5664-42ca-ab1f-67b3db250555","service+bdf5b7dc-5664-42ca-ab1f-67b3db250555@no-reply.base44.com","false"
"","","","","Final HC","Admin","","","69c7b088ec172256146dec58","false","","","Checklist","","Not Acknowledged","10","69c7b08b86eaed7398217acf","2026-03-28T10:42:19.667000","2026-03-28T10:42:19.667000","service_bdf5b7dc-5664-42ca-ab1f-67b3db250555","service+bdf5b7dc-5664-42ca-ab1f-67b3db250555@no-reply.base44.com","false"
"","","","","BEO?","Admin","","","69c7b088ec172256146dec58","false","","","Checklist","","Not Acknowledged","9","69c7b08bef70f24a79b03f3a","2026-03-28T10:42:19.479000","2026-03-28T10:42:19.479000","service_bdf5b7dc-5664-42ca-ab1f-67b3db250555","service+bdf5b7dc-5664-42ca-ab1f-67b3db250555@no-reply.base44.com","false"
"","","","","If Yes, How many drink tickets / beverages per person?","Admin","","","69c7b088ec172256146dec58","false","","","Checklist","","Not Acknowledged","8","69c7b08bc7a3be03bdaccf63","2026-03-28T10:42:19.299000","2026-03-28T10:42:19.299000","service_bdf5b7dc-5664-42ca-ab1f-67b3db250555","service+bdf5b7dc-5664-42ca-ab1f-67b3db250555@no-reply.base44.com","false"
"","","","","Interest in consumption on-site Y or N (Includes: drink tickets)","Admin","","","69c7b088ec172256146dec58","false","","","Checklist","","Not Acknowledged","7","69c7b08b848c02a1263016a7","2026-03-28T10:42:19.075000","2026-03-28T10:42:19.075000","service_bdf5b7dc-5664-42ca-ab1f-67b3db250555","service+bdf5b7dc-5664-42ca-ab1f-67b3db250555@no-reply.base44.com","false"
"","","","","Did we send it to supplier?","Admin","","","69c7b088ec172256146dec58","false","","","Checklist","","Not Acknowledged","6","69c7b08afaf42ecc465e5075","2026-03-28T10:42:18.843000","2026-03-28T10:42:18.843000","service_bdf5b7dc-5664-42ca-ab1f-67b3db250555","service+bdf5b7dc-5664-42ca-ab1f-67b3db250555@no-reply.base44.com","false"
"","","","","Add Ons: Logo'd aprons, glassware and Cheese board","Admin","","","69c7b088ec172256146dec58","false","","","Checklist","","Not Acknowledged","5","69c7b08aa22d6b9309bc4c9c","2026-03-28T10:42:18.659000","2026-03-28T10:42:18.659000","service_bdf5b7dc-5664-42ca-ab1f-67b3db250555","service+bdf5b7dc-5664-42ca-ab1f-67b3db250555@no-reply.base44.com","false"
"2026-03-28T10:44:27.312Z","","","","Participation List - Link","Admin","","2026-03-28T10:44:25.736Z","69c7b088ec172256146dec58","false","699c69418e04ef1c530e70c1","","Checklist","","Done","4","69c7b08adbc54691a6148659","2026-03-28T10:42:18.515000","2026-03-28T10:43:02.661000","service_bdf5b7dc-5664-42ca-ab1f-67b3db250555","service+bdf5b7dc-5664-42ca-ab1f-67b3db250555@no-reply.base44.com","false"
"","","","","Workflow document","Admin","","2026-03-28T10:44:19.576Z","69c7b088ec172256146dec58","false","699c69418e04ef1c530e70c1","","Checklist","","Working On It","3","69c7b08acd18a49dbcb7bb3c","2026-03-28T10:42:18.348000","2026-03-28T10:42:54.935000","service_bdf5b7dc-5664-42ca-ab1f-67b3db250555","service+bdf5b7dc-5664-42ca-ab1f-67b3db250555@no-reply.base44.com","false"
"2026-03-28T10:44:16.193Z","","","","Is it documented in Fareharbor?","Admin","","2026-03-28T10:44:13.913Z","69c7b088ec172256146dec58","false","699c69418e04ef1c530e70c1","","Checklist","","Done","2","69c7b08a67143f2ab0c8aec6","2026-03-28T10:42:18.169000","2026-03-28T10:42:51.547000","service_bdf5b7dc-5664-42ca-ab1f-67b3db250555","service+bdf5b7dc-5664-42ca-ab1f-67b3db250555@no-reply.base44.com","false"
"2026-03-28T10:44:11.528Z","","","","Did we update in Sales Alert of Slack?","Admin","","2026-03-28T10:43:49.065Z","69c7b088ec172256146dec58","false","699c69418e04ef1c530e70c1","","Checklist","","Done","1","69c7b089229e0c0692df0c72","2026-03-28T10:42:17.919000","2026-03-28T10:42:46.881000","service_bdf5b7dc-5664-42ca-ab1f-67b3db250555","service+bdf5b7dc-5664-42ca-ab1f-67b3db250555@no-reply.base44.com","false"
"","","","","Has Operation Support confirmed when they are planning on meeting the location and time they are meeting (This can be done preferably by SMS or Email)","Admin","","","69c3ec5f99ee9e5b48b1cda1","false","","","Checklist","","Not Acknowledged","16","69c3ec649c30ce13a477aa07","2026-03-25T14:08:36.239000","2026-03-25T14:08:36.239000","service_bdf5b7dc-5664-42ca-ab1f-67b3db250555","service+bdf5b7dc-5664-42ca-ab1f-67b3db250555@no-reply.base44.com","false"
"","","","","Did we schedule an Internal BEO discussion with the instructor and Event Team Lead?","Admin","","","69c3ec5f99ee9e5b48b1cda1","false","","","Checklist","","Not Acknowledged","15","69c3ec648c022249d68f561f","2026-03-25T14:08:36.006000","2026-03-25T14:08:36.006000","service_bdf5b7dc-5664-42ca-ab1f-67b3db250555","service+bdf5b7dc-5664-42ca-ab1f-67b3db250555@no-reply.base44.com","false"
"","","","","CC form","Admin","","","69c3ec5f99ee9e5b48b1cda1","false","","","Checklist","","Not Acknowledged","14","69c3ec6371445ceb2cb3603c","2026-03-25T14:08:35.712000","2026-03-25T14:08:35.712000","service_bdf5b7dc-5664-42ca-ab1f-67b3db250555","service+bdf5b7dc-5664-42ca-ab1f-67b3db250555@no-reply.base44.com","false"
"","","","","Remaining Balance and Headcount DUE","Admin","","","69c3ec5f99ee9e5b48b1cda1","false","","","Checklist","","Not Acknowledged","13","69c3ec6337ff3b01a040e92d","2026-03-25T14:08:35.492000","2026-03-25T14:08:35.492000","service_bdf5b7dc-5664-42ca-ab1f-67b3db250555","service+bdf5b7dc-5664-42ca-ab1f-67b3db250555@no-reply.base44.com","false"
"","","","","Remaining Balance Invoice Number","Admin","","","69c3ec5f99ee9e5b48b1cda1","false","","","Checklist","","Not Acknowledged","12","69c3ec63873c8adba7e54808","2026-03-25T14:08:35.272000","2026-03-25T14:08:35.272000","service_bdf5b7dc-5664-42ca-ab1f-67b3db250555","service+bdf5b7dc-5664-42ca-ab1f-67b3db250555@no-reply.base44.com","false"
"","","","","Did we send an event flow reminder email?","Admin","","","69c3ec5f99ee9e5b48b1cda1","false","","","Checklist","","Not Acknowledged","11","69c3ec637cde2340279558e4","2026-03-25T14:08:35.050000","2026-03-25T14:08:35.050000","service_bdf5b7dc-5664-42ca-ab1f-67b3db250555","service+bdf5b7dc-5664-42ca-ab1f-67b3db250555@no-reply.base44.com","false"
"","","","","Final HC","Admin","","","69c3ec5f99ee9e5b48b1cda1","false","","","Checklist","","Not Acknowledged","10","69c3ec623274c831a399a451","2026-03-25T14:08:34.782000","2026-03-25T14:08:34.782000","service_bdf5b7dc-5664-42ca-ab1f-67b3db250555","service+bdf5b7dc-5664-42ca-ab1f-67b3db250555@no-reply.base44.com","false"
"","","","","BEO?","Admin","","","69c3ec5f99ee9e5b48b1cda1","false","","","Checklist","","Not Acknowledged","9","69c3ec623078e17bb61f6bae","2026-03-25T14:08:34.564000","2026-03-25T14:08:34.564000","service_bdf5b7dc-5664-42ca-ab1f-67b3db250555","service+bdf5b7dc-5664-42ca-ab1f-67b3db250555@no-reply.base44.com","false"
"","","","","If Yes, How many drink tickets / beverages per person?","Admin","","","69c3ec5f99ee9e5b48b1cda1","false","","","Checklist","","Not Acknowledged","8","69c3ec624f743559acbd1b7b","2026-03-25T14:08:34.325000","2026-03-25T14:08:34.325000","service_bdf5b7dc-5664-42ca-ab1f-67b3db250555","service+bdf5b7dc-5664-42ca-ab1f-67b3db250555@no-reply.base44.com","false"
"","","","","Interest in consumption on-site Y or N (Includes: drink tickets)","Admin","","","69c3ec5f99ee9e5b48b1cda1","false","","","Checklist","","Not Acknowledged","7","69c3ec62115656b1ce580402","2026-03-25T14:08:34.065000","2026-03-25T14:08:34.065000","service_bdf5b7dc-5664-42ca-ab1f-67b3db250555","service+bdf5b7dc-5664-42ca-ab1f-67b3db250555@no-reply.base44.com","false"
"","","","","Did we send it to supplier?","Admin","","","69c3ec5f99ee9e5b48b1cda1","false","","","Checklist","","Not Acknowledged","6","69c3ec61816d4b4fa5bad1e6","2026-03-25T14:08:33.787000","2026-03-25T14:08:33.787000","service_bdf5b7dc-5664-42ca-ab1f-67b3db250555","service+bdf5b7dc-5664-42ca-ab1f-67b3db250555@no-reply.base44.com","false"
"","","","","Add Ons: Logo'd aprons, glassware and Cheese board","Admin","","","69c3ec5f99ee9e5b48b1cda1","false","","","Checklist","","Not Acknowledged","5","69c3ec61bab6df87adc96217","2026-03-25T14:08:33.500000","2026-03-25T14:08:33.500000","service_bdf5b7dc-5664-42ca-ab1f-67b3db250555","service+bdf5b7dc-5664-42ca-ab1f-67b3db250555@no-reply.base44.com","false"
"","","","","Participation List - Link","Admin","","","69c3ec5f99ee9e5b48b1cda1","false","","","Checklist","","Not Acknowledged","4","69c3ec615f443e782d356d9b","2026-03-25T14:08:33.203000","2026-03-25T14:08:33.203000","service_bdf5b7dc-5664-42ca-ab1f-67b3db250555","service+bdf5b7dc-5664-42ca-ab1f-67b3db250555@no-reply.base44.com","false"
"","","","","Workflow document","Admin","","","69c3ec5f99ee9e5b48b1cda1","false","","","Checklist","","Not Acknowledged","3","69c3ec60f03442d519155369","2026-03-25T14:08:32.905000","2026-03-25T14:08:32.905000","service_bdf5b7dc-5664-42ca-ab1f-67b3db250555","service+bdf5b7dc-5664-42ca-ab1f-67b3db250555@no-reply.base44.com","false"
"","","","","Is it documented in Fareharbor?","Admin","","","69c3ec5f99ee9e5b48b1cda1","false","","","Checklist","","Not Acknowledged","2","69c3ec60286e6d541b70cec0","2026-03-25T14:08:32.650000","2026-03-25T14:08:32.650000","service_bdf5b7dc-5664-42ca-ab1f-67b3db250555","service+bdf5b7dc-5664-42ca-ab1f-67b3db250555@no-reply.base44.com","false"
"","","","","Did we update in Sales Alert of Slack?","Admin","","","69c3ec5f99ee9e5b48b1cda1","false","","","Checklist","","Not Acknowledged","1","69c3ec6057e55303b058e1fe","2026-03-25T14:08:32.474000","2026-03-25T14:08:32.474000","service_bdf5b7dc-5664-42ca-ab1f-67b3db250555","service+bdf5b7dc-5664-42ca-ab1f-67b3db250555@no-reply.base44.com","false"
"","","","","Has Operation Support confirmed when they are planning on meeting the location and time they are meeting (This can be done preferably by SMS or Email)","Admin","","","69c3eb9099ee9e5b48b1ccb4","false","","","Checklist","","Not Acknowledged","16","69c3eb9414df19e8d3cfe4cf","2026-03-25T14:05:08.333000","2026-03-25T14:05:08.333000","service_bdf5b7dc-5664-42ca-ab1f-67b3db250555","service+bdf5b7dc-5664-42ca-ab1f-67b3db250555@no-reply.base44.com","false"
"","","","","Did we schedule an Internal BEO discussion with the instructor and Event Team Lead?","Admin","","","69c3eb9099ee9e5b48b1ccb4","false","","","Checklist","","Not Acknowledged","15","69c3eb943ff5a511e659330d","2026-03-25T14:05:08.153000","2026-03-25T14:05:08.153000","service_bdf5b7dc-5664-42ca-ab1f-67b3db250555","service+bdf5b7dc-5664-42ca-ab1f-67b3db250555@no-reply.base44.com","false"
"","","","","CC form","Admin","","","69c3eb9099ee9e5b48b1ccb4","false","","","Checklist","","Not Acknowledged","14","69c3eb93bc01a68e833332e7","2026-03-25T14:05:07.888000","2026-03-25T14:05:07.888000","service_bdf5b7dc-5664-42ca-ab1f-67b3db250555","service+bdf5b7dc-5664-42ca-ab1f-67b3db250555@no-reply.base44.com","false"
"","","","","Remaining Balance and Headcount DUE","Admin","","","69c3eb9099ee9e5b48b1ccb4","false","","","Checklist","","Not Acknowledged","13","69c3eb934bc2596aeeaa933e","2026-03-25T14:05:07.729000","2026-03-25T14:05:07.729000","service_bdf5b7dc-5664-42ca-ab1f-67b3db250555","service+bdf5b7dc-5664-42ca-ab1f-67b3db250555@no-reply.base44.com","false"
"","","","","Remaining Balance Invoice Number","Admin","","","69c3eb9099ee9e5b48b1ccb4","false","","","Checklist","","Not Acknowledged","12","69c3eb939914f810582b98ee","2026-03-25T14:05:07.513000","2026-03-25T14:05:07.513000","service_bdf5b7dc-5664-42ca-ab1f-67b3db250555","service+bdf5b7dc-5664-42ca-ab1f-67b3db250555@no-reply.base44.com","false"
"","","","","Did we send an event flow reminder email?","Admin","","","69c3eb9099ee9e5b48b1ccb4","false","","","Checklist","","Not Acknowledged","11","69c3eb93de527e9466662b47","2026-03-25T14:05:07.302000","2026-03-25T14:05:07.302000","service_bdf5b7dc-5664-42ca-ab1f-67b3db250555","service+bdf5b7dc-5664-42ca-ab1f-67b3db250555@no-reply.base44.com","false"
"","","","","Final HC","Admin","","","69c3eb9099ee9e5b48b1ccb4","false","","","Checklist","","Not Acknowledged","10","69c3eb93104f10d8c2fa0623","2026-03-25T14:05:07.096000","2026-03-25T14:05:07.096000","service_bdf5b7dc-5664-42ca-ab1f-67b3db250555","service+bdf5b7dc-5664-42ca-ab1f-67b3db250555@no-reply.base44.com","false"
"","","","","BEO?","Admin","","","69c3eb9099ee9e5b48b1ccb4","false","","","Checklist","","Not Acknowledged","9","69c3eb9215b77981fc5ff547","2026-03-25T14:05:06.932000","2026-03-25T14:05:06.932000","service_bdf5b7dc-5664-42ca-ab1f-67b3db250555","service+bdf5b7dc-5664-42ca-ab1f-67b3db250555@no-reply.base44.com","false"
"","","","","If Yes, How many drink tickets / beverages per person?","Admin","","","69c3eb9099ee9e5b48b1ccb4","false","","","Checklist","","Not Acknowledged","8","69c3eb92cca1395f2bfe4f51","2026-03-25T14:05:06.756000","2026-03-25T14:05:06.756000","service_bdf5b7dc-5664-42ca-ab1f-67b3db250555","service+bdf5b7dc-5664-42ca-ab1f-67b3db250555@no-reply.base44.com","false"
"","","","","Interest in consumption on-site Y or N (Includes: drink tickets)","Admin","","","69c3eb9099ee9e5b48b1ccb4","false","","","Checklist","","Not Acknowledged","7","69c3eb924443bc68dfa7ea0b","2026-03-25T14:05:06.589000","2026-03-25T14:05:06.589000","service_bdf5b7dc-5664-42ca-ab1f-67b3db250555","service+bdf5b7dc-5664-42ca-ab1f-67b3db250555@no-reply.base44.com","false"
"","","","","Did we send it to supplier?","Admin","","","69c3eb9099ee9e5b48b1ccb4","false","","","Checklist","","Not Acknowledged","6","69c3eb92a6955f88b1af8703","2026-03-25T14:05:06.370000","2026-03-25T14:05:06.370000","service_bdf5b7dc-5664-42ca-ab1f-67b3db250555","service+bdf5b7dc-5664-42ca-ab1f-67b3db250555@no-reply.base44.com","false"
"","","","","Add Ons: Logo'd aprons, glassware and Cheese board","Admin","","","69c3eb9099ee9e5b48b1ccb4","false","","","Checklist","","Not Acknowledged","5","69c3eb92cf0a9e1939493ed1","2026-03-25T14:05:06.210000","2026-03-25T14:05:06.210000","service_bdf5b7dc-5664-42ca-ab1f-67b3db250555","service+bdf5b7dc-5664-42ca-ab1f-67b3db250555@no-reply.base44.com","false"
"","","","","Participation List - Link","Admin","","","69c3eb9099ee9e5b48b1ccb4","false","","","Checklist","","Not Acknowledged","4","69c3eb92eec0491fc111b53c","2026-03-25T14:05:06.046000","2026-03-25T14:05:06.046000","service_bdf5b7dc-5664-42ca-ab1f-67b3db250555","service+bdf5b7dc-5664-42ca-ab1f-67b3db250555@no-reply.base44.com","false"
"","","","","Workflow document","Admin","","","69c3eb9099ee9e5b48b1ccb4","false","","","Checklist","","Not Acknowledged","3","69c3eb915bbb99696c9fc784","2026-03-25T14:05:05.840000","2026-03-25T14:05:05.840000","service_bdf5b7dc-5664-42ca-ab1f-67b3db250555","service+bdf5b7dc-5664-42ca-ab1f-67b3db250555@no-reply.base44.com","false"
"","","","","Is it documented in Fareharbor?","Admin","","","69c3eb9099ee9e5b48b1ccb4","false","","","Checklist","","Not Acknowledged","2","69c3eb914b52a5631c77f2a0","2026-03-25T14:05:05.613000","2026-03-25T14:05:05.613000","service_bdf5b7dc-5664-42ca-ab1f-67b3db250555","service+bdf5b7dc-5664-42ca-ab1f-67b3db250555@no-reply.base44.com","false"
"","","","","Did we update in Sales Alert of Slack?","Admin","","","69c3eb9099ee9e5b48b1ccb4","false","","","Checklist","","Not Acknowledged","1","69c3eb91bae798900662a025","2026-03-25T14:05:05.423000","2026-03-25T14:05:05.423000","service_bdf5b7dc-5664-42ca-ab1f-67b3db250555","service+bdf5b7dc-5664-42ca-ab1f-67b3db250555@no-reply.base44.com","false"
"","","","","Has Operation Support confirmed when they are planning on meeting the location and time they are meeting (This can be done preferably by SMS or Email)","Admin","","","69c3c8daf9acd9f1716d39dc","false","","","Checklist","","Not Acknowledged","16","69c3c8de7309b967f255be5d","2026-03-25T11:37:02.467000","2026-03-25T11:37:02.467000","service_bdf5b7dc-5664-42ca-ab1f-67b3db250555","service+bdf5b7dc-5664-42ca-ab1f-67b3db250555@no-reply.base44.com","false"
"","","","","Did we schedule an Internal BEO discussion with the instructor and Event Team Lead?","Admin","","","69c3c8daf9acd9f1716d39dc","false","","","Checklist","","Not Acknowledged","15","69c3c8dea93ac4f9a204132c","2026-03-25T11:37:02.246000","2026-03-25T11:37:02.246000","service_bdf5b7dc-5664-42ca-ab1f-67b3db250555","service+bdf5b7dc-5664-42ca-ab1f-67b3db250555@no-reply.base44.com","false"
"","","","","CC form","Admin","","","69c3c8daf9acd9f1716d39dc","false","","","Checklist","","Not Acknowledged","14","69c3c8de99caa067909d8564","2026-03-25T11:37:02.012000","2026-03-25T11:37:02.012000","service_bdf5b7dc-5664-42ca-ab1f-67b3db250555","service+bdf5b7dc-5664-42ca-ab1f-67b3db250555@no-reply.base44.com","false"
"","","","","Remaining Balance and Headcount DUE","Admin","","","69c3c8daf9acd9f1716d39dc","false","","","Checklist","","Not Acknowledged","13","69c3c8dd99b76fdf5071cbf6","2026-03-25T11:37:01.793000","2026-03-25T11:37:01.793000","service_bdf5b7dc-5664-42ca-ab1f-67b3db250555","service+bdf5b7dc-5664-42ca-ab1f-67b3db250555@no-reply.base44.com","false"
"","","","","Remaining Balance Invoice Number","Admin","","","69c3c8daf9acd9f1716d39dc","false","","","Checklist","","Not Acknowledged","12","69c3c8ddf6dbe9dedd8f9a6b","2026-03-25T11:37:01.591000","2026-03-25T11:37:01.591000","service_bdf5b7dc-5664-42ca-ab1f-67b3db250555","service+bdf5b7dc-5664-42ca-ab1f-67b3db250555@no-reply.base44.com","false"
"","","","","Did we send an event flow reminder email?","Admin","","","69c3c8daf9acd9f1716d39dc","false","","","Checklist","","Not Acknowledged","11","69c3c8dd26aec401a1030dc3","2026-03-25T11:37:01.403000","2026-03-25T11:37:01.403000","service_bdf5b7dc-5664-42ca-ab1f-67b3db250555","service+bdf5b7dc-5664-42ca-ab1f-67b3db250555@no-reply.base44.com","false"
"","","","","Final HC","Admin","","","69c3c8daf9acd9f1716d39dc","false","","","Checklist","","Not Acknowledged","10","69c3c8dd829732377a7f35dd","2026-03-25T11:37:01.177000","2026-03-25T11:37:01.177000","service_bdf5b7dc-5664-42ca-ab1f-67b3db250555","service+bdf5b7dc-5664-42ca-ab1f-67b3db250555@no-reply.base44.com","false"
"","","","","BEO?","Admin","","","69c3c8daf9acd9f1716d39dc","false","","","Checklist","","Not Acknowledged","9","69c3c8dc8444e3b5a70073a7","2026-03-25T11:37:00.966000","2026-03-25T11:37:00.966000","service_bdf5b7dc-5664-42ca-ab1f-67b3db250555","service+bdf5b7dc-5664-42ca-ab1f-67b3db250555@no-reply.base44.com","false"
"","","","","If Yes, How many drink tickets / beverages per person?","Admin","","","69c3c8daf9acd9f1716d39dc","false","","","Checklist","","Not Acknowledged","8","69c3c8dcf6efd602879fd77e","2026-03-25T11:37:00.783000","2026-03-25T11:37:00.783000","service_bdf5b7dc-5664-42ca-ab1f-67b3db250555","service+bdf5b7dc-5664-42ca-ab1f-67b3db250555@no-reply.base44.com","false"
"","","","","Interest in consumption on-site Y or N (Includes: drink tickets)","Admin","","","69c3c8daf9acd9f1716d39dc","false","","","Checklist","","Not Acknowledged","7","69c3c8dc6b75d196071f8c4a","2026-03-25T11:37:00.621000","2026-03-25T11:37:00.621000","service_bdf5b7dc-5664-42ca-ab1f-67b3db250555","service+bdf5b7dc-5664-42ca-ab1f-67b3db250555@no-reply.base44.com","false"
"","","","","Did we send it to supplier?","Admin","","","69c3c8daf9acd9f1716d39dc","false","","","Checklist","","Not Acknowledged","6","69c3c8dc17b1682b30823f06","2026-03-25T11:37:00.313000","2026-03-25T11:37:00.313000","service_bdf5b7dc-5664-42ca-ab1f-67b3db250555","service+bdf5b7dc-5664-42ca-ab1f-67b3db250555@no-reply.base44.com","false"
"","","","","Add Ons: Logo'd aprons, glassware and Cheese board","Admin","","","69c3c8daf9acd9f1716d39dc","false","","","Checklist","","Not Acknowledged","5","69c3c8dc4bd24416b0ae9910","2026-03-25T11:37:00.144000","2026-03-25T11:37:00.144000","service_bdf5b7dc-5664-42ca-ab1f-67b3db250555","service+bdf5b7dc-5664-42ca-ab1f-67b3db250555@no-reply.base44.com","false"
"2026-03-25T12:03:29.386Z","","","","Participation List - Link","Admin","","2026-03-25T12:03:24.762Z","69c3c8daf9acd9f1716d39dc","false","699c69418e04ef1c530e70c1","","Checklist","","Done","4","69c3c8dbf933c27542ca69cd","2026-03-25T11:36:59.990000","2026-03-25T12:02:11.837000","service_bdf5b7dc-5664-42ca-ab1f-67b3db250555","service+bdf5b7dc-5664-42ca-ab1f-67b3db250555@no-reply.base44.com","false"
"2026-03-25T12:03:22.674Z","","","","Workflow document","Admin","","2026-03-25T12:03:20.763Z","69c3c8daf9acd9f1716d39dc","false","699c69418e04ef1c530e70c1","","Checklist","","Done","3","69c3c8dbc4214a3137763067","2026-03-25T11:36:59.691000","2026-03-25T12:02:05.137000","service_bdf5b7dc-5664-42ca-ab1f-67b3db250555","service+bdf5b7dc-5664-42ca-ab1f-67b3db250555@no-reply.base44.com","false"
"2026-03-25T12:03:18.530Z","","","","Is it documented in Fareharbor?","Admin","","2026-03-25T12:03:14.554Z","69c3c8daf9acd9f1716d39dc","false","699c69418e04ef1c530e70c1","","Checklist","","Done","2","69c3c8db05fd1f5de3033c37","2026-03-25T11:36:59.518000","2026-03-25T12:02:01.019000","service_bdf5b7dc-5664-42ca-ab1f-67b3db250555","service+bdf5b7dc-5664-42ca-ab1f-67b3db250555@no-reply.base44.com","false"
"2026-03-25T12:03:12.162Z","","","","Did we update in Sales Alert of Slack?","Admin","","2026-03-25T12:03:08.963Z","69c3c8daf9acd9f1716d39dc","false","699c69418e04ef1c530e70c1","","Checklist","","Done","1","69c3c8dbd273c7407933ab98","2026-03-25T11:36:59.329000","2026-03-25T12:01:54.604000","service_bdf5b7dc-5664-42ca-ab1f-67b3db250555","service+bdf5b7dc-5664-42ca-ab1f-67b3db250555@no-reply.base44.com","false"
"","","","","Has Operation Support confirmed when they are planning on meeting the location and time they are meeting (This can be done preferably by SMS or Email)","Admin","","","69c27263888e3cb13d7f1518","false","","","Checklist","","Not Acknowledged","16","69c272689342c5d60b82cfd7","2026-03-24T11:15:52.358000","2026-03-24T11:15:52.358000","service_bdf5b7dc-5664-42ca-ab1f-67b3db250555","service+bdf5b7dc-5664-42ca-ab1f-67b3db250555@no-reply.base44.com","false"
"","","","","Did we schedule an Internal BEO discussion with the instructor and Event Team Lead?","Admin","","","69c27263888e3cb13d7f1518","false","","","Checklist","","Not Acknowledged","15","69c27268f4193bac330552cd","2026-03-24T11:15:52.099000","2026-03-24T11:15:52.099000","service_bdf5b7dc-5664-42ca-ab1f-67b3db250555","service+bdf5b7dc-5664-42ca-ab1f-67b3db250555@no-reply.base44.com","false"
"","","","","CC form","Admin","","","69c27263888e3cb13d7f1518","false","","","Checklist","","Not Acknowledged","14","69c27267358f5b2eb4448180","2026-03-24T11:15:51.889000","2026-03-24T11:15:51.889000","service_bdf5b7dc-5664-42ca-ab1f-67b3db250555","service+bdf5b7dc-5664-42ca-ab1f-67b3db250555@no-reply.base44.com","false"
"","","","","Remaining Balance and Headcount DUE","Admin","","","69c27263888e3cb13d7f1518","false","","","Checklist","","Not Acknowledged","13","69c272676be8ad059926c37f","2026-03-24T11:15:51.616000","2026-03-24T11:15:51.616000","service_bdf5b7dc-5664-42ca-ab1f-67b3db250555","service+bdf5b7dc-5664-42ca-ab1f-67b3db250555@no-reply.base44.com","false"
"","","","","Remaining Balance Invoice Number","Admin","","","69c27263888e3cb13d7f1518","false","","","Checklist","","Not Acknowledged","12","69c272675dcee2c7a48518c6","2026-03-24T11:15:51.362000","2026-03-24T11:15:51.362000","service_bdf5b7dc-5664-42ca-ab1f-67b3db250555","service+bdf5b7dc-5664-42ca-ab1f-67b3db250555@no-reply.base44.com","false"
"","","","","Did we send an event flow reminder email?","Admin","","","69c27263888e3cb13d7f1518","false","","","Checklist","","Not Acknowledged","11","69c272670708e615fabd2d0b","2026-03-24T11:15:51.179000","2026-03-24T11:15:51.179000","service_bdf5b7dc-5664-42ca-ab1f-67b3db250555","service+bdf5b7dc-5664-42ca-ab1f-67b3db250555@no-reply.base44.com","false"
"","","","","Final HC","Admin","","","69c27263888e3cb13d7f1518","false","","","Checklist","","Not Acknowledged","10","69c272671911df5ea828f8d1","2026-03-24T11:15:51.025000","2026-03-24T11:15:51.025000","service_bdf5b7dc-5664-42ca-ab1f-67b3db250555","service+bdf5b7dc-5664-42ca-ab1f-67b3db250555@no-reply.base44.com","false"
"","","","","BEO?","Admin","","","69c27263888e3cb13d7f1518","false","","","Checklist","","Not Acknowledged","9","69c27266391752ece4255641","2026-03-24T11:15:50.876000","2026-03-24T11:15:50.876000","service_bdf5b7dc-5664-42ca-ab1f-67b3db250555","service+bdf5b7dc-5664-42ca-ab1f-67b3db250555@no-reply.base44.com","false"
"","","","","If Yes, How many drink tickets / beverages per person?","Admin","","","69c27263888e3cb13d7f1518","false","","","Checklist","","Not Acknowledged","8","69c272661b018d84a4eeb8c8","2026-03-24T11:15:50.697000","2026-03-24T11:15:50.697000","service_bdf5b7dc-5664-42ca-ab1f-67b3db250555","service+bdf5b7dc-5664-42ca-ab1f-67b3db250555@no-reply.base44.com","false"
"","","","","Interest in consumption on-site Y or N (Includes: drink tickets)","Admin","","","69c27263888e3cb13d7f1518","false","","","Checklist","","Not Acknowledged","7","69c27266bb49c1cacbced57f","2026-03-24T11:15:50.544000","2026-03-24T11:15:50.544000","service_bdf5b7dc-5664-42ca-ab1f-67b3db250555","service+bdf5b7dc-5664-42ca-ab1f-67b3db250555@no-reply.base44.com","false"
"","","","","Did we send it to supplier?","Admin","","","69c27263888e3cb13d7f1518","false","","","Checklist","","Not Acknowledged","6","69c27266c6d1deaf814d4608","2026-03-24T11:15:50.342000","2026-03-24T11:15:50.342000","service_bdf5b7dc-5664-42ca-ab1f-67b3db250555","service+bdf5b7dc-5664-42ca-ab1f-67b3db250555@no-reply.base44.com","false"
"","","","","Add Ons: Logo'd aprons, glassware and Cheese board","Admin","","","69c27263888e3cb13d7f1518","false","","","Checklist","","Not Acknowledged","5","69c27265824d8da603c4a3a0","2026-03-24T11:15:49.829000","2026-03-24T11:15:49.829000","service_bdf5b7dc-5664-42ca-ab1f-67b3db250555","service+bdf5b7dc-5664-42ca-ab1f-67b3db250555@no-reply.base44.com","false"
"","","","","Participation List - Link","Admin","","","69c27263888e3cb13d7f1518","false","","","Checklist","","Not Acknowledged","4","69c27265b6cb6ca51a157f53","2026-03-24T11:15:49.656000","2026-03-24T11:15:49.656000","service_bdf5b7dc-5664-42ca-ab1f-67b3db250555","service+bdf5b7dc-5664-42ca-ab1f-67b3db250555@no-reply.base44.com","false"
"","","","","Workflow document","Admin","","","69c27263888e3cb13d7f1518","false","","","Checklist","","Not Acknowledged","3","69c27265438cb8bc8b28424d","2026-03-24T11:15:49.404000","2026-03-24T11:15:49.404000","service_bdf5b7dc-5664-42ca-ab1f-67b3db250555","service+bdf5b7dc-5664-42ca-ab1f-67b3db250555@no-reply.base44.com","false"
"","","","","Is it documented in Fareharbor?","Admin","","","69c27263888e3cb13d7f1518","false","","","Checklist","","Not Acknowledged","2","69c27265a7f2899775266ad4","2026-03-24T11:15:49.109000","2026-03-24T11:15:49.109000","service_bdf5b7dc-5664-42ca-ab1f-67b3db250555","service+bdf5b7dc-5664-42ca-ab1f-67b3db250555@no-reply.base44.com","false"
"","","","","Did we update in Sales Alert of Slack?","Admin","","","69c27263888e3cb13d7f1518","false","","","Checklist","","Not Acknowledged","1","69c27264687c5912c8ae4189","2026-03-24T11:15:48.850000","2026-03-24T11:15:48.850000","service_bdf5b7dc-5664-42ca-ab1f-67b3db250555","service+bdf5b7dc-5664-42ca-ab1f-67b3db250555@no-reply.base44.com","false"
"","","","","Has Operation Support confirmed when they are planning on meeting the location and time they are meeting (This can be done preferably by SMS or Email)","Admin","","","69bd6170cc043d006154d898","false","","","Checklist","","Not Acknowledged","16","69bd6175830071f5db326e56","2026-03-20T15:02:13.926000","2026-03-20T15:02:13.926000","service_bdf5b7dc-5664-42ca-ab1f-67b3db250555","service+bdf5b7dc-5664-42ca-ab1f-67b3db250555@no-reply.base44.com","false"
"","","","","Did we schedule an Internal BEO discussion with the instructor and Event Team Lead?","Admin","","","69bd6170cc043d006154d898","false","","","Checklist","","Not Acknowledged","15","69bd617541436cd0e5285aa6","2026-03-20T15:02:13.665000","2026-03-20T15:02:13.665000","service_bdf5b7dc-5664-42ca-ab1f-67b3db250555","service+bdf5b7dc-5664-42ca-ab1f-67b3db250555@no-reply.base44.com","false"
"","","","","CC form","Admin","","","69bd6170cc043d006154d898","false","","","Checklist","","Not Acknowledged","14","69bd6175d20bbdb326aa4c70","2026-03-20T15:02:13.418000","2026-03-20T15:02:13.418000","service_bdf5b7dc-5664-42ca-ab1f-67b3db250555","service+bdf5b7dc-5664-42ca-ab1f-67b3db250555@no-reply.base44.com","false"
"","","","","Remaining Balance and Headcount DUE","Admin","","","69bd6170cc043d006154d898","false","","","Checklist","","Not Acknowledged","13","69bd617555ad21ca2a1f68ab","2026-03-20T15:02:13.191000","2026-03-20T15:02:13.191000","service_bdf5b7dc-5664-42ca-ab1f-67b3db250555","service+bdf5b7dc-5664-42ca-ab1f-67b3db250555@no-reply.base44.com","false"
"","","","","Remaining Balance Invoice Number","Admin","","","69bd6170cc043d006154d898","false","","","Checklist","","Not Acknowledged","12","69bd6174fa9143aa30b4381f","2026-03-20T15:02:12.914000","2026-03-20T15:02:12.914000","service_bdf5b7dc-5664-42ca-ab1f-67b3db250555","service+bdf5b7dc-5664-42ca-ab1f-67b3db250555@no-reply.base44.com","false"
"","","","","Did we send an event flow reminder email?","Admin","","","69bd6170cc043d006154d898","false","","","Checklist","","Not Acknowledged","11","69bd61747e4bd87e212732e0","2026-03-20T15:02:12.683000","2026-03-20T15:02:12.683000","service_bdf5b7dc-5664-42ca-ab1f-67b3db250555","service+bdf5b7dc-5664-42ca-ab1f-67b3db250555@no-reply.base44.com","false"
"","","","","Final HC","Admin","","","69bd6170cc043d006154d898","false","","","Checklist","","Not Acknowledged","10","69bd61747a18f0b4a1b9f96d","2026-03-20T15:02:12.477000","2026-03-20T15:02:12.477000","service_bdf5b7dc-5664-42ca-ab1f-67b3db250555","service+bdf5b7dc-5664-42ca-ab1f-67b3db250555@no-reply.base44.com","false"
"","","","","BEO?","Admin","","","69bd6170cc043d006154d898","false","","","Checklist","","Not Acknowledged","9","69bd6174f26db6a3e63a8580","2026-03-20T15:02:12.251000","2026-03-20T15:02:12.251000","service_bdf5b7dc-5664-42ca-ab1f-67b3db250555","service+bdf5b7dc-5664-42ca-ab1f-67b3db250555@no-reply.base44.com","false"
"","","","","If Yes, How many drink tickets / beverages per person?","Admin","","","69bd6170cc043d006154d898","false","","","Checklist","","Not Acknowledged","8","69bd61741761fd1c2ce303fe","2026-03-20T15:02:12.034000","2026-03-20T15:02:12.034000","service_bdf5b7dc-5664-42ca-ab1f-67b3db250555","service+bdf5b7dc-5664-42ca-ab1f-67b3db250555@no-reply.base44.com","false"
"","","","","Interest in consumption on-site Y or N (Includes: drink tickets)","Admin","","","69bd6170cc043d006154d898","false","","","Checklist","","Not Acknowledged","7","69bd61734668fc02cc15a94f","2026-03-20T15:02:11.785000","2026-03-20T15:02:11.785000","service_bdf5b7dc-5664-42ca-ab1f-67b3db250555","service+bdf5b7dc-5664-42ca-ab1f-67b3db250555@no-reply.base44.com","false"
"","","","","Did we send it to supplier?","Admin","","","69bd6170cc043d006154d898","false","","","Checklist","","Not Acknowledged","6","69bd617373f3e2e5b4a373c2","2026-03-20T15:02:11.570000","2026-03-20T15:02:11.570000","service_bdf5b7dc-5664-42ca-ab1f-67b3db250555","service+bdf5b7dc-5664-42ca-ab1f-67b3db250555@no-reply.base44.com","false"
"","","","","Add Ons: Logo'd aprons, glassware and Cheese board","Admin","","","69bd6170cc043d006154d898","false","","","Checklist","","Not Acknowledged","5","69bd6173a54a225455fa6d6d","2026-03-20T15:02:11.349000","2026-03-20T15:02:11.349000","service_bdf5b7dc-5664-42ca-ab1f-67b3db250555","service+bdf5b7dc-5664-42ca-ab1f-67b3db250555@no-reply.base44.com","false"
"","","","","Participation List - Link","Admin","","","69bd6170cc043d006154d898","false","","","Checklist","","Not Acknowledged","4","69bd6173be1f1a2f32905a2b","2026-03-20T15:02:11.088000","2026-03-20T15:02:11.088000","service_bdf5b7dc-5664-42ca-ab1f-67b3db250555","service+bdf5b7dc-5664-42ca-ab1f-67b3db250555@no-reply.base44.com","false"
"","","","","Workflow document","Admin","","","69bd6170cc043d006154d898","false","","","Checklist","","Not Acknowledged","3","69bd617244827de48e9529a7","2026-03-20T15:02:10.858000","2026-03-20T15:02:10.858000","service_bdf5b7dc-5664-42ca-ab1f-67b3db250555","service+bdf5b7dc-5664-42ca-ab1f-67b3db250555@no-reply.base44.com","false"
"","","","","Is it documented in Fareharbor?","Admin","","","69bd6170cc043d006154d898","false","","","Checklist","","Not Acknowledged","2","69bd61726da0641d817b979f","2026-03-20T15:02:10.601000","2026-03-20T15:02:10.601000","service_bdf5b7dc-5664-42ca-ab1f-67b3db250555","service+bdf5b7dc-5664-42ca-ab1f-67b3db250555@no-reply.base44.com","false"
"","","","","Did we update in Sales Alert of Slack?","Admin","","","69bd6170cc043d006154d898","false","","","Checklist","","Not Acknowledged","1","69bd61728a94fc312831e364","2026-03-20T15:02:10.369000","2026-03-20T15:02:10.369000","service_bdf5b7dc-5664-42ca-ab1f-67b3db250555","service+bdf5b7dc-5664-42ca-ab1f-67b3db250555@no-reply.base44.com","false"
"","","","","Has Operation Support confirmed when they are planning on meeting the location and time they are meeting (This can be done preferably by SMS or Email)","Admin","","","69bc00cf75e13100bab76ba3","false","","","Checklist","","Not Acknowledged","16","69bc00d3ebaf1f3b66f403bd","2026-03-19T13:57:39.766000","2026-03-19T13:57:39.766000","service_bdf5b7dc-5664-42ca-ab1f-67b3db250555","service+bdf5b7dc-5664-42ca-ab1f-67b3db250555@no-reply.base44.com","false"
"","","","","Did we schedule an Internal BEO discussion with the instructor and Event Team Lead?","Admin","","","69bc00cf75e13100bab76ba3","false","","","Checklist","","Not Acknowledged","15","69bc00d3111f4f15db7e00ea","2026-03-19T13:57:39.604000","2026-03-19T13:57:39.604000","service_bdf5b7dc-5664-42ca-ab1f-67b3db250555","service+bdf5b7dc-5664-42ca-ab1f-67b3db250555@no-reply.base44.com","false"
"","","","","CC form","Admin","","","69bc00cf75e13100bab76ba3","false","","","Checklist","","Not Acknowledged","14","69bc00d3c2b41cb9dc62eafe","2026-03-19T13:57:39.424000","2026-03-19T13:57:39.424000","service_bdf5b7dc-5664-42ca-ab1f-67b3db250555","service+bdf5b7dc-5664-42ca-ab1f-67b3db250555@no-reply.base44.com","false"
"","","","","Remaining Balance and Headcount DUE","Admin","","","69bc00cf75e13100bab76ba3","false","","","Checklist","","Not Acknowledged","13","69bc00d3668f0949acc0d1a4","2026-03-19T13:57:39.207000","2026-03-19T13:57:39.207000","service_bdf5b7dc-5664-42ca-ab1f-67b3db250555","service+bdf5b7dc-5664-42ca-ab1f-67b3db250555@no-reply.base44.com","false"
"","","","","Remaining Balance Invoice Number","Admin","","","69bc00cf75e13100bab76ba3","false","","","Checklist","","Not Acknowledged","12","69bc00d2f6f1a20280207fc5","2026-03-19T13:57:38.966000","2026-03-19T13:57:38.966000","service_bdf5b7dc-5664-42ca-ab1f-67b3db250555","service+bdf5b7dc-5664-42ca-ab1f-67b3db250555@no-reply.base44.com","false"
"","","","","Did we send an event flow reminder email?","Admin","","","69bc00cf75e13100bab76ba3","false","","","Checklist","","Not Acknowledged","11","69bc00d2e55757297312ce15","2026-03-19T13:57:38.798000","2026-03-19T13:57:38.798000","service_bdf5b7dc-5664-42ca-ab1f-67b3db250555","service+bdf5b7dc-5664-42ca-ab1f-67b3db250555@no-reply.base44.com","false"
"","","","","Final HC","Admin","","","69bc00cf75e13100bab76ba3","false","","","Checklist","","Not Acknowledged","10","69bc00d245863acf2874912c","2026-03-19T13:57:38.635000","2026-03-19T13:57:38.635000","service_bdf5b7dc-5664-42ca-ab1f-67b3db250555","service+bdf5b7dc-5664-42ca-ab1f-67b3db250555@no-reply.base44.com","false"
"","","","","BEO?","Admin","","","69bc00cf75e13100bab76ba3","false","","","Checklist","","Not Acknowledged","9","69bc00d2a5cc6afe818aeb08","2026-03-19T13:57:38.478000","2026-03-19T13:57:38.478000","service_bdf5b7dc-5664-42ca-ab1f-67b3db250555","service+bdf5b7dc-5664-42ca-ab1f-67b3db250555@no-reply.base44.com","false"
"","","","","If Yes, How many drink tickets / beverages per person?","Admin","","","69bc00cf75e13100bab76ba3","false","","","Checklist","","Not Acknowledged","8","69bc00d22ba8704f8b28ad31","2026-03-19T13:57:38.301000","2026-03-19T13:57:38.301000","service_bdf5b7dc-5664-42ca-ab1f-67b3db250555","service+bdf5b7dc-5664-42ca-ab1f-67b3db250555@no-reply.base44.com","false"
"","","","","Interest in consumption on-site Y or N (Includes: drink tickets)","Admin","","","69bc00cf75e13100bab76ba3","false","","","Checklist","","Not Acknowledged","7","69bc00d266614012a41a616c","2026-03-19T13:57:38.045000","2026-03-19T13:57:38.045000","service_bdf5b7dc-5664-42ca-ab1f-67b3db250555","service+bdf5b7dc-5664-42ca-ab1f-67b3db250555@no-reply.base44.com","false"
"","","","","Did we send it to supplier?","Admin","","","69bc00cf75e13100bab76ba3","false","","","Checklist","","Not Acknowledged","6","69bc00d10049c9e4a92ec74b","2026-03-19T13:57:37.822000","2026-03-19T13:57:37.822000","service_bdf5b7dc-5664-42ca-ab1f-67b3db250555","service+bdf5b7dc-5664-42ca-ab1f-67b3db250555@no-reply.base44.com","false"
"","","","","Add Ons: Logo'd aprons, glassware and Cheese board","Admin","","","69bc00cf75e13100bab76ba3","false","","","Checklist","","Not Acknowledged","5","69bc00d1eca82094744b24ac","2026-03-19T13:57:37.591000","2026-03-19T13:57:37.591000","service_bdf5b7dc-5664-42ca-ab1f-67b3db250555","service+bdf5b7dc-5664-42ca-ab1f-67b3db250555@no-reply.base44.com","false"
"","","","","Participation List - Link","Admin","","","69bc00cf75e13100bab76ba3","false","","","Checklist","","Not Acknowledged","4","69bc00d1eb45f7cd2d5b68eb","2026-03-19T13:57:37.406000","2026-03-19T13:57:37.406000","service_bdf5b7dc-5664-42ca-ab1f-67b3db250555","service+bdf5b7dc-5664-42ca-ab1f-67b3db250555@no-reply.base44.com","false"
"","","","","Workflow document","Admin","","","69bc00cf75e13100bab76ba3","false","","","Checklist","","Not Acknowledged","3","69bc00d138e1bc3c52d41dfe","2026-03-19T13:57:37.236000","2026-03-19T13:57:37.236000","service_bdf5b7dc-5664-42ca-ab1f-67b3db250555","service+bdf5b7dc-5664-42ca-ab1f-67b3db250555@no-reply.base44.com","false"
"","","","","Is it documented in Fareharbor?","Admin","","","69bc00cf75e13100bab76ba3","false","","","Checklist","","Not Acknowledged","2","69bc00d17c5f1a67824def89","2026-03-19T13:57:37.056000","2026-03-19T13:57:37.056000","service_bdf5b7dc-5664-42ca-ab1f-67b3db250555","service+bdf5b7dc-5664-42ca-ab1f-67b3db250555@no-reply.base44.com","false"
"","","","","Did we update in Sales Alert of Slack?","Admin","","","69bc00cf75e13100bab76ba3","false","","","Checklist","","Not Acknowledged","1","69bc00d0492c937e53e618e5","2026-03-19T13:57:36.869000","2026-03-19T13:57:36.869000","service_bdf5b7dc-5664-42ca-ab1f-67b3db250555","service+bdf5b7dc-5664-42ca-ab1f-67b3db250555@no-reply.base44.com","false"
"","","","","Has Operation Support confirmed when they are planning on meeting the location and time they are meeting (This can be done preferably by SMS or Email)","Admin","","","69b2d9f8d4fd9547422a85be","false","","","Checklist","","Not Acknowledged","16","69b2d9fc1e58060a4c9689a8","2026-03-12T15:21:32.608000","2026-03-12T15:21:32.608000","service_bdf5b7dc-5664-42ca-ab1f-67b3db250555","service+bdf5b7dc-5664-42ca-ab1f-67b3db250555@no-reply.base44.com","false"
"","","","","Did we schedule an Internal BEO discussion with the instructor and Event Team Lead?","Admin","","","69b2d9f8d4fd9547422a85be","false","","","Checklist","","Not Acknowledged","15","69b2d9fc2ee0971a4bd3bf5d","2026-03-12T15:21:32.374000","2026-03-12T15:21:32.374000","service_bdf5b7dc-5664-42ca-ab1f-67b3db250555","service+bdf5b7dc-5664-42ca-ab1f-67b3db250555@no-reply.base44.com","false"
"","","","","CC form","Admin","","","69b2d9f8d4fd9547422a85be","false","","","Checklist","","Not Acknowledged","14","69b2d9fc21e8a32629f9fc9b","2026-03-12T15:21:32.221000","2026-03-12T15:21:32.221000","service_bdf5b7dc-5664-42ca-ab1f-67b3db250555","service+bdf5b7dc-5664-42ca-ab1f-67b3db250555@no-reply.base44.com","false"
"","","","","Remaining Balance and Headcount DUE","Admin","","","69b2d9f8d4fd9547422a85be","false","","","Checklist","","Not Acknowledged","13","69b2d9fc105bc22a7016d8b3","2026-03-12T15:21:32.062000","2026-03-12T15:21:32.062000","service_bdf5b7dc-5664-42ca-ab1f-67b3db250555","service+bdf5b7dc-5664-42ca-ab1f-67b3db250555@no-reply.base44.com","false"
"","","","","Remaining Balance Invoice Number","Admin","","","69b2d9f8d4fd9547422a85be","false","","","Checklist","","Not Acknowledged","12","69b2d9fb34d24e08d97f705b","2026-03-12T15:21:31.863000","2026-03-12T15:21:31.863000","service_bdf5b7dc-5664-42ca-ab1f-67b3db250555","service+bdf5b7dc-5664-42ca-ab1f-67b3db250555@no-reply.base44.com","false"
"","","","","Did we send an event flow reminder email?","Admin","","","69b2d9f8d4fd9547422a85be","false","","","Checklist","","Not Acknowledged","11","69b2d9fbc0be99fbc54e9ba6","2026-03-12T15:21:31.632000","2026-03-12T15:21:31.632000","service_bdf5b7dc-5664-42ca-ab1f-67b3db250555","service+bdf5b7dc-5664-42ca-ab1f-67b3db250555@no-reply.base44.com","false"
"","","","","Final HC","Admin","","","69b2d9f8d4fd9547422a85be","false","","","Checklist","","Not Acknowledged","10","69b2d9fbc9c01dfc9cd1d2cd","2026-03-12T15:21:31.378000","2026-03-12T15:21:31.378000","service_bdf5b7dc-5664-42ca-ab1f-67b3db250555","service+bdf5b7dc-5664-42ca-ab1f-67b3db250555@no-reply.base44.com","false"
"","","","","BEO?","Admin","","","69b2d9f8d4fd9547422a85be","false","","","Checklist","","Not Acknowledged","9","69b2d9fb9f2953cecd383580","2026-03-12T15:21:31.109000","2026-03-12T15:21:31.109000","service_bdf5b7dc-5664-42ca-ab1f-67b3db250555","service+bdf5b7dc-5664-42ca-ab1f-67b3db250555@no-reply.base44.com","false"
"","","","","If Yes, How many drink tickets / beverages per person?","Admin","","","69b2d9f8d4fd9547422a85be","false","","","Checklist","","Not Acknowledged","8","69b2d9fae69392796ca0f4eb","2026-03-12T15:21:30.955000","2026-03-12T15:21:30.955000","service_bdf5b7dc-5664-42ca-ab1f-67b3db250555","service+bdf5b7dc-5664-42ca-ab1f-67b3db250555@no-reply.base44.com","false"
"","","","","Interest in consumption on-site Y or N (Includes: drink tickets)","Admin","","","69b2d9f8d4fd9547422a85be","false","","","Checklist","","Not Acknowledged","7","69b2d9fa5e6275bdc936573b","2026-03-12T15:21:30.726000","2026-03-12T15:21:30.726000","service_bdf5b7dc-5664-42ca-ab1f-67b3db250555","service+bdf5b7dc-5664-42ca-ab1f-67b3db250555@no-reply.base44.com","false"
"","","","","Did we send it to supplier?","Admin","","","69b2d9f8d4fd9547422a85be","false","","","Checklist","","Not Acknowledged","6","69b2d9fa251d4d992ddb6aa0","2026-03-12T15:21:30.518000","2026-03-12T15:21:30.518000","service_bdf5b7dc-5664-42ca-ab1f-67b3db250555","service+bdf5b7dc-5664-42ca-ab1f-67b3db250555@no-reply.base44.com","false"
"","","","","Add Ons: Logo'd aprons, glassware and Cheese board","Admin","","","69b2d9f8d4fd9547422a85be","false","","","Checklist","","Not Acknowledged","5","69b2d9fad86a06836bbcda6e","2026-03-12T15:21:30.320000","2026-03-12T15:21:30.320000","service_bdf5b7dc-5664-42ca-ab1f-67b3db250555","service+bdf5b7dc-5664-42ca-ab1f-67b3db250555@no-reply.base44.com","false"
"","","","","Participation List - Link","Admin","","","69b2d9f8d4fd9547422a85be","false","","","Checklist","","Not Acknowledged","4","69b2d9fad5cb3de8d7101341","2026-03-12T15:21:30.113000","2026-03-12T15:21:30.113000","service_bdf5b7dc-5664-42ca-ab1f-67b3db250555","service+bdf5b7dc-5664-42ca-ab1f-67b3db250555@no-reply.base44.com","false"
"","","","","Workflow document","Admin","","","69b2d9f8d4fd9547422a85be","false","","","Checklist","","Not Acknowledged","3","69b2d9f979f6001b43f807cb","2026-03-12T15:21:29.900000","2026-03-12T15:21:29.900000","service_bdf5b7dc-5664-42ca-ab1f-67b3db250555","service+bdf5b7dc-5664-42ca-ab1f-67b3db250555@no-reply.base44.com","false"
"","","","","Is it documented in Fareharbor?","Admin","","","69b2d9f8d4fd9547422a85be","false","","","Checklist","","Not Acknowledged","2","69b2d9f9b5b5221e6a00d865","2026-03-12T15:21:29.740000","2026-03-12T15:21:29.740000","service_bdf5b7dc-5664-42ca-ab1f-67b3db250555","service+bdf5b7dc-5664-42ca-ab1f-67b3db250555@no-reply.base44.com","false"
"2026-03-12T15:22:27.194Z","","","","Did we update in Sales Alert of Slack?","Admin","","2026-03-12T15:22:22.747Z","69b2d9f8d4fd9547422a85be","false","699c69418e04ef1c530e70c1","","Checklist","","Done","1","69b2d9f9455c968bcf49f2fd","2026-03-12T15:21:29.516000","2026-03-12T15:21:45.505000","service_bdf5b7dc-5664-42ca-ab1f-67b3db250555","service+bdf5b7dc-5664-42ca-ab1f-67b3db250555@no-reply.base44.com","false"
"","","","","Has Operation Support confirmed when they are planning on meeting the location and time they are meeting (This can be done preferably by SMS or Email)","Admin","","","69ab086964babec4258c8641","false","","","Checklist","","Not Acknowledged","16","69ab086eb92da6b4d9d8410f","2026-03-06T17:01:34.835000","2026-03-06T17:01:34.835000","service_bdf5b7dc-5664-42ca-ab1f-67b3db250555","service+bdf5b7dc-5664-42ca-ab1f-67b3db250555@no-reply.base44.com","false"
"","","","","Did we schedule an Internal BEO discussion with the instructor and Event Team Lead?","Admin","","","69ab086964babec4258c8641","false","","","Checklist","","Not Acknowledged","15","69ab086eec79ab428d1bb249","2026-03-06T17:01:34.662000","2026-03-06T17:01:34.662000","service_bdf5b7dc-5664-42ca-ab1f-67b3db250555","service+bdf5b7dc-5664-42ca-ab1f-67b3db250555@no-reply.base44.com","false"
"","","","","CC form","Admin","","","69ab086964babec4258c8641","false","","","Checklist","","Not Acknowledged","14","69ab086eaaa700e17c50b32e","2026-03-06T17:01:34.430000","2026-03-06T17:01:34.430000","service_bdf5b7dc-5664-42ca-ab1f-67b3db250555","service+bdf5b7dc-5664-42ca-ab1f-67b3db250555@no-reply.base44.com","false"
"","","","","Remaining Balance and Headcount DUE","Admin","","","69ab086964babec4258c8641","false","","","Checklist","","Not Acknowledged","13","69ab086e91ca646a9926fb7b","2026-03-06T17:01:34.196000","2026-03-06T17:01:34.196000","service_bdf5b7dc-5664-42ca-ab1f-67b3db250555","service+bdf5b7dc-5664-42ca-ab1f-67b3db250555@no-reply.base44.com","false"
"","","","","Remaining Balance Invoice Number","Admin","","","69ab086964babec4258c8641","false","","","Checklist","","Not Acknowledged","12","69ab086ee5a5438fd26454f0","2026-03-06T17:01:34.032000","2026-03-06T17:01:34.032000","service_bdf5b7dc-5664-42ca-ab1f-67b3db250555","service+bdf5b7dc-5664-42ca-ab1f-67b3db250555@no-reply.base44.com","false"
"","","","","Did we send an event flow reminder email?","Admin","","","69ab086964babec4258c8641","false","","","Checklist","","Not Acknowledged","11","69ab086dfe5200e7701f6804","2026-03-06T17:01:33.852000","2026-03-06T17:01:33.852000","service_bdf5b7dc-5664-42ca-ab1f-67b3db250555","service+bdf5b7dc-5664-42ca-ab1f-67b3db250555@no-reply.base44.com","false"
"","","","","Final HC","Admin","","","69ab086964babec4258c8641","false","","","Checklist","","Not Acknowledged","10","69ab086da8d890fa29185502","2026-03-06T17:01:33.637000","2026-03-06T17:01:33.637000","service_bdf5b7dc-5664-42ca-ab1f-67b3db250555","service+bdf5b7dc-5664-42ca-ab1f-67b3db250555@no-reply.base44.com","false"
"","","","","BEO?","Admin","","","69ab086964babec4258c8641","false","","","Checklist","","Not Acknowledged","9","69ab086d827a1135d780e050","2026-03-06T17:01:33.474000","2026-03-06T17:01:33.474000","service_bdf5b7dc-5664-42ca-ab1f-67b3db250555","service+bdf5b7dc-5664-42ca-ab1f-67b3db250555@no-reply.base44.com","false"
"","","","","If Yes, How many drink tickets / beverages per person?","Admin","","","69ab086964babec4258c8641","false","","","Checklist","","Not Acknowledged","8","69ab086d6a47d8ee9e9e86b6","2026-03-06T17:01:33.234000","2026-03-06T17:01:33.234000","service_bdf5b7dc-5664-42ca-ab1f-67b3db250555","service+bdf5b7dc-5664-42ca-ab1f-67b3db250555@no-reply.base44.com","false"
"","","","","Interest in consumption on-site Y or N (Includes: drink tickets)","Admin","","","69ab086964babec4258c8641","false","","","Checklist","","Not Acknowledged","7","69ab086d41d596ef0d87545e","2026-03-06T17:01:33.063000","2026-03-06T17:01:33.063000","service_bdf5b7dc-5664-42ca-ab1f-67b3db250555","service+bdf5b7dc-5664-42ca-ab1f-67b3db250555@no-reply.base44.com","false"
"","","","","Did we send it to supplier?","Admin","","","69ab086964babec4258c8641","false","","","Checklist","","Not Acknowledged","6","69ab086c0fa896f28aa956a5","2026-03-06T17:01:32.853000","2026-03-06T17:01:32.853000","service_bdf5b7dc-5664-42ca-ab1f-67b3db250555","service+bdf5b7dc-5664-42ca-ab1f-67b3db250555@no-reply.base44.com","false"
"","","","","Add Ons: Logo'd aprons, glassware and Cheese board","Admin","","","69ab086964babec4258c8641","false","","","Checklist","","Not Acknowledged","5","69ab086c081b2e8a9ed0d396","2026-03-06T17:01:32.574000","2026-03-06T17:01:32.574000","service_bdf5b7dc-5664-42ca-ab1f-67b3db250555","service+bdf5b7dc-5664-42ca-ab1f-67b3db250555@no-reply.base44.com","false"
"","","","","Participation List - Link","Admin","","","69ab086964babec4258c8641","false","","","Checklist","","Not Acknowledged","4","69ab086c6183c0b8e53f3730","2026-03-06T17:01:32.300000","2026-03-06T17:01:32.300000","service_bdf5b7dc-5664-42ca-ab1f-67b3db250555","service+bdf5b7dc-5664-42ca-ab1f-67b3db250555@no-reply.base44.com","false"
"","","","","Workflow document","Admin","","2026-03-06T17:39:34.457Z","69ab086964babec4258c8641","false","699c69418e04ef1c530e70c1","","Checklist","","Working On It","3","69ab086cabdd4e2b2527773c","2026-03-06T17:01:32.087000","2026-03-06T17:39:09.759000","service_bdf5b7dc-5664-42ca-ab1f-67b3db250555","service+bdf5b7dc-5664-42ca-ab1f-67b3db250555@no-reply.base44.com","false"
"2026-03-06T17:39:30.729Z","","","","Is it documented in Fareharbor?","Admin","","2026-03-06T17:39:28.730Z","69ab086964babec4258c8641","false","699c69418e04ef1c530e70c1","","Checklist","","Done","2","69ab086b2941a06bc39498ca","2026-03-06T17:01:31.821000","2026-03-06T17:39:06.029000","service_bdf5b7dc-5664-42ca-ab1f-67b3db250555","service+bdf5b7dc-5664-42ca-ab1f-67b3db250555@no-reply.base44.com","false"
"2026-03-06T17:39:24.961Z","","","","Did we update in Sales Alert of Slack?","Admin","","2026-03-06T17:39:23.418Z","69ab086964babec4258c8641","false","699c69418e04ef1c530e70c1","","Checklist","","Done","1","69ab086b25df5daf1aba8960","2026-03-06T17:01:31.612000","2026-03-06T17:39:00.291000","service_bdf5b7dc-5664-42ca-ab1f-67b3db250555","service+bdf5b7dc-5664-42ca-ab1f-67b3db250555@no-reply.base44.com","false"
"2026-04-29T11:31:54.974Z","","2026-03-11T21:30:00.000Z","","CEO follow-up (if VIP or high-value client)","Admin","","2026-03-06T16:56:32.877Z","69a02cbcbe9869e8accd9631","false","699c69418e04ef1c530e70c1","","Post-Event","","Done","","69ab074165c7905567b2fa0c","2026-03-06T16:56:33.132000","2026-04-29T11:30:49.344000","service_bdf5b7dc-5664-42ca-ab1f-67b3db250555","service+bdf5b7dc-5664-42ca-ab1f-67b3db250555@no-reply.base44.com","false"
"2026-04-29T11:31:58.558Z","","2026-03-09T21:30:00.000Z","","Document P&L (labor, supplies, venue fees)","Admin","","2026-03-06T16:56:32.629Z","69a02cbcbe9869e8accd9631","false","699c69418e04ef1c530e70c1","","Post-Event","","Done","","69ab07402201a781fb05b8b4","2026-03-06T16:56:32.839000","2026-04-29T11:30:52.932000","service_bdf5b7dc-5664-42ca-ab1f-67b3db250555","service+bdf5b7dc-5664-42ca-ab1f-67b3db250555@no-reply.base44.com","false"
"","","2026-03-07T21:30:00.000Z","","Staff submit hours and invoices","Event Host","","","69a02cbcbe9869e8accd9631","false","","","Post-Event","","Not Acknowledged","","69ab0740e220c5a50549c2c5","2026-03-06T16:56:32.552000","2026-03-06T16:56:32.552000","service_bdf5b7dc-5664-42ca-ab1f-67b3db250555","service+bdf5b7dc-5664-42ca-ab1f-67b3db250555@no-reply.base44.com","false"
"","","2026-03-06T21:30:00.000Z","","Request referrals and LinkedIn connections","Sales","","","69a02cbcbe9869e8accd9631","false","","","Post-Event","","Not Acknowledged","","69ab074041d596ef0d8753f2","2026-03-06T16:56:32.313000","2026-03-06T16:56:32.313000","service_bdf5b7dc-5664-42ca-ab1f-67b3db250555","service+bdf5b7dc-5664-42ca-ab1f-67b3db250555@no-reply.base44.com","false"
"2026-07-02T16:06:56.335Z","","2026-03-05T21:30:00.000Z","","Send follow-up email with photos","Sales","","2026-07-02T16:06:52.783Z","69a02cbcbe9869e8accd9631","false","699c69418e04ef1c530e70c1","","Post-Event","","Done","","69ab074060abdd9b8e7c71c8","2026-03-06T16:56:32.041000","2026-07-02T16:06:55.446000","service_bdf5b7dc-5664-42ca-ab1f-67b3db250555","service+bdf5b7dc-5664-42ca-ab1f-67b3db250555@no-reply.base44.com","false"
"2026-07-02T16:07:02.294Z","","2026-03-05T21:30:00.000Z","","Collect and upload photos to Drive","Ops","","2026-07-02T16:06:59.263Z","69a02cbcbe9869e8accd9631","false","699c69418e04ef1c530e70c1","","Post-Event","","Done","","69ab073fef54a5fa0869a772","2026-03-06T16:56:31.780000","2026-07-02T16:07:01.395000","service_bdf5b7dc-5664-42ca-ab1f-67b3db250555","service+bdf5b7dc-5664-42ca-ab1f-67b3db250555@no-reply.base44.com","false"
"","","2026-03-04T21:30:00.000Z","","Ensure all materials and supplies are ready","Ops","","","69a02cbcbe9869e8accd9631","false","","","Event-Day","","Not Acknowledged","","69ab073f4cd2f150382900ab","2026-03-06T16:56:31.502000","2026-03-06T16:56:31.502000","service_bdf5b7dc-5664-42ca-ab1f-67b3db250555","service+bdf5b7dc-5664-42ca-ab1f-67b3db250555@no-reply.base44.com","false"
"","","2026-03-04T21:30:00.000Z","","Take photos and upload to digital database","Ops","","","69a02cbcbe9869e8accd9631","false","","","Event-Day","","Not Acknowledged","","69ab073f77f0346566a01580","2026-03-06T16:56:31.207000","2026-03-06T16:56:31.207000","service_bdf5b7dc-5664-42ca-ab1f-67b3db250555","service+bdf5b7dc-5664-42ca-ab1f-67b3db250555@no-reply.base44.com","false"
"","","2026-03-04T21:30:00.000Z","","Track drinks/food consumption","Ops","","","69a02cbcbe9869e8accd9631","false","","","Event-Day","","Not Acknowledged","","69ab073e02e4bb1133818b51","2026-03-06T16:56:30.954000","2026-03-06T16:56:30.954000","service_bdf5b7dc-5664-42ca-ab1f-67b3db250555","service+bdf5b7dc-5664-42ca-ab1f-67b3db250555@no-reply.base44.com","false"
"","","2026-03-04T21:30:00.000Z","","Instructor/Guide executes content","Event Host","","","69a02cbcbe9869e8accd9631","false","","","Event-Day","","Not Acknowledged","","69ab073ee191e9b670af0906","2026-03-06T16:56:30.780000","2026-03-06T16:56:30.780000","service_bdf5b7dc-5664-42ca-ab1f-67b3db250555","service+bdf5b7dc-5664-42ca-ab1f-67b3db250555@no-reply.base44.com","false"
"","","2026-03-04T21:30:00.000Z","","Host manages flow of event","Event Host","","","69a02cbcbe9869e8accd9631","false","","","Event-Day","","Not Acknowledged","","69ab073e3a7b213fb7dce741","2026-03-06T16:56:30.529000","2026-03-06T16:56:30.529000","service_bdf5b7dc-5664-42ca-ab1f-67b3db250555","service+bdf5b7dc-5664-42ca-ab1f-67b3db250555@no-reply.base44.com","false"
"","","2026-02-18T21:30:00.000Z","","Reserve loading dock and confirm venue access","Ops","","","69a02cbcbe9869e8accd9631","false","","","Pre-Event","","Not Acknowledged","","69ab073e022491ab406998f3","2026-03-06T16:56:30.301000","2026-03-06T16:56:30.301000","service_bdf5b7dc-5664-42ca-ab1f-67b3db250555","service+bdf5b7dc-5664-42ca-ab1f-67b3db250555@no-reply.base44.com","false"
"","","2026-02-18T21:30:00.000Z","","Order cocktail supplies (Sterno, cups, ingredients)","Ops","","","69a02cbcbe9869e8accd9631","false","","","Pre-Event","","Not Acknowledged","","69ab073e557db872ae13636d","2026-03-06T16:56:30.027000","2026-03-06T16:56:30.027000","service_bdf5b7dc-5664-42ca-ab1f-67b3db250555","service+bdf5b7dc-5664-42ca-ab1f-67b3db250555@no-reply.base44.com","false"
"","","2026-02-11T21:30:00.000Z","","Confirm cocktail ingredients and alcohol preferences","Ops","","","69a02cbcbe9869e8accd9631","false","","","Pre-Event","","Not Acknowledged","","69ab073d90623b4c9049d736","2026-03-06T16:56:29.789000","2026-03-06T16:56:29.789000","service_bdf5b7dc-5664-42ca-ab1f-67b3db250555","service+bdf5b7dc-5664-42ca-ab1f-67b3db250555@no-reply.base44.com","false"
"2026-04-29T11:32:09.568Z","","2026-03-02T21:30:00.000Z","","Hold pre-event staff call to review workflow","Admin","","2026-03-06T16:56:29.378Z","69a02cbcbe9869e8accd9631","false","699c69418e04ef1c530e70c1","","Pre-Event","","Done","","69ab073d36f4275d06ea030f","2026-03-06T16:56:29.557000","2026-04-29T11:31:04.023000","service_bdf5b7dc-5664-42ca-ab1f-67b3db250555","service+bdf5b7dc-5664-42ca-ab1f-67b3db250555@no-reply.base44.com","false"
"","","2026-03-01T21:30:00.000Z","","Triple-check inventory and order any missing items","Ops","","","69a02cbcbe9869e8accd9631","false","","","Pre-Event","","Not Acknowledged","","69ab073d075b0129d5313cd3","2026-03-06T16:56:29.344000","2026-03-06T16:56:29.344000","service_bdf5b7dc-5664-42ca-ab1f-67b3db250555","service+bdf5b7dc-5664-42ca-ab1f-67b3db250555@no-reply.base44.com","false"
"","","2026-03-01T21:30:00.000Z","","Send BEO to all assigned staff","Ops","","","69a02cbcbe9869e8accd9631","false","","","Pre-Event","","Not Acknowledged","","69ab073d07c887d4bd5cf10b","2026-03-06T16:56:29.098000","2026-03-06T16:56:29.098000","service_bdf5b7dc-5664-42ca-ab1f-67b3db250555","service+bdf5b7dc-5664-42ca-ab1f-67b3db250555@no-reply.base44.com","false"
"2026-07-02T16:07:29.623Z","","2026-02-25T21:30:00.000Z","","Confirm number of attendees","Sales","","2026-07-02T16:07:27.166Z","69a02cbcbe9869e8accd9631","false","699c69418e04ef1c530e70c1","","Pre-Event","","Done","","69ab073cc9d37828ce58ac4b","2026-03-06T16:56:28.859000","2026-07-02T16:07:28.739000","service_bdf5b7dc-5664-42ca-ab1f-67b3db250555","service+bdf5b7dc-5664-42ca-ab1f-67b3db250555@no-reply.base44.com","false"
"2026-07-02T16:07:35.454Z","","2026-02-18T21:30:00.000Z","","Finalize client details (time, date, location)","Sales","","2026-07-02T16:07:31.398Z","69a02cbcbe9869e8accd9631","false","699c69418e04ef1c530e70c1","","Pre-Event","","Done","","69ab073c64babec4258c856f","2026-03-06T16:56:28.668000","2026-07-02T16:07:34.566000","service_bdf5b7dc-5664-42ca-ab1f-67b3db250555","service+bdf5b7dc-5664-42ca-ab1f-67b3db250555@no-reply.base44.com","false"
"","","2026-02-11T21:30:00.000Z","","Confirm staff availability within 48 hours","Ops","","","69a02cbcbe9869e8accd9631","false","","","Pre-Event","","Not Acknowledged","","69ab073c43bc3f5e9b9e8255","2026-03-06T16:56:28.477000","2026-03-06T16:56:28.477000","service_bdf5b7dc-5664-42ca-ab1f-67b3db250555","service+bdf5b7dc-5664-42ca-ab1f-67b3db250555@no-reply.base44.com","false"
"2026-04-29T11:32:19.102Z","","2026-02-11T21:30:00.000Z","","Assign Instructor/Guide/Host","Admin","","2026-03-06T16:56:28.089Z","69a02cbcbe9869e8accd9631","false","699c69418e04ef1c530e70c1","","Pre-Event","","Done","","69ab073c303e803f3cb1fc0a","2026-03-06T16:56:28.218000","2026-04-29T11:31:13.470000","service_bdf5b7dc-5664-42ca-ab1f-67b3db250555","service+bdf5b7dc-5664-42ca-ab1f-67b3db250555@no-reply.base44.com","false"
"","","2023-06-09T21:30:00.000Z","","Create BEO shell in shared drive","Ops","","","69a02cbcbe9869e8accd9631","false","","","Upon Deposit","","Not Acknowledged","","69ab073c53776bb3a2a9066f","2026-03-06T16:56:28.054000","2026-03-06T16:56:28.054000","service_bdf5b7dc-5664-42ca-ab1f-67b3db250555","service+bdf5b7dc-5664-42ca-ab1f-67b3db250555@no-reply.base44.com","false"
"","","2023-06-09T21:30:00.000Z","","Confirm deposit received and create Fareharbor item","Sales","","","69a02cbcbe9869e8accd9631","false","","","Upon Deposit","","Not Acknowledged","","69ab073bf1d302c213b59764","2026-03-06T16:56:27.818000","2026-03-06T16:56:27.818000","service_bdf5b7dc-5664-42ca-ab1f-67b3db250555","service+bdf5b7dc-5664-42ca-ab1f-67b3db250555@no-reply.base44.com","false"
"","","","","Has Operation Support confirmed when they are planning on meeting the location and time they are meeting (This can be done preferably by SMS or Email)","Admin","","","69ab063826c6e82433f62843","false","","","Checklist","","Not Acknowledged","16","69ab063d38aea5de5cd128d7","2026-03-06T16:52:13.762000","2026-03-06T16:52:13.762000","service_bdf5b7dc-5664-42ca-ab1f-67b3db250555","service+bdf5b7dc-5664-42ca-ab1f-67b3db250555@no-reply.base44.com","false"
"","","","","Did we schedule an Internal BEO discussion with the instructor and Event Team Lead?","Admin","","","69ab063826c6e82433f62843","false","","","Checklist","","Not Acknowledged","15","69ab063da7c5b556087fd467","2026-03-06T16:52:13.593000","2026-03-06T16:52:13.593000","service_bdf5b7dc-5664-42ca-ab1f-67b3db250555","service+bdf5b7dc-5664-42ca-ab1f-67b3db250555@no-reply.base44.com","false"
"","","","","CC form","Admin","","","69ab063826c6e82433f62843","false","","","Checklist","","Not Acknowledged","14","69ab063d23aa0794af8b0b57","2026-03-06T16:52:13.405000","2026-03-06T16:52:13.405000","service_bdf5b7dc-5664-42ca-ab1f-67b3db250555","service+bdf5b7dc-5664-42ca-ab1f-67b3db250555@no-reply.base44.com","false"
"","","","","Remaining Balance and Headcount DUE","Admin","","2026-03-06T16:55:45.079Z","69ab063826c6e82433f62843","false","699c69418e04ef1c530e70c1","","Checklist","","Working On It","13","69ab063de3632ec5e9a65eb8","2026-03-06T16:52:13.197000","2026-03-06T16:55:20.418000","service_bdf5b7dc-5664-42ca-ab1f-67b3db250555","service+bdf5b7dc-5664-42ca-ab1f-67b3db250555@no-reply.base44.com","false"
"","","","","Remaining Balance Invoice Number","Admin","","2026-03-06T16:55:26.456Z","69ab063826c6e82433f62843","false","699c69418e04ef1c530e70c1","","Checklist","","Working On It","12","69ab063ce7c2acbab10e9d1f","2026-03-06T16:52:12.985000","2026-03-06T16:55:01.829000","service_bdf5b7dc-5664-42ca-ab1f-67b3db250555","service+bdf5b7dc-5664-42ca-ab1f-67b3db250555@no-reply.base44.com","false"
"","","","","Did we send an event flow reminder email?","Admin","","","69ab063826c6e82433f62843","false","","","Checklist","","Not Acknowledged","11","69ab063cfa12170d550ce9bb","2026-03-06T16:52:12.738000","2026-03-06T16:52:12.738000","service_bdf5b7dc-5664-42ca-ab1f-67b3db250555","service+bdf5b7dc-5664-42ca-ab1f-67b3db250555@no-reply.base44.com","false"
"2026-03-06T16:55:07.944Z","","","","Final HC","Admin","","2026-03-06T16:54:57.968Z","69ab063826c6e82433f62843","false","699c69418e04ef1c530e70c1","","Checklist","https://docs.google.com/spreadsheets/d/15LkbVx5gFfkQIXUrREruSS_YnFS9pa3nQhHG7bstEUo/edit?gid=0#gid=0","Done","10","69ab063c825320e656c61629","2026-03-06T16:52:12.499000","2026-03-06T16:54:43.267000","service_bdf5b7dc-5664-42ca-ab1f-67b3db250555","service+bdf5b7dc-5664-42ca-ab1f-67b3db250555@no-reply.base44.com","false"
"","","","","BEO?","Admin","","","69ab063826c6e82433f62843","false","","","Checklist","","Not Acknowledged","9","69ab063c934d28f071a5cef2","2026-03-06T16:52:12.269000","2026-03-06T16:52:12.269000","service_bdf5b7dc-5664-42ca-ab1f-67b3db250555","service+bdf5b7dc-5664-42ca-ab1f-67b3db250555@no-reply.base44.com","false"
"","","","","If Yes, How many drink tickets / beverages per person?","Admin","","","69ab063826c6e82433f62843","false","","","Checklist","","Not Acknowledged","8","69ab063ccc33cb45a66a922d","2026-03-06T16:52:12.060000","2026-03-06T16:52:12.060000","service_bdf5b7dc-5664-42ca-ab1f-67b3db250555","service+bdf5b7dc-5664-42ca-ab1f-67b3db250555@no-reply.base44.com","false"
"","","","","Interest in consumption on-site Y or N (Includes: drink tickets)","Admin","","","69ab063826c6e82433f62843","false","","","Checklist","","Not Acknowledged","7","69ab063b23cd5e44a865e4fb","2026-03-06T16:52:11.773000","2026-03-06T16:52:11.773000","service_bdf5b7dc-5664-42ca-ab1f-67b3db250555","service+bdf5b7dc-5664-42ca-ab1f-67b3db250555@no-reply.base44.com","false"
"","","","","Did we send it to supplier?","Admin","","","69ab063826c6e82433f62843","false","","","Checklist","","Not Acknowledged","6","69ab063b99a7a8647127c198","2026-03-06T16:52:11.529000","2026-03-06T16:52:11.529000","service_bdf5b7dc-5664-42ca-ab1f-67b3db250555","service+bdf5b7dc-5664-42ca-ab1f-67b3db250555@no-reply.base44.com","false"
"","","","","Add Ons: Logo'd aprons, glassware and Cheese board","Admin","","","69ab063826c6e82433f62843","false","","","Checklist","","Not Acknowledged","5","69ab063be3a6e19121d79d88","2026-03-06T16:52:11.293000","2026-03-06T16:52:11.293000","service_bdf5b7dc-5664-42ca-ab1f-67b3db250555","service+bdf5b7dc-5664-42ca-ab1f-67b3db250555@no-reply.base44.com","false"
"2026-03-06T16:53:32.287Z","","","","Participation List - Link","Admin","","2026-03-06T16:53:05.423Z","69ab063826c6e82433f62843","false","699c69418e04ef1c530e70c1","","Checklist","https://docs.google.com/spreadsheets/d/15LkbVx5gFfkQIXUrREruSS_YnFS9pa3nQhHG7bstEUo/edit?usp=sharing","Done","4","69ab063b172b53b8c207a57e","2026-03-06T16:52:11.077000","2026-03-06T16:53:07.611000","service_bdf5b7dc-5664-42ca-ab1f-67b3db250555","service+bdf5b7dc-5664-42ca-ab1f-67b3db250555@no-reply.base44.com","false"
"2026-03-06T16:53:01.735Z","","","","Workflow document","Admin","","2026-03-06T16:52:58.047Z","69ab063826c6e82433f62843","false","699c69418e04ef1c530e70c1","","Checklist","","Done","3","69ab063ae614a3c3f1de9b23","2026-03-06T16:52:10.857000","2026-03-06T16:52:37.054000","service_bdf5b7dc-5664-42ca-ab1f-67b3db250555","service+bdf5b7dc-5664-42ca-ab1f-67b3db250555@no-reply.base44.com","false"
"2026-03-06T16:52:59.207Z","","","","Is it documented in Fareharbor?","Admin","","2026-03-06T16:52:49.912Z","69ab063826c6e82433f62843","false","699c69418e04ef1c530e70c1","","Checklist","","Done","2","69ab063acdc4ee3fa4137c62","2026-03-06T16:52:10.677000","2026-03-06T16:52:34.540000","service_bdf5b7dc-5664-42ca-ab1f-67b3db250555","service+bdf5b7dc-5664-42ca-ab1f-67b3db250555@no-reply.base44.com","false"
"2026-03-06T16:52:45.440Z","","","","Did we update in Sales Alert of Slack?","Admin","","2026-03-06T16:52:42.207Z","69ab063826c6e82433f62843","false","699c69418e04ef1c530e70c1","","Checklist","","Done","1","69ab063aad7cfc716dedc017","2026-03-06T16:52:10.425000","2026-03-06T16:52:20.761000","service_bdf5b7dc-5664-42ca-ab1f-67b3db250555","service+bdf5b7dc-5664-42ca-ab1f-67b3db250555@no-reply.base44.com","false"
"","","","","Has Operation Support confirmed when they are planning on meeting the location and time they are meeting (This can be done preferably by SMS or Email)","Admin","","","69a02cbcbe9869e8accd9631","false","","","Checklist","","Not Acknowledged","16","69a02cc1f2f6f3450330ad62","2026-02-26T11:21:37.633000","2026-02-26T11:21:37.633000","service_bdf5b7dc-5664-42ca-ab1f-67b3db250555","service+bdf5b7dc-5664-42ca-ab1f-67b3db250555@no-reply.base44.com","false"
"","","","","Did we schedule an Internal BEO discussion with the instructor and Event Team Lead?","Admin","","","69a02cbcbe9869e8accd9631","false","","","Checklist","","Not Acknowledged","15","69a02cc1e2b2ecb1fd9b5d6b","2026-02-26T11:21:37.420000","2026-02-26T11:21:37.420000","service_bdf5b7dc-5664-42ca-ab1f-67b3db250555","service+bdf5b7dc-5664-42ca-ab1f-67b3db250555@no-reply.base44.com","false"
"","","","","CC form","Admin","","","69a02cbcbe9869e8accd9631","false","","","Checklist","","Not Acknowledged","14","69a02cc11eda828fa8cc25b9","2026-02-26T11:21:37.209000","2026-02-26T11:21:37.209000","service_bdf5b7dc-5664-42ca-ab1f-67b3db250555","service+bdf5b7dc-5664-42ca-ab1f-67b3db250555@no-reply.base44.com","false"
"","","","","Remaining Balance and Headcount DUE","Admin","","","69a02cbcbe9869e8accd9631","false","","","Checklist","","Not Acknowledged","13","69a02cc14884d117bb0d3032","2026-02-26T11:21:37.048000","2026-02-26T11:21:37.048000","service_bdf5b7dc-5664-42ca-ab1f-67b3db250555","service+bdf5b7dc-5664-42ca-ab1f-67b3db250555@no-reply.base44.com","false"
"","","","","Remaining Balance Invoice Number","Admin","","","69a02cbcbe9869e8accd9631","false","","","Checklist","","Not Acknowledged","12","69a02cc02101b30b39cf54cb","2026-02-26T11:21:36.829000","2026-02-26T11:21:36.829000","service_bdf5b7dc-5664-42ca-ab1f-67b3db250555","service+bdf5b7dc-5664-42ca-ab1f-67b3db250555@no-reply.base44.com","false"
"","","","","Did we send an event flow reminder email?","Admin","","","69a02cbcbe9869e8accd9631","false","","","Checklist","","Not Acknowledged","11","69a02cc0db5a1c9d2f609268","2026-02-26T11:21:36.676000","2026-02-26T11:21:36.676000","service_bdf5b7dc-5664-42ca-ab1f-67b3db250555","service+bdf5b7dc-5664-42ca-ab1f-67b3db250555@no-reply.base44.com","false"
"","","","","Final HC","Admin","","","69a02cbcbe9869e8accd9631","false","","","Checklist","","Not Acknowledged","10","69a02cc0eea16758ea3f0bde","2026-02-26T11:21:36.453000","2026-02-26T11:21:36.453000","service_bdf5b7dc-5664-42ca-ab1f-67b3db250555","service+bdf5b7dc-5664-42ca-ab1f-67b3db250555@no-reply.base44.com","false"
"","","","","BEO?","Admin","","","69a02cbcbe9869e8accd9631","false","","","Checklist","","Not Acknowledged","9","69a02cc074683196264015de","2026-02-26T11:21:36.251000","2026-02-26T11:21:36.251000","service_bdf5b7dc-5664-42ca-ab1f-67b3db250555","service+bdf5b7dc-5664-42ca-ab1f-67b3db250555@no-reply.base44.com","false"
"","","","","If Yes, How many drink tickets / beverages per person?","Admin","","2026-02-26T11:22:35.110Z","69a02cbcbe9869e8accd9631","false","699c69418e04ef1c530e70c1","","Checklist","3 drinks","Working On It","8","69a02cbf340af0d79c804101","2026-02-26T11:21:35.996000","2026-02-26T11:22:39.721000","service_bdf5b7dc-5664-42ca-ab1f-67b3db250555","service+bdf5b7dc-5664-42ca-ab1f-67b3db250555@no-reply.base44.com","false"
"","","","","Interest in consumption on-site Y or N (Includes: drink tickets)","Admin","","","69a02cbcbe9869e8accd9631","false","","","Checklist","","Not Acknowledged","7","69a02cbfed7320db98625459","2026-02-26T11:21:35.847000","2026-02-26T11:21:35.847000","service_bdf5b7dc-5664-42ca-ab1f-67b3db250555","service+bdf5b7dc-5664-42ca-ab1f-67b3db250555@no-reply.base44.com","false"
"","","","","Did we send it to supplier?","Admin","","","69a02cbcbe9869e8accd9631","false","","","Checklist","","Not Acknowledged","6","69a02cbf7e4f2ebd7d276729","2026-02-26T11:21:35.599000","2026-02-26T11:21:35.599000","service_bdf5b7dc-5664-42ca-ab1f-67b3db250555","service+bdf5b7dc-5664-42ca-ab1f-67b3db250555@no-reply.base44.com","false"
"2026-02-26T11:22:28.126Z","","","","Add Ons: Logo'd aprons, glassware and Cheese board","Admin","","2026-02-26T11:22:26.277Z","69a02cbcbe9869e8accd9631","false","699c69418e04ef1c530e70c1","","Checklist","","Done","5","69a02cbfc260b77c40e9271d","2026-02-26T11:21:35.357000","2026-02-26T11:22:23.831000","service_bdf5b7dc-5664-42ca-ab1f-67b3db250555","service+bdf5b7dc-5664-42ca-ab1f-67b3db250555@no-reply.base44.com","false"
"","","","","Participation List - Link","Admin","","","69a02cbcbe9869e8accd9631","false","","","Checklist","","Not Acknowledged","4","69a02cbf5419ba44113af3aa","2026-02-26T11:21:35.122000","2026-02-26T11:21:35.122000","service_bdf5b7dc-5664-42ca-ab1f-67b3db250555","service+bdf5b7dc-5664-42ca-ab1f-67b3db250555@no-reply.base44.com","false"
"2026-02-26T11:22:23.317Z","","","","Workflow document","Admin","","2026-02-26T11:22:21.766Z","69a02cbcbe9869e8accd9631","false","699c69418e04ef1c530e70c1","","Checklist","","Done","3","69a02cbe36383a9e89826cb2","2026-02-26T11:21:34.186000","2026-02-26T11:22:19.021000","service_bdf5b7dc-5664-42ca-ab1f-67b3db250555","service+bdf5b7dc-5664-42ca-ab1f-67b3db250555@no-reply.base44.com","false"
"2026-02-26T11:22:17.469Z","","","","Is it documented in Fareharbor?","Admin","","2026-02-26T11:22:15.478Z","69a02cbcbe9869e8accd9631","false","699c69418e04ef1c530e70c1","","Checklist","","Done","2","69a02cbe161365a2df8b5f9f","2026-02-26T11:21:34.034000","2026-02-26T11:22:13.178000","service_bdf5b7dc-5664-42ca-ab1f-67b3db250555","service+bdf5b7dc-5664-42ca-ab1f-67b3db250555@no-reply.base44.com","false"
"2026-02-26T11:22:12.718Z","","","","Did we update in Sales Alert of Slack?","Admin","","2026-02-26T11:22:08.494Z","69a02cbcbe9869e8accd9631","false","699c69418e04ef1c530e70c1","","Checklist","","Done","1","69a02cbd5a5cd25cfb141a0d","2026-02-26T11:21:33.809000","2026-02-26T11:22:08.428000","service_bdf5b7dc-5664-42ca-ab1f-67b3db250555","service+bdf5b7dc-5664-42ca-ab1f-67b3db250555@no-reply.base44.com","false"
"","","","","Has Operation Support confirmed when they are planning on meeting the location and time they are meeting (This can be done preferably by SMS or Email)","Admin","","","699f16dc09dc28e3272112dc","false","","","Checklist","","Not Acknowledged","16","699f16df8ff75d177ffea726","2026-02-25T15:35:59.965000","2026-02-25T15:35:59.965000","service_bdf5b7dc-5664-42ca-ab1f-67b3db250555","service+bdf5b7dc-5664-42ca-ab1f-67b3db250555@no-reply.base44.com","false"
"","","","","Did we schedule an Internal BEO discussion with the instructor and Event Team Lead?","Admin","","","699f16dc09dc28e3272112dc","false","","","Checklist","","Not Acknowledged","15","699f16df0ccb594ac7ddc061","2026-02-25T15:35:59.771000","2026-02-25T15:35:59.771000","service_bdf5b7dc-5664-42ca-ab1f-67b3db250555","service+bdf5b7dc-5664-42ca-ab1f-67b3db250555@no-reply.base44.com","false"
"","","","","CC form","Admin","","","699f16dc09dc28e3272112dc","false","","","Checklist","","Not Acknowledged","14","699f16dfe95f51bc9af5f402","2026-02-25T15:35:59.599000","2026-02-25T15:35:59.599000","service_bdf5b7dc-5664-42ca-ab1f-67b3db250555","service+bdf5b7dc-5664-42ca-ab1f-67b3db250555@no-reply.base44.com","false"
"","","","","Remaining Balance and Headcount DUE","Admin","","","699f16dc09dc28e3272112dc","false","","","Checklist","","Not Acknowledged","13","699f16dfbe6342e3ceb5b0e1","2026-02-25T15:35:59.432000","2026-02-25T15:35:59.432000","service_bdf5b7dc-5664-42ca-ab1f-67b3db250555","service+bdf5b7dc-5664-42ca-ab1f-67b3db250555@no-reply.base44.com","false"
"","","","","Remaining Balance Invoice Number","Admin","","","699f16dc09dc28e3272112dc","false","","","Checklist","","Not Acknowledged","12","699f16dfb5e70b065b23ba22","2026-02-25T15:35:59.307000","2026-02-25T15:35:59.307000","service_bdf5b7dc-5664-42ca-ab1f-67b3db250555","service+bdf5b7dc-5664-42ca-ab1f-67b3db250555@no-reply.base44.com","false"
"","","","","Did we send an event flow reminder email?","Admin","","","699f16dc09dc28e3272112dc","false","","","Checklist","","Not Acknowledged","11","699f16dfb2cdf8a2017a8798","2026-02-25T15:35:59.179000","2026-02-25T15:35:59.179000","service_bdf5b7dc-5664-42ca-ab1f-67b3db250555","service+bdf5b7dc-5664-42ca-ab1f-67b3db250555@no-reply.base44.com","false"
"","","","","Final HC","Admin","","","699f16dc09dc28e3272112dc","false","","","Checklist","","Not Acknowledged","10","699f16de61476f86623d462f","2026-02-25T15:35:58.998000","2026-02-25T15:35:58.998000","service_bdf5b7dc-5664-42ca-ab1f-67b3db250555","service+bdf5b7dc-5664-42ca-ab1f-67b3db250555@no-reply.base44.com","false"
"","","","","BEO?","Admin","","","699f16dc09dc28e3272112dc","false","","","Checklist","","Not Acknowledged","9","699f16de01c6a6baef5ae778","2026-02-25T15:35:58.864000","2026-02-25T15:35:58.864000","service_bdf5b7dc-5664-42ca-ab1f-67b3db250555","service+bdf5b7dc-5664-42ca-ab1f-67b3db250555@no-reply.base44.com","false"
"","","","","If Yes, How many drink tickets / beverages per person?","Admin","","","699f16dc09dc28e3272112dc","false","","","Checklist","","Not Acknowledged","8","699f16de1a391540cf1ea7fd","2026-02-25T15:35:58.719000","2026-02-25T15:35:58.719000","service_bdf5b7dc-5664-42ca-ab1f-67b3db250555","service+bdf5b7dc-5664-42ca-ab1f-67b3db250555@no-reply.base44.com","false"
"","","","","Interest in consumption on-site Y or N (Includes: drink tickets)","Admin","","","699f16dc09dc28e3272112dc","false","","","Checklist","","Not Acknowledged","7","699f16de949c0669f8c26d7d","2026-02-25T15:35:58.493000","2026-02-25T15:35:58.493000","service_bdf5b7dc-5664-42ca-ab1f-67b3db250555","service+bdf5b7dc-5664-42ca-ab1f-67b3db250555@no-reply.base44.com","false"
"","","","","Did we send it to supplier?","Admin","","","699f16dc09dc28e3272112dc","false","","","Checklist","","Not Acknowledged","6","699f16de6e0fba8afba93cf4","2026-02-25T15:35:58.249000","2026-02-25T15:35:58.249000","service_bdf5b7dc-5664-42ca-ab1f-67b3db250555","service+bdf5b7dc-5664-42ca-ab1f-67b3db250555@no-reply.base44.com","false"
"","","","","Add Ons: Logo'd aprons, glassware and Cheese board","Admin","","","699f16dc09dc28e3272112dc","false","","","Checklist","","Not Acknowledged","5","699f16dee3a9352081d3cd4f","2026-02-25T15:35:58.033000","2026-02-25T15:35:58.033000","service_bdf5b7dc-5664-42ca-ab1f-67b3db250555","service+bdf5b7dc-5664-42ca-ab1f-67b3db250555@no-reply.base44.com","false"
"","","","","Participation List - Link","Admin","","","699f16dc09dc28e3272112dc","false","","","Checklist","","Not Acknowledged","4","699f16dddd1c02f7f5d9ef67","2026-02-25T15:35:57.842000","2026-02-25T15:35:57.842000","service_bdf5b7dc-5664-42ca-ab1f-67b3db250555","service+bdf5b7dc-5664-42ca-ab1f-67b3db250555@no-reply.base44.com","false"
"","","","","Workflow document","Admin","","","699f16dc09dc28e3272112dc","false","","","Checklist","","Not Acknowledged","3","699f16dd9e5576a0f015f15a","2026-02-25T15:35:57.715000","2026-02-25T15:35:57.715000","service_bdf5b7dc-5664-42ca-ab1f-67b3db250555","service+bdf5b7dc-5664-42ca-ab1f-67b3db250555@no-reply.base44.com","false"
"","","","","Is it documented in Fareharbor?","Admin","","","699f16dc09dc28e3272112dc","false","","","Checklist","","Not Acknowledged","2","699f16ddf4d33521b9d28d42","2026-02-25T15:35:57.550000","2026-02-25T15:35:57.550000","service_bdf5b7dc-5664-42ca-ab1f-67b3db250555","service+bdf5b7dc-5664-42ca-ab1f-67b3db250555@no-reply.base44.com","false"
"","","","","Did we update in Sales Alert of Slack?","Admin","","","699f16dc09dc28e3272112dc","false","","","Checklist","","Not Acknowledged","1","699f16dd277710f10fa4762a","2026-02-25T15:35:57.149000","2026-02-25T15:35:57.149000","service_bdf5b7dc-5664-42ca-ab1f-67b3db250555","service+bdf5b7dc-5664-42ca-ab1f-67b3db250555@no-reply.base44.com","false"